symbol,direction,scenario_id,scenario_name,entry_price,stop_loss,take_profit,issued_at_tehran,status,outcome,hit_time_tehran,hit_price,broker_fee,final_pnl_usd,position_size_usd,return_pct,signal_source,signal_id,telegram_message_id,initial_sl,trail_activate,trail_lock,sl_pct,leverage,margin_usd,position_usd,max_hold_candles
BTC-USDT,SHORT,S3,کرونوس (Cronus),78948.60000000,82106.54400000,0.00000000,2026-09-08 07:14:32,CLOSED,TRAIL_STOP,2026-09-09 12:14:46,78721.89000000,0.200000,0.087162,10.00,0.287162,"[FAIL] Candle Strength 15m: BS15=0.825 [too high - likely end of move];[FAIL] Candle Strength 5m: BS5=0.177 [>= 0.6];[PASS] EMA Trend 1h: EMA21=79264.80, EMA50=79467.24;[FAIL] EMA Trend 4h: EMA21=79459.76, EMA50=79058.31, EMA200=73058.35;[PASS] RSI 30m: RSI=43.15;[PASS] MACD 30m: MACD_hist=-14.8862;[FAIL] Smart Pullback: price=78948.6000 EMA=79142.1979 RSI=43.1 BS=0.825;[PASS] ADX: ADX=23.48 [>22], DI+=15.71, DI-=33.80;[FAIL] CCI Momentum: CCI=-141.05;[FAIL] SAR: SAR=78744.2120, price=78948.6000;[FAIL] Stochastic: K=27.97 D=27.97;[PASS] EMA Rejection: Rejected;[PASS] Resistance Test: Tested;[PASS] Pullback: Detected;[PASS] Double Top/Bottom: Pattern=double_top;[FAIL] Range Filter: EMA diff=0.0020 [>0.005];[PASS] Combined Range Filter: diff=0.0020, ADX=23.48, mode=AND",,,,,,,,,,
BTC-USDT,SHORT,B2,اطلس (Atlas),78948.60000000,82106.54400000,0.00000000,2026-09-08 07:14:33,CLOSED,TRAIL_STOP,2026-09-09 12:14:46,78721.89000000,0.200000,0.087162,10.00,0.287162,"[FAIL] Candle Strength 15m: BS15=0.825 [too high - likely end of move];[FAIL] Candle Strength 5m: BS5=0.177 [>= 0.48];[PASS] EMA Trend 1h: EMA21=79264.80, EMA50=79467.24;[FAIL] EMA Trend 4h: EMA21=79459.76, EMA50=79058.31, EMA200=73058.35;[PASS] RSI 30m: RSI=43.15;[PASS] MACD 30m: MACD_hist=-14.8862;[FAIL] Smart Pullback: price=78948.6000 EMA=79142.1979 RSI=43.1 BS=0.825;[PASS] ADX: ADX=23.48 [>22], DI+=15.71, DI-=33.80;[FAIL] CCI Momentum: CCI=-141.05;[FAIL] SAR: SAR=78744.2120, price=78948.6000;[FAIL] Stochastic: K=27.97 D=27.97;[PASS] EMA Rejection: Rejected;[PASS] Resistance Test: Tested;[PASS] Pullback: Detected;[PASS] Double Top/Bottom: Pattern=double_top;[FAIL] Range Filter: EMA diff=0.0020 [>0.005];[FAIL] Combined Range Filter: diff=0.0020, ADX=23.48, mode=OR",,,,,,,,,,
ETH-USDT,SHORT,S3,کرونوس (Cronus),2486.60000000,2586.06400000,0.00000000,2026-09-08 07:14:34,CLOSED,TRAIL_STOP,2026-09-09 12:14:46,2479.77800000,0.200000,0.074351,10.00,0.274351,"[PASS] Candle Strength 15m: BS15=0.768 [>= 0.6];[FAIL] Candle Strength 5m: BS5=0.234 [>= 0.6];[FAIL] EMA Trend 1h: EMA21=2492.04, EMA50=2490.47;[FAIL] EMA Trend 4h: EMA21=2483.11, EMA50=2465.98, EMA200=2243.29;[PASS] RSI 30m: RSI=47.19;[PASS] MACD 30m: MACD_hist=-0.4661;[FAIL] Smart Pullback: price=2486.6000 EMA=2490.4183 RSI=47.2 BS=0.768;[FAIL] ADX: ADX=11.85 [>22], DI+=19.53, DI-=27.88;[PASS] CCI Momentum: CCI=-92.14;[FAIL] SAR: SAR=2478.6196, price=2486.6000;[FAIL] Stochastic: K=33.88 D=33.88;[PASS] EMA Rejection: Rejected;[PASS] Resistance Test: Tested;[PASS] Pullback: Detected;[PASS] Double Top/Bottom: Pattern=double_top;[FAIL] Range Filter: EMA diff=0.0005 [>0.005];[FAIL] Combined Range Filter: diff=0.0005, ADX=11.85, mode=AND",,,,,,,,,,
SOL-USDT,SHORT,S3,کرونوس (Cronus),103.33000000,107.46320000,0.00000000,2026-09-08 07:14:36,CLOSED,TRAIL_STOP,2026-09-09 12:14:47,103.04200000,0.200000,0.078719,10.00,0.278719,"[PASS] Candle Strength 15m: BS15=0.786 [>= 0.6];[FAIL] Candle Strength 5m: BS5=0.312 [>= 0.6];[PASS] EMA Trend 1h: EMA21=104.21, EMA50=104.43;[FAIL] EMA Trend 4h: EMA21=104.03, EMA50=102.97, EMA200=91.55;[PASS] RSI 30m: RSI=42.04;[PASS] MACD 30m: MACD_hist=-0.0334;[FAIL] Smart Pullback: price=103.3300 EMA=103.8601 RSI=42.0 BS=0.786;[FAIL] ADX: ADX=21.87 [>22], DI+=15.54, DI-=33.02;[FAIL] CCI Momentum: CCI=-161.63;[FAIL] SAR: SAR=102.7640, price=103.3300;[FAIL] Stochastic: K=33.14 D=33.14;[PASS] EMA Rejection: Rejected;[PASS] Resistance Test: Tested;[PASS] Pullback: Detected;[PASS] Double Top/Bottom: Pattern=double_top;[FAIL] Range Filter: EMA diff=0.0043 [>0.005];[PASS] Combined Range Filter: diff=0.0043, ADX=21.87, mode=AND",,,,,,,,,,
XAUT-USDT,LONG,S1,پرومتئوس (Prometheus),4427.58000000,4250.47680000,0.00000000,2026-09-08 07:14:38,CLOSED,MAX_HOLD,2026-09-09 19:15:46,4401.12000000,0.200000,-0.797618,10.00,-0.597618,"[FAIL] Candle Strength 15m: BS15=0.335 [>= 0.6];[FAIL] Candle Strength 5m: BS5=0.000 [>= 0.6];[FAIL] EMA Trend 1h: EMA21=4413.43, EMA50=4413.83;[FAIL] EMA Trend 4h: EMA21=4417.34, EMA50=4430.99, EMA200=4367.67;[PASS] RSI 30m: RSI=61.07;[PASS] MACD 30m: MACD_hist=1.1977;[FAIL] Smart Pullback: price=4427.5800 EMA=4417.5152 RSI=61.1 BS=0.335;[PASS] ADX: ADX=25.24 [>22], DI+=38.86, DI-=18.12;[FAIL] CCI Momentum: CCI=109.73;[PASS] SAR: SAR=4421.0336, price=4427.5800;[FAIL] Stochastic: K=74.67 D=74.67;[FAIL] EMA Rejection: No rejection;[PASS] Resistance Test: Tested;[PASS] Pullback: Detected;[PASS] Double Top/Bottom: Pattern=double_top;[FAIL] Range Filter: EMA diff=0.0011 [>0.005];[PASS] Combined Range Filter: diff=0.0011, ADX=25.24, mode=AND",,,,,,,,,,
XAUT-USDT,LONG,S3,کرونوس (Cronus),4427.58000000,4250.47680000,0.00000000,2026-09-08 07:14:40,CLOSED,MAX_HOLD,2026-09-09 19:15:46,4401.12000000,0.200000,-0.797618,10.00,-0.597618,"[FAIL] Candle Strength 15m: BS15=0.335 [>= 0.6];[FAIL] Candle Strength 5m: BS5=0.000 [>= 0.6];[FAIL] EMA Trend 1h: EMA21=4413.43, EMA50=4413.83;[FAIL] EMA Trend 4h: EMA21=4417.34, EMA50=4430.99, EMA200=4367.67;[PASS] RSI 30m: RSI=61.07;[PASS] MACD 30m: MACD_hist=1.1977;[FAIL] Smart Pullback: price=4427.5800 EMA=4417.5152 RSI=61.1 BS=0.335;[PASS] ADX: ADX=25.24 [>22], DI+=38.86, DI-=18.12;[FAIL] CCI Momentum: CCI=109.73;[PASS] SAR: SAR=4421.0336, price=4427.5800;[FAIL] Stochastic: K=74.67 D=74.67;[FAIL] EMA Rejection: No rejection;[PASS] Resistance Test: Tested;[PASS] Pullback: Detected;[PASS] Double Top/Bottom: Pattern=double_top;[FAIL] Range Filter: EMA diff=0.0011 [>0.005];[PASS] Combined Range Filter: diff=0.0011, ADX=25.24, mode=AND",,,,,,,,,,
XAUT-USDT,LONG,B1,هایپریون (Hyperion),4427.58000000,4250.47680000,0.00000000,2026-09-08 07:14:41,CLOSED,MAX_HOLD,2026-09-09 19:15:47,4401.12000000,0.200000,-0.797618,10.00,-0.597618,"[FAIL] Candle Strength 15m: BS15=0.335 [>= 0.6];[FAIL] Candle Strength 5m: BS5=0.000 [>= 0.6];[FAIL] EMA Trend 1h: EMA21=4413.43, EMA50=4413.83;[FAIL] EMA Trend 4h: EMA21=4417.34, EMA50=4430.99, EMA200=4367.67;[PASS] RSI 30m: RSI=61.07;[PASS] MACD 30m: MACD_hist=1.1977;[FAIL] Smart Pullback: price=4427.5800 EMA=4417.5152 RSI=61.1 BS=0.335;[PASS] ADX: ADX=25.24 [>22], DI+=38.86, DI-=18.12;[FAIL] CCI Momentum: CCI=109.73;[PASS] SAR: SAR=4421.0336, price=4427.5800;[FAIL] Stochastic: K=74.67 D=74.67;[FAIL] EMA Rejection: No rejection;[PASS] Resistance Test: Tested;[PASS] Pullback: Detected;[PASS] Double Top/Bottom: Pattern=double_top;[FAIL] Range Filter: EMA diff=0.0011 [>0.005];[FAIL] Combined Range Filter: diff=0.0011, ADX=25.24, mode=OR",,,,,,,,,,
LTC-USDT,LONG,S3,کرونوس (Cronus),55.30000000,53.08800000,0.00000000,2026-09-08 07:14:42,CLOSED,TRAIL_STOP,2026-09-09 12:14:48,55.57000000,0.200000,0.288246,10.00,0.488246,"[FAIL] Candle Strength 15m: BS15=0.450 [>= 0.6];[PASS] Candle Strength 5m: BS5=0.625 [>= 0.6];[PASS] EMA Trend 1h: EMA21=55.44, EMA50=54.90;[PASS] EMA Trend 4h: EMA21=54.04, EMA50=52.40, EMA200=48.90;[FAIL] RSI 30m: RSI=46.62;[FAIL] MACD 30m: MACD_hist=-0.0154;[PASS] Smart Pullback: price=55.3000 EMA=55.4951 RSI=46.6 BS=0.450;[FAIL] ADX: ADX=12.25 [>22], DI+=25.14, DI-=22.36;[FAIL] CCI Momentum: CCI=-22.77;[PASS] SAR: SAR=55.1356, price=55.3000;[FAIL] Stochastic: K=20.34 D=20.34;[PASS] EMA Rejection: Rejected;[FAIL] Resistance Test: No test;[PASS] Pullback: Detected;[PASS] Double Top/Bottom: Pattern=double_top;[FAIL] Range Filter: EMA diff=0.0019 [>0.005];[FAIL] Combined Range Filter: diff=0.0019, ADX=12.25, mode=AND",,,,,,,,,,
LTC-USDT,LONG,B1,هایپریون (Hyperion),55.30000000,53.08800000,0.00000000,2026-09-08 07:14:44,CLOSED,TRAIL_STOP,2026-09-09 12:14:49,55.57000000,0.200000,0.288246,10.00,0.488246,"[FAIL] Candle Strength 15m: BS15=0.450 [>= 0.6];[PASS] Candle Strength 5m: BS5=0.625 [>= 0.6];[PASS] EMA Trend 1h: EMA21=55.44, EMA50=54.90;[PASS] EMA Trend 4h: EMA21=54.04, EMA50=52.40, EMA200=48.90;[FAIL] RSI 30m: RSI=46.62;[FAIL] MACD 30m: MACD_hist=-0.0154;[PASS] Smart Pullback: price=55.3000 EMA=55.4951 RSI=46.6 BS=0.450;[FAIL] ADX: ADX=12.25 [>22], DI+=25.14, DI-=22.36;[FAIL] CCI Momentum: CCI=-22.77;[PASS] SAR: SAR=55.1356, price=55.3000;[FAIL] Stochastic: K=20.34 D=20.34;[PASS] EMA Rejection: Rejected;[FAIL] Resistance Test: No test;[PASS] Pullback: Detected;[PASS] Double Top/Bottom: Pattern=double_top;[FAIL] Range Filter: EMA diff=0.0019 [>0.005];[FAIL] Combined Range Filter: diff=0.0019, ADX=12.25, mode=OR",,,,,,,,,,
DOGE-USDT,LONG,S3,کرونوس (Cronus),0.09012000,0.08651520,0.00000000,2026-09-08 07:14:45,CLOSED,TRAIL_STOP,2026-09-09 12:14:49,0.09070500,0.200000,0.449134,10.00,0.649134,"[PASS] Candle Strength 15m: BS15=0.750 [>= 0.6];[FAIL] Candle Strength 5m: BS5=0.176 [>= 0.6];[PASS] EMA Trend 1h: EMA21=0.09, EMA50=0.09;[PASS] EMA Trend 4h: EMA21=0.09, EMA50=0.09, EMA200=0.08;[FAIL] RSI 30m: RSI=47.08;[FAIL] MACD 30m: MACD_hist=-0.0001;[PASS] Smart Pullback: price=0.0901 EMA=0.0904 RSI=47.1 BS=0.750;[FAIL] ADX: ADX=13.67 [>22], DI+=20.37, DI-=24.43;[FAIL] CCI Momentum: CCI=-75.79;[PASS] SAR: SAR=0.0896, price=0.0901;[FAIL] Stochastic: K=25.71 D=25.71;[PASS] EMA Rejection: Rejected;[PASS] Resistance Test: Tested;[PASS] Pullback: Detected;[PASS] Double Top/Bottom: Pattern=double_top;[FAIL] Range Filter: EMA diff=0.0020 [>0.005];[FAIL] Combined Range Filter: diff=0.0020, ADX=13.67, mode=AND",,,,,,,,,,
DOGE-USDT,LONG,B1,هایپریون (Hyperion),0.09012000,0.08651520,0.00000000,2026-09-08 07:14:46,CLOSED,TRAIL_STOP,2026-09-09 12:14:49,0.09070500,0.200000,0.449134,10.00,0.649134,"[PASS] Candle Strength 15m: BS15=0.750 [>= 0.6];[FAIL] Candle Strength 5m: BS5=0.176 [>= 0.6];[PASS] EMA Trend 1h: EMA21=0.09, EMA50=0.09;[PASS] EMA Trend 4h: EMA21=0.09, EMA50=0.09, EMA200=0.08;[FAIL] RSI 30m: RSI=47.08;[FAIL] MACD 30m: MACD_hist=-0.0001;[PASS] Smart Pullback: price=0.0901 EMA=0.0904 RSI=47.1 BS=0.750;[FAIL] ADX: ADX=13.67 [>22], DI+=20.37, DI-=24.43;[FAIL] CCI Momentum: CCI=-75.79;[PASS] SAR: SAR=0.0896, price=0.0901;[FAIL] Stochastic: K=25.71 D=25.71;[PASS] EMA Rejection: Rejected;[PASS] Resistance Test: Tested;[PASS] Pullback: Detected;[PASS] Double Top/Bottom: Pattern=double_top;[FAIL] Range Filter: EMA diff=0.0020 [>0.005];[FAIL] Combined Range Filter: diff=0.0020, ADX=13.67, mode=OR",,,,,,,,,,
SUI-USDT,LONG,S3,کرونوس (Cronus),0.82710000,0.79401600,0.00000000,2026-09-08 07:14:49,CLOSED,TRAIL_STOP,2026-09-09 12:14:50,0.83070000,0.200000,0.235256,10.00,0.435256,"[FAIL] Candle Strength 15m: BS15=0.300 [>= 0.6];[FAIL] Candle Strength 5m: BS5=0.000 [>= 0.6];[PASS] EMA Trend 1h: EMA21=0.82, EMA50=0.81;[PASS] EMA Trend 4h: EMA21=0.80, EMA50=0.78, EMA200=0.74;[PASS] RSI 30m: RSI=53.82;[FAIL] MACD 30m: MACD_hist=-0.0002;[FAIL] Smart Pullback: price=0.8271 EMA=0.8233 RSI=53.8 BS=0.300;[FAIL] ADX: ADX=12.36 [>22], DI+=21.47, DI-=18.93;[PASS] CCI Momentum: CCI=49.63;[PASS] SAR: SAR=0.8176, price=0.8271;[FAIL] Stochastic: K=69.23 D=69.23;[PASS] EMA Rejection: Rejected;[PASS] Resistance Test: Tested;[PASS] Pullback: Detected;[PASS] Double Top/Bottom: Pattern=double_bottom;[PASS] Range Filter: EMA diff=0.0066 [>0.005];[PASS] Combined Range Filter: diff=0.0066, ADX=12.36, mode=AND",,,,,,,,,,
SUI-USDT,LONG,B1,هایپریون (Hyperion),0.82710000,0.79401600,0.00000000,2026-09-08 07:14:51,CLOSED,TRAIL_STOP,2026-09-09 12:14:50,0.83070000,0.200000,0.235256,10.00,0.435256,"[FAIL] Candle Strength 15m: BS15=0.300 [>= 0.6];[FAIL] Candle Strength 5m: BS5=0.000 [>= 0.6];[PASS] EMA Trend 1h: EMA21=0.82, EMA50=0.81;[PASS] EMA Trend 4h: EMA21=0.80, EMA50=0.78, EMA200=0.74;[PASS] RSI 30m: RSI=53.82;[FAIL] MACD 30m: MACD_hist=-0.0002;[FAIL] Smart Pullback: price=0.8271 EMA=0.8233 RSI=53.8 BS=0.300;[FAIL] ADX: ADX=12.36 [>22], DI+=21.47, DI-=18.93;[PASS] CCI Momentum: CCI=49.63;[PASS] SAR: SAR=0.8176, price=0.8271;[FAIL] Stochastic: K=69.23 D=69.23;[PASS] EMA Rejection: Rejected;[PASS] Resistance Test: Tested;[PASS] Pullback: Detected;[PASS] Double Top/Bottom: Pattern=double_bottom;[PASS] Range Filter: EMA diff=0.0066 [>0.005];[FAIL] Combined Range Filter: diff=0.0066, ADX=12.36, mode=OR",,,,,,,,,,
DOT-USDT,LONG,S3,کرونوس (Cronus),1.08650000,1.04304000,0.00000000,2026-09-08 07:14:52,CLOSED,TRAIL_STOP,2026-09-09 12:14:51,1.09532000,0.200000,0.611781,10.00,0.811781,"[FAIL] Candle Strength 15m: BS15=0.994 [too high - likely end of move];[FAIL] Candle Strength 5m: BS5=0.912 [too high];[PASS] EMA Trend 1h: EMA21=1.05, EMA50=1.01;[PASS] EMA Trend 4h: EMA21=0.98, EMA50=0.93, EMA200=0.86;[PASS] RSI 30m: RSI=62.95;[FAIL] MACD 30m: MACD_hist=-0.0010;[FAIL] Smart Pullback: price=1.0865 EMA=1.0630 RSI=63.0 BS=0.994;[PASS] ADX: ADX=22.35 [>22], DI+=27.41, DI-=16.86;[PASS] CCI Momentum: CCI=95.97;[PASS] SAR: SAR=1.0628, price=1.0865;[FAIL] Stochastic: K=99.79 D=99.79;[PASS] EMA Rejection: Rejected;[FAIL] Resistance Test: No test;[PASS] Pullback: Detected;[FAIL] Double Top/Bottom: No pattern;[PASS] Range Filter: EMA diff=0.0211 [>0.005];[PASS] Combined Range Filter: diff=0.0211, ADX=22.35, mode=AND",,,,,,,,,,
DOT-USDT,LONG,B1,هایپریون (Hyperion),1.08650000,1.04304000,0.00000000,2026-09-08 07:14:54,CLOSED,TRAIL_STOP,2026-09-09 12:14:51,1.09532000,0.200000,0.611781,10.00,0.811781,"[FAIL] Candle Strength 15m: BS15=0.994 [too high - likely end of move];[FAIL] Candle Strength 5m: BS5=0.912 [too high];[PASS] EMA Trend 1h: EMA21=1.05, EMA50=1.01;[PASS] EMA Trend 4h: EMA21=0.98, EMA50=0.93, EMA200=0.86;[PASS] RSI 30m: RSI=62.95;[FAIL] MACD 30m: MACD_hist=-0.0010;[FAIL] Smart Pullback: price=1.0865 EMA=1.0630 RSI=63.0 BS=0.994;[PASS] ADX: ADX=22.35 [>22], DI+=27.41, DI-=16.86;[PASS] CCI Momentum: CCI=95.97;[PASS] SAR: SAR=1.0628, price=1.0865;[FAIL] Stochastic: K=99.79 D=99.79;[PASS] EMA Rejection: Rejected;[FAIL] Resistance Test: No test;[PASS] Pullback: Detected;[FAIL] Double Top/Bottom: No pattern;[PASS] Range Filter: EMA diff=0.0211 [>0.005];[PASS] Combined Range Filter: diff=0.0211, ADX=22.35, mode=OR",,,,,,,,,,
LINK-USDT,SHORT,S2,ایاپتوس (Iapetus),12.63970000,13.14528800,0.00000000,2026-09-08 07:14:56,CLOSED,TRAIL_STOP,2026-09-09 12:14:52,12.58273000,0.200000,0.250723,10.00,0.450723,"[FAIL] Candle Strength 15m: BS15=0.883 [too high - likely end of move];[FAIL] Candle Strength 5m: BS5=0.250 [>= 0.6];[FAIL] EMA Trend 1h: EMA21=12.84, EMA50=12.70;[FAIL] EMA Trend 4h: EMA21=12.46, EMA50=12.02, EMA200=10.54;[PASS] RSI 30m: RSI=37.38;[PASS] MACD 30m: MACD_hist=-0.0031;[FAIL] Smart Pullback: price=12.6397 EMA=12.7690 RSI=37.4 BS=0.883;[PASS] ADX: ADX=32.90 [>22], DI+=11.94, DI-=34.69;[FAIL] CCI Momentum: CCI=-188.94;[FAIL] SAR: SAR=12.5668, price=12.6397;[FAIL] Stochastic: K=30.29 D=30.29;[PASS] EMA Rejection: Rejected;[FAIL] Resistance Test: No test;[PASS] Pullback: Detected;[PASS] Double Top/Bottom: Pattern=double_top;[PASS] Range Filter: EMA diff=0.0051 [>0.005];[PASS] Combined Range Filter: diff=0.0051, ADX=32.90, mode=AND",,,,,,,,,,
LINK-USDT,SHORT,S3,کرونوس (Cronus),12.63970000,13.14528800,0.00000000,2026-09-08 07:14:57,CLOSED,TRAIL_STOP,2026-09-09 12:14:52,12.58273000,0.200000,0.250723,10.00,0.450723,"[FAIL] Candle Strength 15m: BS15=0.883 [too high - likely end of move];[FAIL] Candle Strength 5m: BS5=0.250 [>= 0.6];[FAIL] EMA Trend 1h: EMA21=12.84, EMA50=12.70;[FAIL] EMA Trend 4h: EMA21=12.46, EMA50=12.02, EMA200=10.54;[PASS] RSI 30m: RSI=37.38;[PASS] MACD 30m: MACD_hist=-0.0031;[FAIL] Smart Pullback: price=12.6397 EMA=12.7690 RSI=37.4 BS=0.883;[PASS] ADX: ADX=32.90 [>22], DI+=11.94, DI-=34.69;[FAIL] CCI Momentum: CCI=-188.94;[FAIL] SAR: SAR=12.5668, price=12.6397;[FAIL] Stochastic: K=30.29 D=30.29;[PASS] EMA Rejection: Rejected;[FAIL] Resistance Test: No test;[PASS] Pullback: Detected;[PASS] Double Top/Bottom: Pattern=double_top;[PASS] Range Filter: EMA diff=0.0051 [>0.005];[PASS] Combined Range Filter: diff=0.0051, ADX=32.90, mode=AND",,,,,,,,,,
LINK-USDT,SHORT,B2,اطلس (Atlas),12.63970000,13.14528800,0.00000000,2026-09-08 07:14:59,CLOSED,TRAIL_STOP,2026-09-09 12:14:53,12.58273000,0.200000,0.250723,10.00,0.450723,"[FAIL] Candle Strength 15m: BS15=0.883 [too high - likely end of move];[FAIL] Candle Strength 5m: BS5=0.250 [>= 0.48];[FAIL] EMA Trend 1h: EMA21=12.84, EMA50=12.70;[FAIL] EMA Trend 4h: EMA21=12.46, EMA50=12.02, EMA200=10.54;[PASS] RSI 30m: RSI=37.38;[PASS] MACD 30m: MACD_hist=-0.0031;[FAIL] Smart Pullback: price=12.6397 EMA=12.7690 RSI=37.4 BS=0.883;[PASS] ADX: ADX=32.90 [>22], DI+=11.94, DI-=34.69;[FAIL] CCI Momentum: CCI=-188.94;[FAIL] SAR: SAR=12.5668, price=12.6397;[FAIL] Stochastic: K=30.29 D=30.29;[PASS] EMA Rejection: Rejected;[FAIL] Resistance Test: No test;[PASS] Pullback: Detected;[PASS] Double Top/Bottom: Pattern=double_top;[PASS] Range Filter: EMA diff=0.0051 [>0.005];[PASS] Combined Range Filter: diff=0.0051, ADX=32.90, mode=OR",,,,,,,,,,
AVAX-USDT,LONG,S3,کرونوس (Cronus),8.06500000,7.74240000,0.00000000,2026-09-08 07:15:00,CLOSED,TRAIL_STOP,2026-09-09 12:14:53,8.11180000,0.200000,0.380285,10.00,0.580285,"[PASS] Candle Strength 15m: BS15=0.636 [>= 0.6];[FAIL] Candle Strength 5m: BS5=0.333 [>= 0.6];[PASS] EMA Trend 1h: EMA21=8.03, EMA50=7.89;[PASS] EMA Trend 4h: EMA21=7.77, EMA50=7.57, EMA200=7.09;[PASS] RSI 30m: RSI=50.50;[FAIL] MACD 30m: MACD_hist=-0.0134;[FAIL] Smart Pullback: price=8.0650 EMA=8.0725 RSI=50.5 BS=0.636;[PASS] ADX: ADX=22.27 [>22], DI+=25.39, DI-=22.08;[FAIL] CCI Momentum: CCI=-75.91;[PASS] SAR: SAR=8.0343, price=8.0650;[FAIL] Stochastic: K=24.07 D=24.07;[PASS] EMA Rejection: Rejected;[FAIL] Resistance Test: No test;[PASS] Pullback: Detected;[PASS] Double Top/Bottom: Pattern=double_bottom;[PASS] Range Filter: EMA diff=0.0088 [>0.005];[PASS] Combined Range Filter: diff=0.0088, ADX=22.27, mode=AND",,,,,,,,,,
AVAX-USDT,LONG,B1,هایپریون (Hyperion),8.06500000,7.74240000,0.00000000,2026-09-08 07:15:02,CLOSED,TRAIL_STOP,2026-09-09 12:14:54,8.11180000,0.200000,0.380285,10.00,0.580285,"[PASS] Candle Strength 15m: BS15=0.636 [>= 0.6];[FAIL] Candle Strength 5m: BS5=0.333 [>= 0.6];[PASS] EMA Trend 1h: EMA21=8.03, EMA50=7.89;[PASS] EMA Trend 4h: EMA21=7.77, EMA50=7.57, EMA200=7.09;[PASS] RSI 30m: RSI=50.50;[FAIL] MACD 30m: MACD_hist=-0.0134;[FAIL] Smart Pullback: price=8.0650 EMA=8.0725 RSI=50.5 BS=0.636;[PASS] ADX: ADX=22.27 [>22], DI+=25.39, DI-=22.08;[FAIL] CCI Momentum: CCI=-75.91;[PASS] SAR: SAR=8.0343, price=8.0650;[FAIL] Stochastic: K=24.07 D=24.07;[PASS] EMA Rejection: Rejected;[FAIL] Resistance Test: No test;[PASS] Pullback: Detected;[PASS] Double Top/Bottom: Pattern=double_bottom;[PASS] Range Filter: EMA diff=0.0088 [>0.005];[PASS] Combined Range Filter: diff=0.0088, ADX=22.27, mode=OR",,,,,,,,,,
ATOM-USDT,LONG,S3,کرونوس (Cronus),1.62680000,1.56172800,0.00000000,2026-09-08 07:15:03,CLOSED,TRAIL_STOP,2026-09-09 12:14:54,1.64399000,0.200000,0.856676,10.00,1.056676,"[FAIL] Candle Strength 15m: BS15=0.000 [>= 0.6];[FAIL] Candle Strength 5m: BS5=0.000 [>= 0.6];[PASS] EMA Trend 1h: EMA21=1.63, EMA50=1.61;[PASS] EMA Trend 4h: EMA21=1.59, EMA50=1.55, EMA200=1.47;[FAIL] RSI 30m: RSI=44.63;[FAIL] MACD 30m: MACD_hist=-0.0020;[FAIL] Smart Pullback: price=1.6268 EMA=1.6366 RSI=44.6 BS=0.000;[FAIL] ADX: ADX=18.76 [>22], DI+=21.21, DI-=30.04;[FAIL] CCI Momentum: CCI=-78.66;[PASS] SAR: SAR=1.6255, price=1.6268;[FAIL] Stochastic: K=37.48 D=37.48;[PASS] EMA Rejection: Rejected;[PASS] Resistance Test: Tested;[PASS] Pullback: Detected;[PASS] Double Top/Bottom: Pattern=double_top;[FAIL] Range Filter: EMA diff=0.0044 [>0.005];[PASS] Combined Range Filter: diff=0.0044, ADX=18.76, mode=AND",,,,,,,,,,
FIL-USDT,LONG,S3,کرونوس (Cronus),0.85530000,0.82108800,0.00000000,2026-09-08 07:15:20,CLOSED,TRAIL_STOP,2026-09-09 12:14:55,0.86331000,0.200000,0.736514,10.00,0.936514,"[FAIL] Candle Strength 15m: BS15=0.884 [too high - likely end of move];[PASS] Candle Strength 5m: BS5=0.714 [>= 0.6];[PASS] EMA Trend 1h: EMA21=0.84, EMA50=0.82;[PASS] EMA Trend 4h: EMA21=0.81, EMA50=0.78, EMA200=0.73;[PASS] RSI 30m: RSI=60.72;[FAIL] MACD 30m: MACD_hist=0.0009;[FAIL] Smart Pullback: price=0.8553 EMA=0.8425 RSI=60.7 BS=0.884;[FAIL] ADX: ADX=16.93 [>22], DI+=29.86, DI-=18.25;[FAIL] CCI Momentum: CCI=151.75;[PASS] SAR: SAR=0.8424, price=0.8553;[FAIL] Stochastic: K=95.95 D=95.95;[PASS] EMA Rejection: Rejected;[FAIL] Resistance Test: No test;[PASS] Pullback: Detected;[FAIL] Double Top/Bottom: No pattern;[PASS] Range Filter: EMA diff=0.0094 [>0.005];[PASS] Combined Range Filter: diff=0.0094, ADX=16.93, mode=AND",,,,,,,,,,
FIL-USDT,LONG,B1,هایپریون (Hyperion),0.85530000,0.82108800,0.00000000,2026-09-08 07:15:34,CLOSED,TRAIL_STOP,2026-09-09 12:14:55,0.86331000,0.200000,0.736514,10.00,0.936514,"[FAIL] Candle Strength 15m: BS15=0.884 [too high - likely end of move];[PASS] Candle Strength 5m: BS5=0.714 [>= 0.6];[PASS] EMA Trend 1h: EMA21=0.84, EMA50=0.82;[PASS] EMA Trend 4h: EMA21=0.81, EMA50=0.78, EMA200=0.73;[PASS] RSI 30m: RSI=60.72;[FAIL] MACD 30m: MACD_hist=0.0009;[FAIL] Smart Pullback: price=0.8553 EMA=0.8425 RSI=60.7 BS=0.884;[FAIL] ADX: ADX=16.93 [>22], DI+=29.86, DI-=18.25;[FAIL] CCI Momentum: CCI=151.75;[PASS] SAR: SAR=0.8424, price=0.8553;[FAIL] Stochastic: K=95.95 D=95.95;[PASS] EMA Rejection: Rejected;[FAIL] Resistance Test: No test;[PASS] Pullback: Detected;[FAIL] Double Top/Bottom: No pattern;[PASS] Range Filter: EMA diff=0.0094 [>0.005];[FAIL] Combined Range Filter: diff=0.0094, ADX=16.93, mode=OR",,,,,,,,,,
INJ-USDT,LONG,S1,پرومتئوس (Prometheus),6.45400000,6.19584000,0.00000000,2026-09-08 07:15:36,CLOSED,TRAIL_STOP,2026-09-09 12:14:56,6.56110000,0.200000,1.459436,10.00,1.659436,"[FAIL] Candle Strength 15m: BS15=0.000 [>= 0.6];[FAIL] Candle Strength 5m: BS5=0.000 [>= 0.6];[PASS] EMA Trend 1h: EMA21=6.02, EMA50=5.65;[PASS] EMA Trend 4h: EMA21=5.47, EMA50=5.22, EMA200=4.94;[PASS] RSI 30m: RSI=64.71;[PASS] MACD 30m: MACD_hist=0.0100;[FAIL] Smart Pullback: price=6.4540 EMA=6.2362 RSI=64.7 BS=0.000;[PASS] ADX: ADX=46.15 [>22], DI+=37.25, DI-=13.08;[PASS] CCI Momentum: CCI=87.74;[PASS] SAR: SAR=6.4378, price=6.4540;[FAIL] Stochastic: K=61.97 D=61.97;[FAIL] EMA Rejection: No rejection;[FAIL] Resistance Test: No test;[PASS] Pullback: Detected;[FAIL] Double Top/Bottom: No pattern;[PASS] Range Filter: EMA diff=0.0454 [>0.005];[PASS] Combined Range Filter: diff=0.0454, ADX=46.15, mode=AND",,,,,,,,,,
INJ-USDT,LONG,S3,کرونوس (Cronus),6.45400000,6.19584000,0.00000000,2026-09-08 07:15:37,CLOSED,TRAIL_STOP,2026-09-09 12:14:56,6.56110000,0.200000,1.459436,10.00,1.659436,"[FAIL] Candle Strength 15m: BS15=0.000 [>= 0.6];[FAIL] Candle Strength 5m: BS5=0.000 [>= 0.6];[PASS] EMA Trend 1h: EMA21=6.02, EMA50=5.65;[PASS] EMA Trend 4h: EMA21=5.47, EMA50=5.22, EMA200=4.94;[PASS] RSI 30m: RSI=64.71;[PASS] MACD 30m: MACD_hist=0.0100;[FAIL] Smart Pullback: price=6.4540 EMA=6.2362 RSI=64.7 BS=0.000;[PASS] ADX: ADX=46.15 [>22], DI+=37.25, DI-=13.08;[PASS] CCI Momentum: CCI=87.74;[PASS] SAR: SAR=6.4378, price=6.4540;[FAIL] Stochastic: K=61.97 D=61.97;[FAIL] EMA Rejection: No rejection;[FAIL] Resistance Test: No test;[PASS] Pullback: Detected;[FAIL] Double Top/Bottom: No pattern;[PASS] Range Filter: EMA diff=0.0454 [>0.005];[PASS] Combined Range Filter: diff=0.0454, ADX=46.15, mode=AND",,,,,,,,,,
INJ-USDT,LONG,B1,هایپریون (Hyperion),6.45400000,6.19584000,0.00000000,2026-09-08 07:15:39,CLOSED,TRAIL_STOP,2026-09-09 12:14:56,6.56110000,0.200000,1.459436,10.00,1.659436,"[FAIL] Candle Strength 15m: BS15=0.000 [>= 0.6];[FAIL] Candle Strength 5m: BS5=0.000 [>= 0.6];[PASS] EMA Trend 1h: EMA21=6.02, EMA50=5.65;[PASS] EMA Trend 4h: EMA21=5.47, EMA50=5.22, EMA200=4.94;[PASS] RSI 30m: RSI=64.71;[PASS] MACD 30m: MACD_hist=0.0100;[FAIL] Smart Pullback: price=6.4540 EMA=6.2362 RSI=64.7 BS=0.000;[PASS] ADX: ADX=46.15 [>22], DI+=37.25, DI-=13.08;[PASS] CCI Momentum: CCI=87.74;[PASS] SAR: SAR=6.4378, price=6.4540;[FAIL] Stochastic: K=61.97 D=61.97;[FAIL] EMA Rejection: No rejection;[FAIL] Resistance Test: No test;[PASS] Pullback: Detected;[FAIL] Double Top/Bottom: No pattern;[PASS] Range Filter: EMA diff=0.0454 [>0.005];[PASS] Combined Range Filter: diff=0.0454, ADX=46.15, mode=OR",,,,,,,,,,
SEI-USDT,LONG,S3,کرونوس (Cronus),0.04943000,0.04745280,0.00000000,2026-09-08 07:15:40,CLOSED,TRAIL_STOP,2026-09-09 12:14:57,0.05006900,0.200000,1.092737,10.00,1.292737,"[FAIL] Candle Strength 15m: BS15=1.000 [too high - likely end of move];[FAIL] Candle Strength 5m: BS5=1.000 [too high];[PASS] EMA Trend 1h: EMA21=0.05, EMA50=0.05;[PASS] EMA Trend 4h: EMA21=0.05, EMA50=0.05, EMA200=0.04;[PASS] RSI 30m: RSI=53.38;[FAIL] MACD 30m: MACD_hist=0.0000;[FAIL] Smart Pullback: price=0.0494 EMA=0.0492 RSI=53.4 BS=1.000;[FAIL] ADX: ADX=10.30 [>22], DI+=23.63, DI-=22.68;[PASS] CCI Momentum: CCI=51.26;[PASS] SAR: SAR=0.0491, price=0.0494;[FAIL] Stochastic: K=63.31 D=63.31;[PASS] EMA Rejection: Rejected;[FAIL] Resistance Test: No test;[PASS] Pullback: Detected;[FAIL] Double Top/Bottom: No pattern;[FAIL] Range Filter: EMA diff=0.0031 [>0.005];[PASS] Combined Range Filter: diff=0.0031, ADX=10.30, mode=AND",,,,,,,,,,
SEI-USDT,LONG,B1,هایپریون (Hyperion),0.04943000,0.04745280,0.00000000,2026-09-08 07:15:41,CLOSED,TRAIL_STOP,2026-09-09 12:14:57,0.05006900,0.200000,1.092737,10.00,1.292737,"[FAIL] Candle Strength 15m: BS15=1.000 [too high - likely end of move];[FAIL] Candle Strength 5m: BS5=1.000 [too high];[PASS] EMA Trend 1h: EMA21=0.05, EMA50=0.05;[PASS] EMA Trend 4h: EMA21=0.05, EMA50=0.05, EMA200=0.04;[PASS] RSI 30m: RSI=53.38;[FAIL] MACD 30m: MACD_hist=0.0000;[FAIL] Smart Pullback: price=0.0494 EMA=0.0492 RSI=53.4 BS=1.000;[FAIL] ADX: ADX=10.30 [>22], DI+=23.63, DI-=22.68;[PASS] CCI Momentum: CCI=51.26;[PASS] SAR: SAR=0.0491, price=0.0494;[FAIL] Stochastic: K=63.31 D=63.31;[PASS] EMA Rejection: Rejected;[FAIL] Resistance Test: No test;[PASS] Pullback: Detected;[FAIL] Double Top/Bottom: No pattern;[FAIL] Range Filter: EMA diff=0.0031 [>0.005];[FAIL] Combined Range Filter: diff=0.0031, ADX=10.30, mode=OR",,,,,,,,,,
TIA-USDT,LONG,S3,کرونوس (Cronus),0.43290000,0.41558400,0.00000000,2026-09-08 07:15:43,CLOSED,STOP_HIT,2026-09-09 12:14:58,0.41558400,0.200000,-4.200000,10.00,-4.000000,"[FAIL] Candle Strength 15m: BS15=0.896 [too high - likely end of move];[PASS] Candle Strength 5m: BS5=0.792 [>= 0.6];[PASS] EMA Trend 1h: EMA21=0.43, EMA50=0.42;[PASS] EMA Trend 4h: EMA21=0.40, EMA50=0.38, EMA200=0.35;[PASS] RSI 30m: RSI=54.64;[FAIL] MACD 30m: MACD_hist=0.0002;[FAIL] Smart Pullback: price=0.4329 EMA=0.4295 RSI=54.6 BS=0.896;[FAIL] ADX: ADX=8.92 [>22], DI+=26.08, DI-=22.72;[FAIL] CCI Momentum: CCI=103.58;[PASS] SAR: SAR=0.4267, price=0.4329;[FAIL] Stochastic: K=88.57 D=88.57;[PASS] EMA Rejection: Rejected;[PASS] Resistance Test: Tested;[PASS] Pullback: Detected;[FAIL] Double Top/Bottom: No pattern;[PASS] Range Filter: EMA diff=0.0052 [>0.005];[PASS] Combined Range Filter: diff=0.0052, ADX=8.92, mode=AND",,,,,,,,,,
TIA-USDT,LONG,B1,هایپریون (Hyperion),0.43290000,0.41558400,0.00000000,2026-09-08 07:15:44,CLOSED,STOP_HIT,2026-09-09 12:14:58,0.41558400,0.200000,-4.200000,10.00,-4.000000,"[FAIL] Candle Strength 15m: BS15=0.896 [too high - likely end of move];[PASS] Candle Strength 5m: BS5=0.792 [>= 0.6];[PASS] EMA Trend 1h: EMA21=0.43, EMA50=0.42;[PASS] EMA Trend 4h: EMA21=0.40, EMA50=0.38, EMA200=0.35;[PASS] RSI 30m: RSI=54.64;[FAIL] MACD 30m: MACD_hist=0.0002;[FAIL] Smart Pullback: price=0.4329 EMA=0.4295 RSI=54.6 BS=0.896;[FAIL] ADX: ADX=8.92 [>22], DI+=26.08, DI-=22.72;[FAIL] CCI Momentum: CCI=103.58;[PASS] SAR: SAR=0.4267, price=0.4329;[FAIL] Stochastic: K=88.57 D=88.57;[PASS] EMA Rejection: Rejected;[PASS] Resistance Test: Tested;[PASS] Pullback: Detected;[FAIL] Double Top/Bottom: No pattern;[PASS] Range Filter: EMA diff=0.0052 [>0.005];[FAIL] Combined Range Filter: diff=0.0052, ADX=8.92, mode=OR",,,,,,,,,,
POL-USDT,SHORT,S3,کرونوس (Cronus),0.09560000,0.09942400,0.00000000,2026-09-08 07:15:46,CLOSED,TRAIL_STOP,2026-09-09 12:14:59,0.09524000,0.200000,0.176569,10.00,0.376569,"[FAIL] Candle Strength 15m: BS15=0.333 [>= 0.6];[FAIL] Candle Strength 5m: BS5=1.000 [too high];[PASS] EMA Trend 1h: EMA21=0.10, EMA50=0.10;[FAIL] EMA Trend 4h: EMA21=0.10, EMA50=0.10, EMA200=0.09;[PASS] RSI 30m: RSI=47.57;[FAIL] MACD 30m: MACD_hist=0.0001;[FAIL] Smart Pullback: price=0.0956 EMA=0.0957 RSI=47.6 BS=0.333;[PASS] ADX: ADX=23.38 [>22], DI+=17.06, DI-=23.99;[PASS] CCI Momentum: CCI=18.39;[FAIL] SAR: SAR=0.0953, price=0.0956;[FAIL] Stochastic: K=66.67 D=66.67;[PASS] EMA Rejection: Rejected;[FAIL] Resistance Test: No test;[PASS] Pullback: Detected;[PASS] Double Top/Bottom: Pattern=double_top;[PASS] Range Filter: EMA diff=0.0050 [>0.005];[PASS] Combined Range Filter: diff=0.0050, ADX=23.38, mode=AND",,,,,,,,,,
SOL-USDT,SHORT,B2,اطلس (Atlas),103.32000000,107.45280000,0.00000000,2026-09-08 07:48:21,CLOSED,TRAIL_STOP,2026-09-09 12:14:59,103.04100000,0.200000,0.070035,10.00,0.270035,"[PASS] Candle Strength 15m: BS15=0.522 [>= 0.48];[PASS] Candle Strength 5m: BS5=0.522 [>= 0.48];[PASS] EMA Trend 1h: EMA21=104.13, EMA50=104.39;[FAIL] EMA Trend 4h: EMA21=103.96, EMA50=102.99, EMA200=91.62;[PASS] RSI 30m: RSI=42.00;[PASS] MACD 30m: MACD_hist=-0.0335;[FAIL] Smart Pullback: price=103.3200 EMA=103.8127 RSI=42.0 BS=0.522;[PASS] ADX: ADX=22.88 [>22], DI+=14.91, DI-=31.70;[FAIL] CCI Momentum: CCI=-129.86;[FAIL] SAR: SAR=102.8940, price=103.3200;[FAIL] Stochastic: K=32.57 D=32.57;[PASS] EMA Rejection: Rejected;[PASS] Resistance Test: Tested;[PASS] Pullback: Detected;[PASS] Double Top/Bottom: Pattern=double_top;[FAIL] Range Filter: EMA diff=0.0044 [>0.005];[PASS] Combined Range Filter: diff=0.0044, ADX=22.88, mode=OR",,,,,,,,,,
NEAR-USDT,SHORT,S3,کرونوس (Cronus),2.27410000,2.36506400,0.00000000,2026-09-08 07:48:24,CLOSED,TRAIL_STOP,2026-09-09 12:15:00,2.26357000,0.200000,0.263040,10.00,0.463040,"[FAIL] Candle Strength 15m: BS15=0.484 [>= 0.6];[FAIL] Candle Strength 5m: BS5=0.484 [>= 0.6];[FAIL] EMA Trend 1h: EMA21=2.33, EMA50=2.32;[FAIL] EMA Trend 4h: EMA21=2.26, EMA50=2.13, EMA200=1.88;[PASS] RSI 30m: RSI=37.39;[PASS] MACD 30m: MACD_hist=-0.0034;[FAIL] Smart Pullback: price=2.2741 EMA=2.3148 RSI=37.4 BS=0.484;[FAIL] ADX: ADX=21.50 [>22], DI+=16.30, DI-=33.40;[FAIL] CCI Momentum: CCI=-181.06;[PASS] SAR: SAR=2.2755, price=2.2741;[FAIL] Stochastic: K=18.26 D=18.26;[PASS] EMA Rejection: Rejected;[FAIL] Resistance Test: No test;[PASS] Pullback: Detected;[FAIL] Double Top/Bottom: No pattern;[PASS] Range Filter: EMA diff=0.0072 [>0.005];[PASS] Combined Range Filter: diff=0.0072, ADX=21.50, mode=AND",,,,,,,,,,
ATOM-USDT,LONG,S3,کرونوس (Cronus),1.63810000,1.57257600,0.00000000,2026-09-08 07:48:27,CLOSED,TRAIL_STOP,2026-09-09 12:15:00,1.64818000,0.200000,0.415347,10.00,0.615347,"[PASS] Candle Strength 15m: BS15=0.600 [>= 0.6];[PASS] Candle Strength 5m: BS5=0.600 [>= 0.6];[PASS] EMA Trend 1h: EMA21=1.63, EMA50=1.61;[PASS] EMA Trend 4h: EMA21=1.59, EMA50=1.55, EMA200=1.47;[PASS] RSI 30m: RSI=51.12;[FAIL] MACD 30m: MACD_hist=-0.0009;[FAIL] Smart Pullback: price=1.6381 EMA=1.6364 RSI=51.1 BS=0.600;[FAIL] ADX: ADX=16.94 [>22], DI+=26.46, DI-=26.49;[PASS] CCI Momentum: CCI=3.59;[PASS] SAR: SAR=1.6327, price=1.6381;[FAIL] Stochastic: K=84.22 D=84.22;[PASS] EMA Rejection: Rejected;[PASS] Resistance Test: Tested;[PASS] Pullback: Detected;[FAIL] Double Top/Bottom: No pattern;[FAIL] Range Filter: EMA diff=0.0040 [>0.005];[PASS] Combined Range Filter: diff=0.0040, ADX=16.94, mode=AND",,,,,,,,,,
ATOM-USDT,LONG,B1,هایپریون (Hyperion),1.63810000,1.57257600,0.00000000,2026-09-08 07:48:29,CLOSED,TRAIL_STOP,2026-09-09 12:15:01,1.64818000,0.200000,0.415347,10.00,0.615347,"[PASS] Candle Strength 15m: BS15=0.600 [>= 0.6];[PASS] Candle Strength 5m: BS5=0.600 [>= 0.6];[PASS] EMA Trend 1h: EMA21=1.63, EMA50=1.61;[PASS] EMA Trend 4h: EMA21=1.59, EMA50=1.55, EMA200=1.47;[PASS] RSI 30m: RSI=51.12;[FAIL] MACD 30m: MACD_hist=-0.0009;[FAIL] Smart Pullback: price=1.6381 EMA=1.6364 RSI=51.1 BS=0.600;[FAIL] ADX: ADX=16.94 [>22], DI+=26.46, DI-=26.49;[PASS] CCI Momentum: CCI=3.59;[PASS] SAR: SAR=1.6327, price=1.6381;[FAIL] Stochastic: K=84.22 D=84.22;[PASS] EMA Rejection: Rejected;[PASS] Resistance Test: Tested;[PASS] Pullback: Detected;[FAIL] Double Top/Bottom: No pattern;[FAIL] Range Filter: EMA diff=0.0040 [>0.005];[FAIL] Combined Range Filter: diff=0.0040, ADX=16.94, mode=OR",,,,,,,,,,
INJ-USDT,LONG,S3,کرونوس (Cronus),6.53100000,6.26976000,0.00000000,2026-09-08 07:48:31,CLOSED,STOP_HIT,2026-09-09 12:15:01,6.26976000,0.200000,-4.200000,10.00,-4.000000,"[FAIL] Candle Strength 15m: BS15=0.193 [>= 0.6];[FAIL] Candle Strength 5m: BS5=0.193 [>= 0.6];[PASS] EMA Trend 1h: EMA21=6.07, EMA50=5.69;[PASS] EMA Trend 4h: EMA21=5.57, EMA50=5.28, EMA200=4.95;[FAIL] RSI 30m: RSI=67.16;[PASS] MACD 30m: MACD_hist=0.0095;[FAIL] Smart Pullback: price=6.5310 EMA=6.2669 RSI=67.2 BS=0.193;[PASS] ADX: ADX=46.52 [>22], DI+=37.71, DI-=12.11;[FAIL] CCI Momentum: CCI=102.04;[PASS] SAR: SAR=6.4319, price=6.5310;[FAIL] Stochastic: K=73.15 D=73.15;[FAIL] EMA Rejection: No rejection;[FAIL] Resistance Test: No test;[PASS] Pullback: Detected;[FAIL] Double Top/Bottom: No pattern;[PASS] Range Filter: EMA diff=0.0457 [>0.005];[PASS] Combined Range Filter: diff=0.0457, ADX=46.52, mode=AND",,,,,,,,,,
INJ-USDT,LONG,B1,هایپریون (Hyperion),6.53100000,6.26976000,0.00000000,2026-09-08 07:48:33,CLOSED,STOP_HIT,2026-09-09 12:15:02,6.26976000,0.200000,-4.200000,10.00,-4.000000,"[FAIL] Candle Strength 15m: BS15=0.193 [>= 0.6];[FAIL] Candle Strength 5m: BS5=0.193 [>= 0.6];[PASS] EMA Trend 1h: EMA21=6.07, EMA50=5.69;[PASS] EMA Trend 4h: EMA21=5.57, EMA50=5.28, EMA200=4.95;[FAIL] RSI 30m: RSI=67.16;[PASS] MACD 30m: MACD_hist=0.0095;[FAIL] Smart Pullback: price=6.5310 EMA=6.2669 RSI=67.2 BS=0.193;[PASS] ADX: ADX=46.52 [>22], DI+=37.71, DI-=12.11;[FAIL] CCI Momentum: CCI=102.04;[PASS] SAR: SAR=6.4319, price=6.5310;[FAIL] Stochastic: K=73.15 D=73.15;[FAIL] EMA Rejection: No rejection;[FAIL] Resistance Test: No test;[PASS] Pullback: Detected;[FAIL] Double Top/Bottom: No pattern;[PASS] Range Filter: EMA diff=0.0457 [>0.005];[PASS] Combined Range Filter: diff=0.0457, ADX=46.52, mode=OR",,,,,,,,,,
POL-USDT,SHORT,B2,اطلس (Atlas),0.09560000,0.09942400,0.00000000,2026-09-08 07:48:34,CLOSED,TRAIL_STOP,2026-09-09 12:15:02,0.09524000,0.200000,0.176569,10.00,0.376569,"[FAIL] Candle Strength 15m: BS15=1.000 [too high - likely end of move];[FAIL] Candle Strength 5m: BS5=1.000 [too high];[PASS] EMA Trend 1h: EMA21=0.10, EMA50=0.10;[FAIL] EMA Trend 4h: EMA21=0.10, EMA50=0.10, EMA200=0.09;[PASS] RSI 30m: RSI=47.67;[FAIL] MACD 30m: MACD_hist=0.0001;[FAIL] Smart Pullback: price=0.0956 EMA=0.0957 RSI=47.7 BS=1.000;[PASS] ADX: ADX=23.12 [>22], DI+=16.57, DI-=24.74;[PASS] CCI Momentum: CCI=-3.19;[FAIL] SAR: SAR=0.0955, price=0.0956;[FAIL] Stochastic: K=66.67 D=66.67;[PASS] EMA Rejection: Rejected;[FAIL] Resistance Test: No test;[PASS] Pullback: Detected;[PASS] Double Top/Bottom: Pattern=double_top;[FAIL] Range Filter: EMA diff=0.0049 [>0.005];[PASS] Combined Range Filter: diff=0.0049, ADX=23.12, mode=OR",,,,,,,,,,
PEPE-USDT,LONG,S3,کرونوس (Cronus),0.00000361,0.00000346,0.00000000,2026-09-08 07:48:37,CLOSED,TRAIL_STOP,2026-09-09 12:15:03,0.00000364,0.200000,0.547922,10.00,0.747922,"[FAIL] Candle Strength 15m: BS15=0.006 [>= 0.6];[FAIL] Candle Strength 5m: BS5=0.006 [>= 0.6];[PASS] EMA Trend 1h: EMA21=0.00, EMA50=0.00;[PASS] EMA Trend 4h: EMA21=0.00, EMA50=0.00, EMA200=0.00;[FAIL] RSI 30m: RSI=47.38;[FAIL] MACD 30m: MACD_hist=-0.0000;[PASS] Smart Pullback: price=0.0000 EMA=0.0000 RSI=47.4 BS=0.462;[FAIL] ADX: ADX=9.66 [>22], DI+=22.82, DI-=25.87;[FAIL] CCI Momentum: CCI=-57.76;[PASS] SAR: SAR=0.0000, price=0.0000;[FAIL] Stochastic: K=36.13 D=36.13;[PASS] EMA Rejection: Rejected;[FAIL] Resistance Test: No test;[PASS] Pullback: Detected;[PASS] Double Top/Bottom: Pattern=double_top;[FAIL] Range Filter: EMA diff=0.0004 [>0.005];[FAIL] Combined Range Filter: diff=0.0004, ADX=9.66, mode=AND",,,,,,,,,,
PEPE-USDT,LONG,B1,هایپریون (Hyperion),0.00000361,0.00000346,0.00000000,2026-09-08 07:48:38,CLOSED,TRAIL_STOP,2026-09-09 12:15:03,0.00000364,0.200000,0.547922,10.00,0.747922,"[FAIL] Candle Strength 15m: BS15=0.006 [>= 0.6];[FAIL] Candle Strength 5m: BS5=0.006 [>= 0.6];[PASS] EMA Trend 1h: EMA21=0.00, EMA50=0.00;[PASS] EMA Trend 4h: EMA21=0.00, EMA50=0.00, EMA200=0.00;[FAIL] RSI 30m: RSI=47.38;[FAIL] MACD 30m: MACD_hist=-0.0000;[PASS] Smart Pullback: price=0.0000 EMA=0.0000 RSI=47.4 BS=0.462;[FAIL] ADX: ADX=9.66 [>22], DI+=22.82, DI-=25.87;[FAIL] CCI Momentum: CCI=-57.76;[PASS] SAR: SAR=0.0000, price=0.0000;[FAIL] Stochastic: K=36.13 D=36.13;[PASS] EMA Rejection: Rejected;[FAIL] Resistance Test: No test;[PASS] Pullback: Detected;[PASS] Double Top/Bottom: Pattern=double_top;[FAIL] Range Filter: EMA diff=0.0004 [>0.005];[FAIL] Combined Range Filter: diff=0.0004, ADX=9.66, mode=OR",,,,,,,,,,
BTC-USDT,SHORT,S2,ایاپتوس (Iapetus),78786.50000000,81937.96000000,0.00000000,2026-09-08 08:14:46,CLOSED,TRAIL_STOP,2026-09-09 12:15:03,78411.11000000,0.200000,0.276465,10.00,0.476465,"[FAIL] Candle Strength 15m: BS15=0.220 [>= 0.6];[FAIL] Candle Strength 5m: BS5=0.575 [>= 0.6];[PASS] EMA Trend 1h: EMA21=79218.50, EMA50=79439.26;[FAIL] EMA Trend 4h: EMA21=79395.74, EMA50=79046.37, EMA200=73089.88;[PASS] RSI 30m: RSI=38.92;[PASS] MACD 30m: MACD_hist=-32.2369;[FAIL] Smart Pullback: price=78786.5000 EMA=79079.9032 RSI=38.9 BS=0.220;[PASS] ADX: ADX=25.40 [>22], DI+=14.17, DI-=31.40;[FAIL] CCI Momentum: CCI=-138.58;[FAIL] SAR: SAR=78771.3660, price=78786.5000;[FAIL] Stochastic: K=5.86 D=5.86;[FAIL] EMA Rejection: No rejection;[PASS] Resistance Test: Tested;[PASS] Pullback: Detected;[FAIL] Double Top/Bottom: No pattern;[FAIL] Range Filter: EMA diff=0.0023 [>0.005];[PASS] Combined Range Filter: diff=0.0023, ADX=25.40, mode=AND",,,,,,,,,,
NEAR-USDT,SHORT,S3,کرونوس (Cronus),2.27590000,2.36693600,0.00000000,2026-09-08 08:14:50,CLOSED,TRAIL_STOP,2026-09-09 12:15:04,2.26285000,0.200000,0.373400,10.00,0.573400,"[PASS] Candle Strength 15m: BS15=0.692 [>= 0.6];[FAIL] Candle Strength 5m: BS5=0.143 [>= 0.6];[FAIL] EMA Trend 1h: EMA21=2.33, EMA50=2.32;[FAIL] EMA Trend 4h: EMA21=2.26, EMA50=2.13, EMA200=1.88;[PASS] RSI 30m: RSI=39.08;[PASS] MACD 30m: MACD_hist=-0.0042;[FAIL] Smart Pullback: price=2.2759 EMA=2.3106 RSI=39.1 BS=0.692;[PASS] ADX: ADX=22.42 [>22], DI+=15.73, DI-=32.21;[FAIL] CCI Momentum: CCI=-148.89;[FAIL] SAR: SAR=2.2500, price=2.2759;[FAIL] Stochastic: K=19.61 D=19.61;[FAIL] EMA Rejection: No rejection;[FAIL] Resistance Test: No test;[PASS] Pullback: Detected;[FAIL] Double Top/Bottom: No pattern;[PASS] Range Filter: EMA diff=0.0079 [>0.005];[PASS] Combined Range Filter: diff=0.0079, ADX=22.42, mode=AND",,,,,,,,,,
NEAR-USDT,SHORT,B2,اطلس (Atlas),2.27590000,2.36693600,0.00000000,2026-09-08 08:14:52,CLOSED,TRAIL_STOP,2026-09-09 12:15:04,2.26285000,0.200000,0.373400,10.00,0.573400,"[PASS] Candle Strength 15m: BS15=0.692 [>= 0.48];[FAIL] Candle Strength 5m: BS5=0.143 [>= 0.48];[FAIL] EMA Trend 1h: EMA21=2.33, EMA50=2.32;[FAIL] EMA Trend 4h: EMA21=2.26, EMA50=2.13, EMA200=1.88;[PASS] RSI 30m: RSI=39.08;[PASS] MACD 30m: MACD_hist=-0.0042;[FAIL] Smart Pullback: price=2.2759 EMA=2.3106 RSI=39.1 BS=0.692;[PASS] ADX: ADX=22.42 [>22], DI+=15.73, DI-=32.21;[FAIL] CCI Momentum: CCI=-148.89;[FAIL] SAR: SAR=2.2500, price=2.2759;[FAIL] Stochastic: K=19.61 D=19.61;[FAIL] EMA Rejection: No rejection;[FAIL] Resistance Test: No test;[PASS] Pullback: Detected;[FAIL] Double Top/Bottom: No pattern;[PASS] Range Filter: EMA diff=0.0079 [>0.005];[PASS] Combined Range Filter: diff=0.0079, ADX=22.42, mode=OR",,,,,,,,,,
ATOM-USDT,LONG,S3,کرونوس (Cronus),1.64420000,1.57843200,0.00000000,2026-09-08 08:14:54,CLOSED,TRAIL_STOP,2026-09-09 12:15:05,1.65077000,0.200000,0.199586,10.00,0.399586,"[FAIL] Candle Strength 15m: BS15=0.931 [too high - likely end of move];[FAIL] Candle Strength 5m: BS5=0.931 [too high];[PASS] EMA Trend 1h: EMA21=1.63, EMA50=1.61;[PASS] EMA Trend 4h: EMA21=1.59, EMA50=1.55, EMA200=1.47;[PASS] RSI 30m: RSI=54.06;[FAIL] MACD 30m: MACD_hist=0.0002;[FAIL] Smart Pullback: price=1.6442 EMA=1.6377 RSI=54.1 BS=0.931;[FAIL] ADX: ADX=16.33 [>22], DI+=28.10, DI-=25.42;[PASS] CCI Momentum: CCI=53.16;[PASS] SAR: SAR=1.6352, price=1.6442;[FAIL] Stochastic: K=93.30 D=93.30;[PASS] EMA Rejection: Rejected;[FAIL] Resistance Test: No test;[PASS] Pullback: Detected;[FAIL] Double Top/Bottom: No pattern;[FAIL] Range Filter: EMA diff=0.0042 [>0.005];[PASS] Combined Range Filter: diff=0.0042, ADX=16.33, mode=AND",,,,,,,,,,
ATOM-USDT,LONG,B1,هایپریون (Hyperion),1.64420000,1.57843200,0.00000000,2026-09-08 08:14:56,CLOSED,TRAIL_STOP,2026-09-09 12:15:05,1.65077000,0.200000,0.199586,10.00,0.399586,"[FAIL] Candle Strength 15m: BS15=0.931 [too high - likely end of move];[FAIL] Candle Strength 5m: BS5=0.931 [too high];[PASS] EMA Trend 1h: EMA21=1.63, EMA50=1.61;[PASS] EMA Trend 4h: EMA21=1.59, EMA50=1.55, EMA200=1.47;[PASS] RSI 30m: RSI=54.06;[FAIL] MACD 30m: MACD_hist=0.0002;[FAIL] Smart Pullback: price=1.6442 EMA=1.6377 RSI=54.1 BS=0.931;[FAIL] ADX: ADX=16.33 [>22], DI+=28.10, DI-=25.42;[PASS] CCI Momentum: CCI=53.16;[PASS] SAR: SAR=1.6352, price=1.6442;[FAIL] Stochastic: K=93.30 D=93.30;[PASS] EMA Rejection: Rejected;[FAIL] Resistance Test: No test;[PASS] Pullback: Detected;[FAIL] Double Top/Bottom: No pattern;[FAIL] Range Filter: EMA diff=0.0042 [>0.005];[FAIL] Combined Range Filter: diff=0.0042, ADX=16.33, mode=OR",,,,,,,,,,
INJ-USDT,LONG,S1,پرومتئوس (Prometheus),6.45300000,6.19488000,0.00000000,2026-09-08 08:14:58,CLOSED,TRAIL_STOP,2026-09-09 12:15:06,6.53580000,0.200000,1.083124,10.00,1.283124,"[FAIL] Candle Strength 15m: BS15=0.489 [>= 0.6];[FAIL] Candle Strength 5m: BS5=0.000 [>= 0.6];[PASS] EMA Trend 1h: EMA21=6.06, EMA50=5.68;[PASS] EMA Trend 4h: EMA21=5.56, EMA50=5.27, EMA200=4.95;[PASS] RSI 30m: RSI=63.09;[FAIL] MACD 30m: MACD_hist=-0.0012;[FAIL] Smart Pullback: price=6.4530 EMA=6.2806 RSI=63.1 BS=0.489;[PASS] ADX: ADX=46.30 [>22], DI+=35.49, DI-=14.03;[PASS] CCI Momentum: CCI=69.52;[FAIL] SAR: SAR=6.4661, price=6.4530;[FAIL] Stochastic: K=61.83 D=61.83;[FAIL] EMA Rejection: No rejection;[FAIL] Resistance Test: No test;[PASS] Pullback: Detected;[FAIL] Double Top/Bottom: No pattern;[PASS] Range Filter: EMA diff=0.0457 [>0.005];[PASS] Combined Range Filter: diff=0.0457, ADX=46.30, mode=AND",,,,,,,,,,
BTC-USDT,SHORT,S3,کرونوس (Cronus),78753.40000000,81903.53600000,0.00000000,2026-09-08 08:47:05,CLOSED,TRAIL_STOP,2026-09-09 12:15:06,78407.80000000,0.200000,0.238838,10.00,0.438838,"[FAIL] Candle Strength 15m: BS15=0.420 [>= 0.6];[FAIL] Candle Strength 5m: BS5=0.420 [>= 0.6];[PASS] EMA Trend 1h: EMA21=79168.80, EMA50=79408.99;[FAIL] EMA Trend 4h: EMA21=79392.73, EMA50=79045.07, EMA200=73089.55;[PASS] RSI 30m: RSI=39.05;[PASS] MACD 30m: MACD_hist=-38.7154;[FAIL] Smart Pullback: price=78753.4000 EMA=79042.8079 RSI=39.1 BS=0.420;[PASS] ADX: ADX=27.12 [>22], DI+=12.60, DI-=34.76;[FAIL] CCI Momentum: CCI=-148.79;[FAIL] SAR: SAR=78694.0680, price=78753.4000;[FAIL] Stochastic: K=20.65 D=20.65;[FAIL] EMA Rejection: No rejection;[PASS] Resistance Test: Tested;[PASS] Pullback: Detected;[PASS] Double Top/Bottom: Pattern=double_bottom;[FAIL] Range Filter: EMA diff=0.0025 [>0.005];[PASS] Combined Range Filter: diff=0.0025, ADX=27.12, mode=AND",,,,,,,,,,
SOL-USDT,SHORT,S3,کرونوس (Cronus),103.21000000,107.33840000,0.00000000,2026-09-08 08:47:06,CLOSED,TRAIL_STOP,2026-09-09 12:15:07,102.46300000,0.200000,0.523767,10.00,0.723767,"[FAIL] Candle Strength 15m: BS15=0.905 [too high - likely end of move];[FAIL] Candle Strength 5m: BS5=0.905 [too high];[PASS] EMA Trend 1h: EMA21=104.02, EMA50=104.33;[FAIL] EMA Trend 4h: EMA21=103.95, EMA50=102.98, EMA200=91.62;[PASS] RSI 30m: RSI=41.82;[PASS] MACD 30m: MACD_hist=-0.0438;[FAIL] Smart Pullback: price=103.2100 EMA=103.6850 RSI=41.8 BS=0.905;[PASS] ADX: ADX=24.30 [>22], DI+=14.25, DI-=29.13;[FAIL] CCI Momentum: CCI=-111.98;[FAIL] SAR: SAR=103.0080, price=103.2100;[FAIL] Stochastic: K=26.29 D=26.29;[FAIL] EMA Rejection: No rejection;[PASS] Resistance Test: Tested;[PASS] Pullback: Detected;[FAIL] Double Top/Bottom: No pattern;[FAIL] Range Filter: EMA diff=0.0047 [>0.005];[PASS] Combined Range Filter: diff=0.0047, ADX=24.30, mode=AND",,,,,,,,,,
INJ-USDT,LONG,S1,پرومتئوس (Prometheus),6.47900000,6.21984000,0.00000000,2026-09-08 08:47:12,CLOSED,STOP_HIT,2026-09-09 12:15:07,6.21984000,0.200000,-4.200000,10.00,-4.000000,"[FAIL] Candle Strength 15m: BS15=0.300 [>= 0.6];[FAIL] Candle Strength 5m: BS5=0.300 [>= 0.6];[PASS] EMA Trend 1h: EMA21=6.10, EMA50=5.71;[PASS] EMA Trend 4h: EMA21=5.57, EMA50=5.27, EMA200=4.95;[PASS] RSI 30m: RSI=64.02;[FAIL] MACD 30m: MACD_hist=-0.0064;[FAIL] Smart Pullback: price=6.4790 EMA=6.2984 RSI=64.0 BS=0.300;[PASS] ADX: ADX=46.23 [>22], DI+=35.21, DI-=13.24;[PASS] CCI Momentum: CCI=73.83;[PASS] SAR: SAR=6.4245, price=6.4790;[FAIL] Stochastic: K=65.60 D=65.60;[FAIL] EMA Rejection: No rejection;[FAIL] Resistance Test: No test;[PASS] Pullback: Detected;[FAIL] Double Top/Bottom: No pattern;[PASS] Range Filter: EMA diff=0.0453 [>0.005];[PASS] Combined Range Filter: diff=0.0453, ADX=46.23, mode=AND",,,,,,,,,,
POL-USDT,SHORT,S3,کرونوس (Cronus),0.09550000,0.09932000,0.00000000,2026-09-08 08:47:14,CLOSED,TRAIL_STOP,2026-09-09 12:15:08,0.09514000,0.200000,0.176963,10.00,0.376963,"[FAIL] Candle Strength 15m: BS15=1.000 [too high - likely end of move];[FAIL] Candle Strength 5m: BS5=1.000 [too high];[PASS] EMA Trend 1h: EMA21=0.10, EMA50=0.10;[FAIL] EMA Trend 4h: EMA21=0.10, EMA50=0.10, EMA200=0.09;[PASS] RSI 30m: RSI=46.87;[FAIL] MACD 30m: MACD_hist=0.0001;[FAIL] Smart Pullback: price=0.0955 EMA=0.0956 RSI=46.9 BS=1.000;[PASS] ADX: ADX=23.42 [>22], DI+=14.53, DI-=24.38;[PASS] CCI Momentum: CCI=-14.57;[FAIL] SAR: SAR=0.0952, price=0.0955;[FAIL] Stochastic: K=60.00 D=60.00;[FAIL] EMA Rejection: No rejection;[PASS] Resistance Test: Tested;[PASS] Pullback: Detected;[PASS] Double Top/Bottom: Pattern=double_bottom;[FAIL] Range Filter: EMA diff=0.0049 [>0.005];[PASS] Combined Range Filter: diff=0.0049, ADX=23.42, mode=AND",,,,,,,,,,
PEPE-USDT,LONG,S3,کرونوس (Cronus),0.00000362,0.00000348,0.00000000,2026-09-08 08:47:16,CLOSED,TRAIL_STOP,2026-09-09 12:15:08,0.00000363,0.200000,0.148066,10.00,0.348066,"[FAIL] Candle Strength 15m: BS15=0.011 [>= 0.6];[FAIL] Candle Strength 5m: BS5=0.011 [>= 0.6];[PASS] EMA Trend 1h: EMA21=0.00, EMA50=0.00;[PASS] EMA Trend 4h: EMA21=0.00, EMA50=0.00, EMA200=0.00;[PASS] RSI 30m: RSI=51.48;[FAIL] MACD 30m: MACD_hist=-0.0000;[FAIL] Smart Pullback: price=0.0000 EMA=0.0000 RSI=51.5 BS=1.000;[FAIL] ADX: ADX=8.71 [>22], DI+=23.40, DI-=23.14;[PASS] CCI Momentum: CCI=-18.71;[PASS] SAR: SAR=0.0000, price=0.0000;[FAIL] Stochastic: K=49.58 D=49.58;[PASS] EMA Rejection: Rejected;[FAIL] Resistance Test: No test;[PASS] Pullback: Detected;[PASS] Double Top/Bottom: Pattern=double_bottom;[FAIL] Range Filter: EMA diff=0.0002 [>0.005];[FAIL] Combined Range Filter: diff=0.0002, ADX=8.71, mode=AND",,,,,,,,,,
PEPE-USDT,LONG,B1,هایپریون (Hyperion),0.00000362,0.00000348,0.00000000,2026-09-08 08:47:18,CLOSED,TRAIL_STOP,2026-09-09 12:15:09,0.00000363,0.200000,0.148066,10.00,0.348066,"[FAIL] Candle Strength 15m: BS15=0.011 [>= 0.6];[FAIL] Candle Strength 5m: BS5=0.011 [>= 0.6];[PASS] EMA Trend 1h: EMA21=0.00, EMA50=0.00;[PASS] EMA Trend 4h: EMA21=0.00, EMA50=0.00, EMA200=0.00;[PASS] RSI 30m: RSI=51.48;[FAIL] MACD 30m: MACD_hist=-0.0000;[FAIL] Smart Pullback: price=0.0000 EMA=0.0000 RSI=51.5 BS=1.000;[FAIL] ADX: ADX=8.71 [>22], DI+=23.40, DI-=23.14;[PASS] CCI Momentum: CCI=-18.71;[PASS] SAR: SAR=0.0000, price=0.0000;[FAIL] Stochastic: K=49.58 D=49.58;[PASS] EMA Rejection: Rejected;[FAIL] Resistance Test: No test;[PASS] Pullback: Detected;[PASS] Double Top/Bottom: Pattern=double_bottom;[FAIL] Range Filter: EMA diff=0.0002 [>0.005];[FAIL] Combined Range Filter: diff=0.0002, ADX=8.71, mode=OR",,,,,,,,,,
SOL-USDT,SHORT,S2,ایاپتوس (Iapetus),103.16000000,107.28640000,0.00000000,2026-09-08 09:14:26,CLOSED,TRAIL_STOP,2026-09-09 12:15:09,102.45800000,0.200000,0.480496,10.00,0.680496,"[FAIL] Candle Strength 15m: BS15=0.486 [>= 0.6];[FAIL] Candle Strength 5m: BS5=0.421 [>= 0.6];[PASS] EMA Trend 1h: EMA21=104.02, EMA50=104.33;[FAIL] EMA Trend 4h: EMA21=103.95, EMA50=102.98, EMA200=91.62;[PASS] RSI 30m: RSI=41.81;[PASS] MACD 30m: MACD_hist=-0.0306;[FAIL] Smart Pullback: price=103.1600 EMA=103.6513 RSI=41.8 BS=0.486;[PASS] ADX: ADX=25.01 [>22], DI+=13.16, DI-=26.89;[PASS] CCI Momentum: CCI=-89.23;[FAIL] SAR: SAR=102.9136, price=103.1600;[FAIL] Stochastic: K=23.43 D=23.43;[FAIL] EMA Rejection: No rejection;[PASS] Resistance Test: Tested;[PASS] Pullback: Detected;[PASS] Double Top/Bottom: Pattern=double_bottom;[FAIL] Range Filter: EMA diff=0.0047 [>0.005];[PASS] Combined Range Filter: diff=0.0047, ADX=25.01, mode=AND",,,,,,,,,,
ATOM-USDT,LONG,S3,کرونوس (Cronus),1.64760000,1.58169600,0.00000000,2026-09-08 09:14:31,CLOSED,TRAIL_STOP,2026-09-09 12:15:10,1.65282000,0.200000,0.116824,10.00,0.316824,"[FAIL] Candle Strength 15m: BS15=0.420 [>= 0.6];[FAIL] Candle Strength 5m: BS5=1.000 [too high];[PASS] EMA Trend 1h: EMA21=1.63, EMA50=1.61;[PASS] EMA Trend 4h: EMA21=1.59, EMA50=1.55, EMA200=1.47;[PASS] RSI 30m: RSI=55.38;[FAIL] MACD 30m: MACD_hist=0.0010;[FAIL] Smart Pullback: price=1.6476 EMA=1.6388 RSI=55.4 BS=0.420;[FAIL] ADX: ADX=15.47 [>22], DI+=27.71, DI-=21.86;[PASS] CCI Momentum: CCI=78.96;[PASS] SAR: SAR=1.6363, price=1.6476;[FAIL] Stochastic: K=88.66 D=88.66;[PASS] EMA Rejection: Rejected;[PASS] Resistance Test: Tested;[PASS] Pullback: Detected;[FAIL] Double Top/Bottom: No pattern;[FAIL] Range Filter: EMA diff=0.0043 [>0.005];[PASS] Combined Range Filter: diff=0.0043, ADX=15.47, mode=AND",,,,,,,,,,
ATOM-USDT,LONG,B1,هایپریون (Hyperion),1.64760000,1.58169600,0.00000000,2026-09-08 09:14:33,CLOSED,TRAIL_STOP,2026-09-09 12:15:10,1.65282000,0.200000,0.116824,10.00,0.316824,"[FAIL] Candle Strength 15m: BS15=0.420 [>= 0.6];[FAIL] Candle Strength 5m: BS5=1.000 [too high];[PASS] EMA Trend 1h: EMA21=1.63, EMA50=1.61;[PASS] EMA Trend 4h: EMA21=1.59, EMA50=1.55, EMA200=1.47;[PASS] RSI 30m: RSI=55.38;[FAIL] MACD 30m: MACD_hist=0.0010;[FAIL] Smart Pullback: price=1.6476 EMA=1.6388 RSI=55.4 BS=0.420;[FAIL] ADX: ADX=15.47 [>22], DI+=27.71, DI-=21.86;[PASS] CCI Momentum: CCI=78.96;[PASS] SAR: SAR=1.6363, price=1.6476;[FAIL] Stochastic: K=88.66 D=88.66;[PASS] EMA Rejection: Rejected;[PASS] Resistance Test: Tested;[PASS] Pullback: Detected;[FAIL] Double Top/Bottom: No pattern;[FAIL] Range Filter: EMA diff=0.0043 [>0.005];[FAIL] Combined Range Filter: diff=0.0043, ADX=15.47, mode=OR",,,,,,,,,,
BTC-USDT,SHORT,S3,کرونوس (Cronus),78470.30000000,81609.11200000,0.00000000,2026-09-08 09:52:59,CLOSED,TRAIL_STOP,2026-09-09 12:15:11,78219.83000000,0.200000,0.119191,10.00,0.319191,"[FAIL] Candle Strength 15m: BS15=0.462 [>= 0.6];[FAIL] Candle Strength 5m: BS5=0.028 [>= 0.6];[PASS] EMA Trend 1h: EMA21=79090.35, EMA50=79365.36;[FAIL] EMA Trend 4h: EMA21=79366.99, EMA50=79033.97, EMA200=73086.73;[FAIL] RSI 30m: RSI=33.99;[PASS] MACD 30m: MACD_hist=-55.4269;[FAIL] Smart Pullback: price=78470.3000 EMA=78957.7160 RSI=34.0 BS=0.462;[PASS] ADX: ADX=30.40 [>22], DI+=10.26, DI-=35.13;[FAIL] CCI Momentum: CCI=-177.23;[PASS] SAR: SAR=78568.4820, price=78470.3000;[FAIL] Stochastic: K=8.52 D=8.52;[FAIL] EMA Rejection: No rejection;[FAIL] Resistance Test: No test;[PASS] Pullback: Detected;[PASS] Double Top/Bottom: Pattern=double_top;[FAIL] Range Filter: EMA diff=0.0029 [>0.005];[PASS] Combined Range Filter: diff=0.0029, ADX=30.40, mode=AND",,,,,,,,,,
SOL-USDT,SHORT,S2,ایاپتوس (Iapetus),102.75000000,106.86000000,0.00000000,2026-09-08 09:53:01,CLOSED,TRAIL_STOP,2026-09-09 12:15:11,101.81400000,0.200000,0.710949,10.00,0.910949,"[FAIL] Candle Strength 15m: BS15=0.452 [>= 0.6];[FAIL] Candle Strength 5m: BS5=0.054 [>= 0.6];[PASS] EMA Trend 1h: EMA21=103.89, EMA50=104.26;[FAIL] EMA Trend 4h: EMA21=103.91, EMA50=102.96, EMA200=91.61;[PASS] RSI 30m: RSI=37.80;[PASS] MACD 30m: MACD_hist=-0.0577;[FAIL] Smart Pullback: price=102.7500 EMA=103.5545 RSI=37.8 BS=0.452;[PASS] ADX: ADX=26.57 [>22], DI+=11.59, DI-=32.03;[FAIL] CCI Momentum: CCI=-154.60;[PASS] SAR: SAR=102.9582, price=102.7500;[FAIL] Stochastic: K=17.45 D=17.45;[FAIL] EMA Rejection: No rejection;[FAIL] Resistance Test: No test;[PASS] Pullback: Detected;[PASS] Double Top/Bottom: Pattern=double_top;[PASS] Range Filter: EMA diff=0.0051 [>0.005];[PASS] Combined Range Filter: diff=0.0051, ADX=26.57, mode=AND",,,,,,,,,,
SOL-USDT,SHORT,S3,کرونوس (Cronus),102.75000000,106.86000000,0.00000000,2026-09-08 09:53:02,CLOSED,TRAIL_STOP,2026-09-09 12:15:11,101.81400000,0.200000,0.710949,10.00,0.910949,"[FAIL] Candle Strength 15m: BS15=0.452 [>= 0.6];[FAIL] Candle Strength 5m: BS5=0.054 [>= 0.6];[PASS] EMA Trend 1h: EMA21=103.89, EMA50=104.26;[FAIL] EMA Trend 4h: EMA21=103.91, EMA50=102.96, EMA200=91.61;[PASS] RSI 30m: RSI=37.80;[PASS] MACD 30m: MACD_hist=-0.0577;[FAIL] Smart Pullback: price=102.7500 EMA=103.5545 RSI=37.8 BS=0.452;[PASS] ADX: ADX=26.57 [>22], DI+=11.59, DI-=32.03;[FAIL] CCI Momentum: CCI=-154.60;[PASS] SAR: SAR=102.9582, price=102.7500;[FAIL] Stochastic: K=17.45 D=17.45;[FAIL] EMA Rejection: No rejection;[FAIL] Resistance Test: No test;[PASS] Pullback: Detected;[PASS] Double Top/Bottom: Pattern=double_top;[PASS] Range Filter: EMA diff=0.0051 [>0.005];[PASS] Combined Range Filter: diff=0.0051, ADX=26.57, mode=AND",,,,,,,,,,
NEAR-USDT,SHORT,S3,کرونوس (Cronus),2.27100000,2.36184000,0.00000000,2026-09-08 09:53:06,CLOSED,TRAIL_STOP,2026-09-09 12:15:12,2.24697000,0.200000,0.858124,10.00,1.058124,"[FAIL] Candle Strength 15m: BS15=0.484 [>= 0.6];[FAIL] Candle Strength 5m: BS5=0.173 [>= 0.6];[FAIL] EMA Trend 1h: EMA21=2.32, EMA50=2.31;[FAIL] EMA Trend 4h: EMA21=2.26, EMA50=2.13, EMA200=1.88;[PASS] RSI 30m: RSI=38.77;[PASS] MACD 30m: MACD_hist=-0.0031;[FAIL] Smart Pullback: price=2.2710 EMA=2.3027 RSI=38.8 BS=0.484;[PASS] ADX: ADX=23.41 [>22], DI+=16.36, DI-=30.94;[FAIL] CCI Momentum: CCI=-100.92;[PASS] SAR: SAR=2.2780, price=2.2710;[FAIL] Stochastic: K=15.94 D=15.94;[FAIL] EMA Rejection: No rejection;[FAIL] Resistance Test: No test;[PASS] Pullback: Detected;[FAIL] Double Top/Bottom: No pattern;[PASS] Range Filter: EMA diff=0.0089 [>0.005];[PASS] Combined Range Filter: diff=0.0089, ADX=23.41, mode=AND",,,,,,,,,,
POL-USDT,SHORT,S3,کرونوس (Cronus),0.09510000,0.09890400,0.00000000,2026-09-08 09:53:10,CLOSED,TRAIL_STOP,2026-09-09 12:15:12,0.09483000,0.200000,0.083912,10.00,0.283912,"[FAIL] Candle Strength 15m: BS15=1.000 [too high - likely end of move];[FAIL] Candle Strength 5m: BS5=0.000 [>= 0.6];[PASS] EMA Trend 1h: EMA21=0.10, EMA50=0.10;[FAIL] EMA Trend 4h: EMA21=0.10, EMA50=0.10, EMA200=0.09;[PASS] RSI 30m: RSI=41.95;[FAIL] MACD 30m: MACD_hist=0.0000;[FAIL] Smart Pullback: price=0.0951 EMA=0.0956 RSI=41.9 BS=1.000;[PASS] ADX: ADX=24.29 [>22], DI+=13.06, DI-=26.43;[PASS] CCI Momentum: CCI=-62.22;[PASS] SAR: SAR=0.0954, price=0.0951;[FAIL] Stochastic: K=33.33 D=33.33;[PASS] EMA Rejection: Rejected;[FAIL] Resistance Test: No test;[PASS] Pullback: Detected;[PASS] Double Top/Bottom: Pattern=double_top;[FAIL] Range Filter: EMA diff=0.0048 [>0.005];[PASS] Combined Range Filter: diff=0.0048, ADX=24.29, mode=AND",,,,,,,,,,
LTC-USDT,SHORT,S3,کرونوس (Cronus),54.82000000,57.01280000,0.00000000,2026-09-08 10:19:07,CLOSED,STOP_HIT,2026-09-09 12:15:13,57.01280000,0.200000,-4.200000,10.00,-4.000000,"[PASS] Candle Strength 15m: BS15=0.750 [>= 0.6];[PASS] Candle Strength 5m: BS5=0.750 [>= 0.6];[FAIL] EMA Trend 1h: EMA21=55.32, EMA50=54.91;[FAIL] EMA Trend 4h: EMA21=54.10, EMA50=52.49, EMA200=48.95;[PASS] RSI 30m: RSI=40.76;[PASS] MACD 30m: MACD_hist=-0.0629;[FAIL] Smart Pullback: price=54.8200 EMA=55.2847 RSI=40.8 BS=0.750;[FAIL] ADX: ADX=11.26 [>22], DI+=18.21, DI-=27.46;[FAIL] CCI Momentum: CCI=-161.74;[FAIL] SAR: SAR=54.5420, price=54.8200;[FAIL] Stochastic: K=16.47 D=16.47;[PASS] EMA Rejection: Rejected;[PASS] Resistance Test: Tested;[PASS] Pullback: Detected;[PASS] Double Top/Bottom: Pattern=double_bottom;[FAIL] Range Filter: EMA diff=0.0005 [>0.005];[FAIL] Combined Range Filter: diff=0.0005, ADX=11.26, mode=AND",,,,,,,,,,
LINK-USDT,SHORT,S3,کرونوس (Cronus),12.59490000,13.09869600,0.00000000,2026-09-08 10:19:10,CLOSED,TRAIL_STOP,2026-09-09 12:15:13,12.53208000,0.200000,0.298773,10.00,0.498773,"[FAIL] Candle Strength 15m: BS15=0.013 [>= 0.6];[FAIL] Candle Strength 5m: BS5=0.013 [>= 0.6];[FAIL] EMA Trend 1h: EMA21=12.79, EMA50=12.70;[FAIL] EMA Trend 4h: EMA21=12.47, EMA50=12.04, EMA200=10.55;[PASS] RSI 30m: RSI=36.74;[FAIL] MACD 30m: MACD_hist=0.0033;[FAIL] Smart Pullback: price=12.5949 EMA=12.7169 RSI=36.7 BS=0.013;[PASS] ADX: ADX=34.44 [>22], DI+=12.65, DI-=29.86;[FAIL] CCI Momentum: CCI=-115.61;[PASS] SAR: SAR=12.6130, price=12.5949;[FAIL] Stochastic: K=11.75 D=11.75;[FAIL] EMA Rejection: No rejection;[FAIL] Resistance Test: No test;[PASS] Pullback: Detected;[FAIL] Double Top/Bottom: No pattern;[PASS] Range Filter: EMA diff=0.0061 [>0.005];[PASS] Combined Range Filter: diff=0.0061, ADX=34.44, mode=AND",,,,,,,,,,
INJ-USDT,LONG,S3,کرونوس (Cronus),6.24600000,5.99616000,0.00000000,2026-09-08 10:19:13,CLOSED,TRAIL_STOP,2026-09-09 12:15:14,6.27660000,0.200000,0.289914,10.00,0.489914,"[PASS] Candle Strength 15m: BS15=0.658 [>= 0.6];[PASS] Candle Strength 5m: BS5=0.658 [>= 0.6];[PASS] EMA Trend 1h: EMA21=6.11, EMA50=5.73;[PASS] EMA Trend 4h: EMA21=5.54, EMA50=5.26, EMA200=4.95;[PASS] RSI 30m: RSI=50.32;[FAIL] MACD 30m: MACD_hist=-0.0409;[PASS] Smart Pullback: price=6.2460 EMA=6.2962 RSI=50.3 BS=0.658;[PASS] ADX: ADX=40.73 [>22], DI+=26.01, DI-=20.01;[FAIL] CCI Momentum: CCI=-36.59;[FAIL] SAR: SAR=6.2772, price=6.2460;[FAIL] Stochastic: K=16.96 D=16.96;[PASS] EMA Rejection: Rejected;[FAIL] Resistance Test: No test;[FAIL] Pullback: No pullback;[FAIL] Double Top/Bottom: No pattern;[PASS] Range Filter: EMA diff=0.0415 [>0.005];[PASS] Combined Range Filter: diff=0.0415, ADX=40.73, mode=AND",,,,,,,,,,
INJ-USDT,LONG,B1,هایپریون (Hyperion),6.24600000,5.99616000,0.00000000,2026-09-08 10:19:14,CLOSED,TRAIL_STOP,2026-09-09 12:15:14,6.27660000,0.200000,0.289914,10.00,0.489914,"[PASS] Candle Strength 15m: BS15=0.658 [>= 0.6];[PASS] Candle Strength 5m: BS5=0.658 [>= 0.6];[PASS] EMA Trend 1h: EMA21=6.11, EMA50=5.73;[PASS] EMA Trend 4h: EMA21=5.54, EMA50=5.26, EMA200=4.95;[PASS] RSI 30m: RSI=50.32;[FAIL] MACD 30m: MACD_hist=-0.0409;[PASS] Smart Pullback: price=6.2460 EMA=6.2962 RSI=50.3 BS=0.658;[PASS] ADX: ADX=40.73 [>22], DI+=26.01, DI-=20.01;[FAIL] CCI Momentum: CCI=-36.59;[FAIL] SAR: SAR=6.2772, price=6.2460;[FAIL] Stochastic: K=16.96 D=16.96;[PASS] EMA Rejection: Rejected;[FAIL] Resistance Test: No test;[FAIL] Pullback: No pullback;[FAIL] Double Top/Bottom: No pattern;[PASS] Range Filter: EMA diff=0.0415 [>0.005];[PASS] Combined Range Filter: diff=0.0415, ADX=40.73, mode=OR",,,,,,,,,,
BTC-USDT,SHORT,S2,ایاپتوس (Iapetus),78445.10000000,81582.90400000,0.00000000,2026-09-08 10:48:37,CLOSED,TRAIL_STOP,2026-09-09 12:15:15,78217.31000000,0.200000,0.090381,10.00,0.290381,"[FAIL] Candle Strength 15m: BS15=0.479 [>= 0.6];[FAIL] Candle Strength 5m: BS5=0.479 [>= 0.6];[PASS] EMA Trend 1h: EMA21=79019.56, EMA50=79323.74;[FAIL] EMA Trend 4h: EMA21=79364.70, EMA50=79032.98, EMA200=73086.48;[PASS] RSI 30m: RSI=35.95;[PASS] MACD 30m: MACD_hist=-63.9555;[FAIL] Smart Pullback: price=78445.1000 EMA=78851.8329 RSI=36.0 BS=0.479;[PASS] ADX: ADX=34.26 [>22], DI+=9.05, DI-=34.39;[FAIL] CCI Momentum: CCI=-144.23;[FAIL] SAR: SAR=78273.5400, price=78445.1000;[FAIL] Stochastic: K=14.30 D=14.30;[FAIL] EMA Rejection: No rejection;[FAIL] Resistance Test: No test;[PASS] Pullback: Detected;[PASS] Double Top/Bottom: Pattern=double_top;[FAIL] Range Filter: EMA diff=0.0034 [>0.005];[PASS] Combined Range Filter: diff=0.0034, ADX=34.26, mode=AND",,,,,,,,,,
BNB-USDT,LONG,S3,کرونوس (Cronus),750.51900000,720.49824000,0.00000000,2026-09-08 10:48:39,CLOSED,TRAIL_STOP,2026-09-09 12:15:15,757.01250000,0.200000,0.665201,10.00,0.865201,"[PASS] Candle Strength 15m: BS15=0.755 [>= 0.6];[PASS] Candle Strength 5m: BS5=0.755 [>= 0.6];[FAIL] EMA Trend 1h: EMA21=744.32, EMA50=745.00;[PASS] EMA Trend 4h: EMA21=741.75, EMA50=726.59, EMA200=666.82;[PASS] RSI 30m: RSI=62.76;[PASS] MACD 30m: MACD_hist=1.0675;[FAIL] Smart Pullback: price=750.5190 EMA=744.4894 RSI=62.8 BS=0.755;[FAIL] ADX: ADX=21.97 [>22], DI+=30.91, DI-=18.18;[FAIL] CCI Momentum: CCI=123.05;[PASS] SAR: SAR=745.6023, price=750.5190;[FAIL] Stochastic: K=77.80 D=77.80;[FAIL] EMA Rejection: No rejection;[PASS] Resistance Test: Tested;[PASS] Pullback: Detected;[FAIL] Double Top/Bottom: No pattern;[FAIL] Range Filter: EMA diff=0.0005 [>0.005];[FAIL] Combined Range Filter: diff=0.0005, ADX=21.97, mode=AND",,,,,,,,,,
BNB-USDT,LONG,B1,هایپریون (Hyperion),750.51900000,720.49824000,0.00000000,2026-09-08 10:48:40,CLOSED,TRAIL_STOP,2026-09-09 12:15:16,757.01250000,0.200000,0.665201,10.00,0.865201,"[PASS] Candle Strength 15m: BS15=0.755 [>= 0.6];[PASS] Candle Strength 5m: BS5=0.755 [>= 0.6];[FAIL] EMA Trend 1h: EMA21=744.32, EMA50=745.00;[PASS] EMA Trend 4h: EMA21=741.75, EMA50=726.59, EMA200=666.82;[PASS] RSI 30m: RSI=62.76;[PASS] MACD 30m: MACD_hist=1.0675;[FAIL] Smart Pullback: price=750.5190 EMA=744.4894 RSI=62.8 BS=0.755;[FAIL] ADX: ADX=21.97 [>22], DI+=30.91, DI-=18.18;[FAIL] CCI Momentum: CCI=123.05;[PASS] SAR: SAR=745.6023, price=750.5190;[FAIL] Stochastic: K=77.80 D=77.80;[FAIL] EMA Rejection: No rejection;[PASS] Resistance Test: Tested;[PASS] Pullback: Detected;[FAIL] Double Top/Bottom: No pattern;[FAIL] Range Filter: EMA diff=0.0005 [>0.005];[FAIL] Combined Range Filter: diff=0.0005, ADX=21.97, mode=OR",,,,,,,,,,
XRP-USDT,SHORT,S3,کرونوس (Cronus),1.38641000,1.44186640,0.00000000,2026-09-08 10:48:43,CLOSED,STOP_HIT,2026-09-09 12:15:16,1.44186640,0.200000,-4.200000,10.00,-4.000000,"[PASS] Candle Strength 15m: BS15=0.777 [>= 0.6];[PASS] Candle Strength 5m: BS5=0.777 [>= 0.6];[PASS] EMA Trend 1h: EMA21=1.40, EMA50=1.40;[FAIL] EMA Trend 4h: EMA21=1.40, EMA50=1.40, EMA200=1.26;[PASS] RSI 30m: RSI=41.43;[FAIL] MACD 30m: MACD_hist=-0.0011;[FAIL] Smart Pullback: price=1.3864 EMA=1.3928 RSI=41.4 BS=0.777;[FAIL] ADX: ADX=21.03 [>22], DI+=14.88, DI-=27.96;[FAIL] CCI Momentum: CCI=-131.84;[FAIL] SAR: SAR=1.3816, price=1.3864;[FAIL] Stochastic: K=19.35 D=19.35;[PASS] EMA Rejection: Rejected;[FAIL] Resistance Test: No test;[PASS] Pullback: Detected;[PASS] Double Top/Bottom: Pattern=double_top;[FAIL] Range Filter: EMA diff=0.0035 [>0.005];[PASS] Combined Range Filter: diff=0.0035, ADX=21.03, mode=AND",,,,,,,,,,
BNB-USDT,LONG,S3,کرونوس (Cronus),755.45300000,725.23488000,0.00000000,2026-09-08 11:15:55,CLOSED,TRAIL_STOP,2026-09-09 12:15:17,760.59200000,0.200000,0.480254,10.00,0.680254,"[FAIL] Candle Strength 15m: BS15=0.996 [too high - likely end of move];[FAIL] Candle Strength 5m: BS5=0.996 [too high];[FAIL] EMA Trend 1h: EMA21=744.77, EMA50=745.19;[PASS] EMA Trend 4h: EMA21=742.20, EMA50=726.78, EMA200=666.87;[FAIL] RSI 30m: RSI=68.72;[PASS] MACD 30m: MACD_hist=1.3648;[FAIL] Smart Pullback: price=755.4530 EMA=745.5802 RSI=68.7 BS=0.996;[PASS] ADX: ADX=23.77 [>22], DI+=38.56, DI-=15.70;[FAIL] CCI Momentum: CCI=170.56;[PASS] SAR: SAR=747.7576, price=755.4530;[FAIL] Stochastic: K=92.93 D=92.93;[FAIL] EMA Rejection: No rejection;[PASS] Resistance Test: Tested;[PASS] Pullback: Detected;[FAIL] Double Top/Bottom: No pattern;[FAIL] Range Filter: EMA diff=0.0013 [>0.005];[PASS] Combined Range Filter: diff=0.0013, ADX=23.77, mode=AND",,,,,,,,,,
SUI-USDT,LONG,B1,هایپریون (Hyperion),0.81870000,0.78595200,0.00000000,2026-09-08 11:15:58,CLOSED,TRAIL_STOP,2026-09-09 12:15:17,0.82122000,0.200000,0.107805,10.00,0.307805,"[PASS] Candle Strength 15m: BS15=0.800 [>= 0.6];[PASS] Candle Strength 5m: BS5=0.800 [>= 0.6];[PASS] EMA Trend 1h: EMA21=0.82, EMA50=0.81;[PASS] EMA Trend 4h: EMA21=0.80, EMA50=0.78, EMA200=0.74;[FAIL] RSI 30m: RSI=49.30;[FAIL] MACD 30m: MACD_hist=-0.0010;[FAIL] Smart Pullback: price=0.8187 EMA=0.8196 RSI=49.3 BS=0.800;[FAIL] ADX: ADX=10.17 [>22], DI+=23.50, DI-=21.67;[PASS] CCI Momentum: CCI=-13.97;[PASS] SAR: SAR=0.8113, price=0.8187;[FAIL] Stochastic: K=34.55 D=34.55;[PASS] EMA Rejection: Rejected;[PASS] Resistance Test: Tested;[PASS] Pullback: Detected;[FAIL] Double Top/Bottom: No pattern;[FAIL] Range Filter: EMA diff=0.0026 [>0.005];[FAIL] Combined Range Filter: diff=0.0026, ADX=10.17, mode=OR",,,,,,,,,,
DOT-USDT,LONG,B1,هایپریون (Hyperion),1.05880000,1.01644800,0.00000000,2026-09-08 11:16:00,CLOSED,TRAIL_STOP,2026-09-09 12:15:18,1.06429000,0.200000,0.318512,10.00,0.518512,"[FAIL] Candle Strength 15m: BS15=0.556 [>= 0.6];[FAIL] Candle Strength 5m: BS5=0.556 [>= 0.6];[PASS] EMA Trend 1h: EMA21=1.05, EMA50=1.02;[PASS] EMA Trend 4h: EMA21=0.98, EMA50=0.93, EMA200=0.86;[FAIL] RSI 30m: RSI=49.19;[FAIL] MACD 30m: MACD_hist=-0.0021;[PASS] Smart Pullback: price=1.0588 EMA=1.0629 RSI=49.2 BS=0.556;[FAIL] ADX: ADX=16.45 [>22], DI+=19.52, DI-=18.56;[PASS] CCI Momentum: CCI=-18.38;[PASS] SAR: SAR=1.0575, price=1.0588;[FAIL] Stochastic: K=30.67 D=30.67;[PASS] EMA Rejection: Rejected;[FAIL] Resistance Test: No test;[PASS] Pullback: Detected;[PASS] Double Top/Bottom: Pattern=double_top;[PASS] Range Filter: EMA diff=0.0156 [>0.005];[FAIL] Combined Range Filter: diff=0.0156, ADX=16.45, mode=OR",,,,,,,,,,
LINK-USDT,SHORT,S2,ایاپتوس (Iapetus),12.67530000,13.18231200,0.00000000,2026-09-08 11:16:02,CLOSED,TRAIL_STOP,2026-09-09 12:15:18,12.62175000,0.200000,0.222475,10.00,0.422475,"[PASS] Candle Strength 15m: BS15=0.800 [>= 0.6];[PASS] Candle Strength 5m: BS5=0.800 [>= 0.6];[FAIL] EMA Trend 1h: EMA21=12.78, EMA50=12.70;[FAIL] EMA Trend 4h: EMA21=12.48, EMA50=12.04, EMA200=10.55;[PASS] RSI 30m: RSI=44.00;[FAIL] MACD 30m: MACD_hist=0.0100;[FAIL] Smart Pullback: price=12.6753 EMA=12.7113 RSI=44.0 BS=0.800;[PASS] ADX: ADX=34.12 [>22], DI+=15.70, DI-=26.89;[PASS] CCI Momentum: CCI=-10.56;[FAIL] SAR: SAR=12.6173, price=12.6753;[FAIL] Stochastic: K=45.01 D=45.01;[FAIL] EMA Rejection: No rejection;[FAIL] Resistance Test: No test;[PASS] Pullback: Detected;[PASS] Double Top/Bottom: Pattern=double_bottom;[PASS] Range Filter: EMA diff=0.0059 [>0.005];[PASS] Combined Range Filter: diff=0.0059, ADX=34.12, mode=AND",,,,,,,,,,
LINK-USDT,SHORT,B2,اطلس (Atlas),12.67530000,13.18231200,0.00000000,2026-09-08 11:16:04,CLOSED,TRAIL_STOP,2026-09-09 12:15:19,12.62175000,0.200000,0.222475,10.00,0.422475,"[PASS] Candle Strength 15m: BS15=0.800 [>= 0.48];[PASS] Candle Strength 5m: BS5=0.800 [>= 0.48];[FAIL] EMA Trend 1h: EMA21=12.78, EMA50=12.70;[FAIL] EMA Trend 4h: EMA21=12.48, EMA50=12.04, EMA200=10.55;[PASS] RSI 30m: RSI=44.00;[FAIL] MACD 30m: MACD_hist=0.0100;[FAIL] Smart Pullback: price=12.6753 EMA=12.7113 RSI=44.0 BS=0.800;[PASS] ADX: ADX=34.12 [>22], DI+=15.70, DI-=26.89;[PASS] CCI Momentum: CCI=-10.56;[FAIL] SAR: SAR=12.6173, price=12.6753;[FAIL] Stochastic: K=45.01 D=45.01;[FAIL] EMA Rejection: No rejection;[FAIL] Resistance Test: No test;[PASS] Pullback: Detected;[PASS] Double Top/Bottom: Pattern=double_bottom;[PASS] Range Filter: EMA diff=0.0059 [>0.005];[PASS] Combined Range Filter: diff=0.0059, ADX=34.12, mode=OR",,,,,,,,,,
AVAX-USDT,LONG,B1,هایپریون (Hyperion),8.05100000,7.72896000,0.00000000,2026-09-08 11:16:05,CLOSED,TRAIL_STOP,2026-09-09 12:15:19,8.11040000,0.200000,0.537797,10.00,0.737797,"[FAIL] Candle Strength 15m: BS15=0.857 [too high - likely end of move];[FAIL] Candle Strength 5m: BS5=0.857 [too high];[PASS] EMA Trend 1h: EMA21=8.03, EMA50=7.91;[PASS] EMA Trend 4h: EMA21=7.79, EMA50=7.59, EMA200=7.09;[FAIL] RSI 30m: RSI=49.05;[FAIL] MACD 30m: MACD_hist=-0.0067;[FAIL] Smart Pullback: price=8.0510 EMA=8.0623 RSI=49.0 BS=0.857;[FAIL] ADX: ADX=14.99 [>22], DI+=22.51, DI-=21.27;[FAIL] CCI Momentum: CCI=-39.85;[PASS] SAR: SAR=8.0432, price=8.0510;[FAIL] Stochastic: K=24.31 D=24.31;[PASS] EMA Rejection: Rejected;[FAIL] Resistance Test: No test;[PASS] Pullback: Detected;[PASS] Double Top/Bottom: Pattern=double_top;[PASS] Range Filter: EMA diff=0.0058 [>0.005];[FAIL] Combined Range Filter: diff=0.0058, ADX=14.99, mode=OR",,,,,,,,,,
ATOM-USDT,LONG,S3,کرونوس (Cronus),1.65200000,1.58592000,0.00000000,2026-09-08 11:16:07,CLOSED,TRAIL_STOP,2026-09-09 12:15:20,1.66352000,0.200000,0.497337,10.00,0.697337,"[FAIL] Candle Strength 15m: BS15=0.271 [>= 0.6];[PASS] Candle Strength 5m: BS5=0.652 [>= 0.6];[PASS] EMA Trend 1h: EMA21=1.64, EMA50=1.62;[PASS] EMA Trend 4h: EMA21=1.59, EMA50=1.55, EMA200=1.47;[PASS] RSI 30m: RSI=56.69;[FAIL] MACD 30m: MACD_hist=0.0016;[FAIL] Smart Pullback: price=1.6520 EMA=1.6408 RSI=56.7 BS=0.271;[FAIL] ADX: ADX=14.03 [>22], DI+=31.55, DI-=21.51;[FAIL] CCI Momentum: CCI=156.74;[PASS] SAR: SAR=1.6410, price=1.6520;[FAIL] Stochastic: K=86.04 D=86.04;[PASS] EMA Rejection: Rejected;[PASS] Resistance Test: Tested;[PASS] Pullback: Detected;[PASS] Double Top/Bottom: Pattern=double_top;[FAIL] Range Filter: EMA diff=0.0044 [>0.005];[PASS] Combined Range Filter: diff=0.0044, ADX=14.03, mode=AND",,,,,,,,,,
ATOM-USDT,LONG,B1,هایپریون (Hyperion),1.65200000,1.58592000,0.00000000,2026-09-08 11:16:08,CLOSED,TRAIL_STOP,2026-09-09 12:15:20,1.66352000,0.200000,0.497337,10.00,0.697337,"[FAIL] Candle Strength 15m: BS15=0.271 [>= 0.6];[PASS] Candle Strength 5m: BS5=0.652 [>= 0.6];[PASS] EMA Trend 1h: EMA21=1.64, EMA50=1.62;[PASS] EMA Trend 4h: EMA21=1.59, EMA50=1.55, EMA200=1.47;[PASS] RSI 30m: RSI=56.69;[FAIL] MACD 30m: MACD_hist=0.0016;[FAIL] Smart Pullback: price=1.6520 EMA=1.6408 RSI=56.7 BS=0.271;[FAIL] ADX: ADX=14.03 [>22], DI+=31.55, DI-=21.51;[FAIL] CCI Momentum: CCI=156.74;[PASS] SAR: SAR=1.6410, price=1.6520;[FAIL] Stochastic: K=86.04 D=86.04;[PASS] EMA Rejection: Rejected;[PASS] Resistance Test: Tested;[PASS] Pullback: Detected;[PASS] Double Top/Bottom: Pattern=double_top;[FAIL] Range Filter: EMA diff=0.0044 [>0.005];[FAIL] Combined Range Filter: diff=0.0044, ADX=14.03, mode=OR",,,,,,,,,,
FIL-USDT,LONG,B1,هایپریون (Hyperion),0.83820000,0.80467200,0.00000000,2026-09-08 11:16:10,CLOSED,TRAIL_STOP,2026-09-09 12:15:20,0.84990000,0.200000,1.195848,10.00,1.395848,"[FAIL] Candle Strength 15m: BS15=1.000 [too high - likely end of move];[FAIL] Candle Strength 5m: BS5=1.000 [too high];[PASS] EMA Trend 1h: EMA21=0.84, EMA50=0.82;[PASS] EMA Trend 4h: EMA21=0.81, EMA50=0.78, EMA200=0.73;[FAIL] RSI 30m: RSI=46.74;[FAIL] MACD 30m: MACD_hist=-0.0005;[FAIL] Smart Pullback: price=0.8382 EMA=0.8437 RSI=46.7 BS=1.000;[FAIL] ADX: ADX=14.14 [>22], DI+=21.09, DI-=20.76;[FAIL] CCI Momentum: CCI=-22.39;[FAIL] SAR: SAR=0.8410, price=0.8382;[FAIL] Stochastic: K=12.66 D=12.66;[PASS] EMA Rejection: Rejected;[PASS] Resistance Test: Tested;[PASS] Pullback: Detected;[PASS] Double Top/Bottom: Pattern=double_top;[PASS] Range Filter: EMA diff=0.0077 [>0.005];[FAIL] Combined Range Filter: diff=0.0077, ADX=14.14, mode=OR",,,,,,,,,,
INJ-USDT,LONG,S3,کرونوس (Cronus),6.25500000,6.00480000,0.00000000,2026-09-08 11:16:12,CLOSED,TRAIL_STOP,2026-09-09 12:15:21,6.28470000,0.200000,0.274820,10.00,0.474820,"[FAIL] Candle Strength 15m: BS15=1.000 [too high - likely end of move];[FAIL] Candle Strength 5m: BS5=1.000 [too high];[PASS] EMA Trend 1h: EMA21=6.12, EMA50=5.75;[PASS] EMA Trend 4h: EMA21=5.55, EMA50=5.26, EMA200=4.95;[PASS] RSI 30m: RSI=50.71;[FAIL] MACD 30m: MACD_hist=-0.0481;[FAIL] Smart Pullback: price=6.2550 EMA=6.2910 RSI=50.7 BS=1.000;[PASS] ADX: ADX=36.85 [>22], DI+=25.73, DI-=19.52;[FAIL] CCI Momentum: CCI=-44.30;[PASS] SAR: SAR=6.2271, price=6.2550;[FAIL] Stochastic: K=5.92 D=5.92;[PASS] EMA Rejection: Rejected;[FAIL] Resistance Test: No test;[PASS] Pullback: Detected;[FAIL] Double Top/Bottom: No pattern;[PASS] Range Filter: EMA diff=0.0377 [>0.005];[PASS] Combined Range Filter: diff=0.0377, ADX=36.85, mode=AND",,,,,,,,,,
INJ-USDT,LONG,B1,هایپریون (Hyperion),6.25500000,6.00480000,0.00000000,2026-09-08 11:16:14,CLOSED,TRAIL_STOP,2026-09-09 12:15:21,6.28470000,0.200000,0.274820,10.00,0.474820,"[FAIL] Candle Strength 15m: BS15=1.000 [too high - likely end of move];[FAIL] Candle Strength 5m: BS5=1.000 [too high];[PASS] EMA Trend 1h: EMA21=6.12, EMA50=5.75;[PASS] EMA Trend 4h: EMA21=5.55, EMA50=5.26, EMA200=4.95;[PASS] RSI 30m: RSI=50.71;[FAIL] MACD 30m: MACD_hist=-0.0481;[FAIL] Smart Pullback: price=6.2550 EMA=6.2910 RSI=50.7 BS=1.000;[PASS] ADX: ADX=36.85 [>22], DI+=25.73, DI-=19.52;[FAIL] CCI Momentum: CCI=-44.30;[PASS] SAR: SAR=6.2271, price=6.2550;[FAIL] Stochastic: K=5.92 D=5.92;[PASS] EMA Rejection: Rejected;[FAIL] Resistance Test: No test;[PASS] Pullback: Detected;[FAIL] Double Top/Bottom: No pattern;[PASS] Range Filter: EMA diff=0.0377 [>0.005];[PASS] Combined Range Filter: diff=0.0377, ADX=36.85, mode=OR",,,,,,,,,,
BTC-USDT,SHORT,S3,کرونوس (Cronus),78327.80000000,81460.91200000,0.00000000,2026-09-08 11:49:40,CLOSED,TRAIL_STOP,2026-09-09 12:15:22,77714.09000000,0.200000,0.583515,10.00,0.783515,"[PASS] Candle Strength 15m: BS15=0.612 [>= 0.6];[PASS] Candle Strength 5m: BS5=0.612 [>= 0.6];[PASS] EMA Trend 1h: EMA21=78958.52, EMA50=79285.52;[FAIL] EMA Trend 4h: EMA21=79272.28, EMA50=79006.16, EMA200=73114.98;[FAIL] RSI 30m: RSI=33.94;[PASS] MACD 30m: MACD_hist=-51.1883;[FAIL] Smart Pullback: price=78327.8000 EMA=78774.9692 RSI=33.9 BS=0.612;[PASS] ADX: ADX=37.17 [>22], DI+=8.38, DI-=31.10;[FAIL] CCI Momentum: CCI=-120.17;[FAIL] SAR: SAR=78194.1620, price=78327.8000;[FAIL] Stochastic: K=10.57 D=10.57;[FAIL] EMA Rejection: No rejection;[FAIL] Resistance Test: No test;[PASS] Pullback: Detected;[FAIL] Double Top/Bottom: No pattern;[FAIL] Range Filter: EMA diff=0.0037 [>0.005];[PASS] Combined Range Filter: diff=0.0037, ADX=37.17, mode=AND",,,,,,,,,,
BNB-USDT,LONG,S3,کرونوس (Cronus),757.92500000,727.60800000,0.00000000,2026-09-08 11:49:41,OPEN,,,,,,10.00,,"[FAIL] Candle Strength 15m: BS15=0.171 [>= 0.6];[FAIL] Candle Strength 5m: BS5=0.171 [>= 0.6];[PASS] EMA Trend 1h: EMA21=745.95, EMA50=745.68;[PASS] EMA Trend 4h: EMA21=743.61, EMA50=727.99, EMA200=667.66;[FAIL] RSI 30m: RSI=71.26;[PASS] MACD 30m: MACD_hist=1.5696;[FAIL] Smart Pullback: price=757.9250 EMA=746.6806 RSI=71.3 BS=0.171;[PASS] ADX: ADX=25.56 [>22], DI+=38.81, DI-=13.90;[FAIL] CCI Momentum: CCI=171.33;[PASS] SAR: SAR=751.6342, price=757.9250;[FAIL] Stochastic: K=93.05 D=93.05;[FAIL] EMA Rejection: No rejection;[PASS] Resistance Test: Tested;[PASS] Pullback: Detected;[PASS] Double Top/Bottom: Pattern=double_top;[FAIL] Range Filter: EMA diff=0.0020 [>0.005];[PASS] Combined Range Filter: diff=0.0020, ADX=25.56, mode=AND",,,,,,,,,,
BNB-USDT,LONG,B1,هایپریون (Hyperion),757.92500000,727.60800000,0.00000000,2026-09-08 11:49:43,OPEN,,,,,,10.00,,"[FAIL] Candle Strength 15m: BS15=0.171 [>= 0.6];[FAIL] Candle Strength 5m: BS5=0.171 [>= 0.6];[PASS] EMA Trend 1h: EMA21=745.95, EMA50=745.68;[PASS] EMA Trend 4h: EMA21=743.61, EMA50=727.99, EMA200=667.66;[FAIL] RSI 30m: RSI=71.26;[PASS] MACD 30m: MACD_hist=1.5696;[FAIL] Smart Pullback: price=757.9250 EMA=746.6806 RSI=71.3 BS=0.171;[PASS] ADX: ADX=25.56 [>22], DI+=38.81, DI-=13.90;[FAIL] CCI Momentum: CCI=171.33;[PASS] SAR: SAR=751.6342, price=757.9250;[FAIL] Stochastic: K=93.05 D=93.05;[FAIL] EMA Rejection: No rejection;[PASS] Resistance Test: Tested;[PASS] Pullback: Detected;[PASS] Double Top/Bottom: Pattern=double_top;[FAIL] Range Filter: EMA diff=0.0020 [>0.005];[FAIL] Combined Range Filter: diff=0.0020, ADX=25.56, mode=OR",,,,,,,,,,
INJ-USDT,LONG,S3,کرونوس (Cronus),6.25100000,6.00096000,0.00000000,2026-09-08 11:49:48,CLOSED,TRAIL_STOP,2026-09-09 12:15:23,6.32120000,0.200000,0.923020,10.00,1.123020,"[FAIL] Candle Strength 15m: BS15=0.889 [too high - likely end of move];[FAIL] Candle Strength 5m: BS5=0.889 [too high];[PASS] EMA Trend 1h: EMA21=6.13, EMA50=5.77;[PASS] EMA Trend 4h: EMA21=5.61, EMA50=5.30, EMA200=4.96;[PASS] RSI 30m: RSI=50.50;[FAIL] MACD 30m: MACD_hist=-0.0490;[FAIL] Smart Pullback: price=6.2510 EMA=6.2866 RSI=50.5 BS=0.889;[PASS] ADX: ADX=35.28 [>22], DI+=25.26, DI-=18.77;[FAIL] CCI Momentum: CCI=-47.86;[PASS] SAR: SAR=6.2253, price=6.2510;[FAIL] Stochastic: K=5.49 D=5.49;[PASS] EMA Rejection: Rejected;[FAIL] Resistance Test: No test;[PASS] Pullback: Detected;[FAIL] Double Top/Bottom: No pattern;[PASS] Range Filter: EMA diff=0.0359 [>0.005];[PASS] Combined Range Filter: diff=0.0359, ADX=35.28, mode=AND",,,,,,,,,,
INJ-USDT,LONG,B1,هایپریون (Hyperion),6.25100000,6.00096000,0.00000000,2026-09-08 11:49:50,CLOSED,TRAIL_STOP,2026-09-09 12:15:23,6.32120000,0.200000,0.923020,10.00,1.123020,"[FAIL] Candle Strength 15m: BS15=0.889 [too high - likely end of move];[FAIL] Candle Strength 5m: BS5=0.889 [too high];[PASS] EMA Trend 1h: EMA21=6.13, EMA50=5.77;[PASS] EMA Trend 4h: EMA21=5.61, EMA50=5.30, EMA200=4.96;[PASS] RSI 30m: RSI=50.50;[FAIL] MACD 30m: MACD_hist=-0.0490;[FAIL] Smart Pullback: price=6.2510 EMA=6.2866 RSI=50.5 BS=0.889;[PASS] ADX: ADX=35.28 [>22], DI+=25.26, DI-=18.77;[FAIL] CCI Momentum: CCI=-47.86;[PASS] SAR: SAR=6.2253, price=6.2510;[FAIL] Stochastic: K=5.49 D=5.49;[PASS] EMA Rejection: Rejected;[FAIL] Resistance Test: No test;[PASS] Pullback: Detected;[FAIL] Double Top/Bottom: No pattern;[PASS] Range Filter: EMA diff=0.0359 [>0.005];[PASS] Combined Range Filter: diff=0.0359, ADX=35.28, mode=OR",,,,,,,,,,
SOL-USDT,SHORT,B2,اطلس (Atlas),103.13000000,107.25520000,0.00000000,2026-09-08 12:16:31,CLOSED,TRAIL_STOP,2026-09-09 12:15:24,102.84200000,0.200000,0.079259,10.00,0.279259,"[PASS] Candle Strength 15m: BS15=0.556 [>= 0.48];[PASS] Candle Strength 5m: BS5=0.556 [>= 0.48];[PASS] EMA Trend 1h: EMA21=103.74, EMA50=104.17;[FAIL] EMA Trend 4h: EMA21=103.86, EMA50=102.98, EMA200=91.67;[PASS] RSI 30m: RSI=45.00;[FAIL] MACD 30m: MACD_hist=0.0073;[FAIL] Smart Pullback: price=103.1300 EMA=103.3162 RSI=45.0 BS=0.556;[PASS] ADX: ADX=28.25 [>22], DI+=16.46, DI-=25.36;[PASS] CCI Momentum: CCI=-48.99;[FAIL] SAR: SAR=102.5232, price=103.1300;[FAIL] Stochastic: K=35.38 D=35.38;[FAIL] EMA Rejection: No rejection;[FAIL] Resistance Test: No test;[PASS] Pullback: Detected;[PASS] Double Top/Bottom: Pattern=double_bottom;[PASS] Range Filter: EMA diff=0.0053 [>0.005];[PASS] Combined Range Filter: diff=0.0053, ADX=28.25, mode=OR",,,,,,,,,,
XAUT-USDT,SHORT,S2,ایاپتوس (Iapetus),4392.18000000,4567.86720000,0.00000000,2026-09-08 12:16:33,CLOSED,TRAIL_STOP,2026-09-09 12:15:24,4364.23500000,0.200000,0.436244,10.00,0.636244,"[PASS] Candle Strength 15m: BS15=0.764 [>= 0.6];[PASS] Candle Strength 5m: BS5=0.764 [>= 0.6];[PASS] EMA Trend 1h: EMA21=4410.30, EMA50=4412.50;[FAIL] EMA Trend 4h: EMA21=4413.12, EMA50=4428.08, EMA200=4367.97;[PASS] RSI 30m: RSI=35.88;[PASS] MACD 30m: MACD_hist=-4.4317;[FAIL] Smart Pullback: price=4392.1800 EMA=4409.2812 RSI=35.9 BS=0.764;[PASS] ADX: ADX=25.21 [>22], DI+=20.62, DI-=39.33;[FAIL] CCI Momentum: CCI=-131.54;[FAIL] SAR: SAR=4387.1342, price=4392.1800;[FAIL] Stochastic: K=10.27 D=10.27;[FAIL] EMA Rejection: No rejection;[PASS] Resistance Test: Tested;[PASS] Pullback: Detected;[PASS] Double Top/Bottom: Pattern=double_bottom;[FAIL] Range Filter: EMA diff=0.0003 [>0.005];[PASS] Combined Range Filter: diff=0.0003, ADX=25.21, mode=AND",,,,,,,,,,
XAUT-USDT,SHORT,S3,کرونوس (Cronus),4392.18000000,4567.86720000,0.00000000,2026-09-08 12:16:35,CLOSED,TRAIL_STOP,2026-09-09 12:15:25,4364.23500000,0.200000,0.436244,10.00,0.636244,"[PASS] Candle Strength 15m: BS15=0.764 [>= 0.6];[PASS] Candle Strength 5m: BS5=0.764 [>= 0.6];[PASS] EMA Trend 1h: EMA21=4410.30, EMA50=4412.50;[FAIL] EMA Trend 4h: EMA21=4413.12, EMA50=4428.08, EMA200=4367.97;[PASS] RSI 30m: RSI=35.88;[PASS] MACD 30m: MACD_hist=-4.4317;[FAIL] Smart Pullback: price=4392.1800 EMA=4409.2812 RSI=35.9 BS=0.764;[PASS] ADX: ADX=25.21 [>22], DI+=20.62, DI-=39.33;[FAIL] CCI Momentum: CCI=-131.54;[FAIL] SAR: SAR=4387.1342, price=4392.1800;[FAIL] Stochastic: K=10.27 D=10.27;[FAIL] EMA Rejection: No rejection;[PASS] Resistance Test: Tested;[PASS] Pullback: Detected;[PASS] Double Top/Bottom: Pattern=double_bottom;[FAIL] Range Filter: EMA diff=0.0003 [>0.005];[PASS] Combined Range Filter: diff=0.0003, ADX=25.21, mode=AND",,,,,,,,,,
XAUT-USDT,SHORT,B2,اطلس (Atlas),4392.18000000,4567.86720000,0.00000000,2026-09-08 12:16:36,CLOSED,TRAIL_STOP,2026-09-09 12:15:25,4364.23500000,0.200000,0.436244,10.00,0.636244,"[PASS] Candle Strength 15m: BS15=0.764 [>= 0.48];[PASS] Candle Strength 5m: BS5=0.764 [>= 0.48];[PASS] EMA Trend 1h: EMA21=4410.30, EMA50=4412.50;[FAIL] EMA Trend 4h: EMA21=4413.12, EMA50=4428.08, EMA200=4367.97;[PASS] RSI 30m: RSI=35.88;[PASS] MACD 30m: MACD_hist=-4.4317;[FAIL] Smart Pullback: price=4392.1800 EMA=4409.2812 RSI=35.9 BS=0.764;[PASS] ADX: ADX=25.21 [>22], DI+=20.62, DI-=39.33;[FAIL] CCI Momentum: CCI=-131.54;[FAIL] SAR: SAR=4387.1342, price=4392.1800;[FAIL] Stochastic: K=10.27 D=10.27;[FAIL] EMA Rejection: No rejection;[PASS] Resistance Test: Tested;[PASS] Pullback: Detected;[PASS] Double Top/Bottom: Pattern=double_bottom;[FAIL] Range Filter: EMA diff=0.0003 [>0.005];[FAIL] Combined Range Filter: diff=0.0003, ADX=25.21, mode=OR",,,,,,,,,,
DOT-USDT,LONG,B1,هایپریون (Hyperion),1.07340000,1.03046400,0.00000000,2026-09-08 12:16:39,CLOSED,TRAIL_STOP,2026-09-09 12:15:26,1.09401000,0.200000,1.720067,10.00,1.920067,"[FAIL] Candle Strength 15m: BS15=0.071 [>= 0.6];[FAIL] Candle Strength 5m: BS5=0.071 [>= 0.6];[PASS] EMA Trend 1h: EMA21=1.05, EMA50=1.02;[PASS] EMA Trend 4h: EMA21=0.99, EMA50=0.94, EMA200=0.86;[PASS] RSI 30m: RSI=55.45;[FAIL] MACD 30m: MACD_hist=-0.0009;[FAIL] Smart Pullback: price=1.0734 EMA=1.0640 RSI=55.5 BS=0.071;[FAIL] ADX: ADX=15.17 [>22], DI+=23.00, DI-=17.29;[PASS] CCI Momentum: CCI=85.77;[PASS] SAR: SAR=1.0555, price=1.0734;[FAIL] Stochastic: K=67.08 D=67.08;[PASS] EMA Rejection: Rejected;[FAIL] Resistance Test: No test;[PASS] Pullback: Detected;[FAIL] Double Top/Bottom: No pattern;[PASS] Range Filter: EMA diff=0.0148 [>0.005];[FAIL] Combined Range Filter: diff=0.0148, ADX=15.17, mode=OR",,,,,,,,,,
ATOM-USDT,LONG,S3,کرونوس (Cronus),1.66160000,1.59513600,0.00000000,2026-09-08 12:16:41,CLOSED,TRAIL_STOP,2026-09-09 12:15:26,1.66727000,0.200000,0.141237,10.00,0.341237,"[FAIL] Candle Strength 15m: BS15=1.000 [too high - likely end of move];[FAIL] Candle Strength 5m: BS5=1.000 [too high];[PASS] EMA Trend 1h: EMA21=1.64, EMA50=1.62;[PASS] EMA Trend 4h: EMA21=1.60, EMA50=1.56, EMA200=1.47;[PASS] RSI 30m: RSI=60.87;[PASS] MACD 30m: MACD_hist=0.0023;[FAIL] Smart Pullback: price=1.6616 EMA=1.6437 RSI=60.9 BS=1.000;[FAIL] ADX: ADX=15.13 [>22], DI+=30.40, DI-=18.30;[FAIL] CCI Momentum: CCI=187.26;[PASS] SAR: SAR=1.6498, price=1.6616;[FAIL] Stochastic: K=100.00 D=100.00;[PASS] EMA Rejection: Rejected;[PASS] Resistance Test: Tested;[PASS] Pullback: Detected;[FAIL] Double Top/Bottom: No pattern;[FAIL] Range Filter: EMA diff=0.0050 [>0.005];[PASS] Combined Range Filter: diff=0.0050, ADX=15.13, mode=AND",,,,,,,,,,
ATOM-USDT,LONG,B1,هایپریون (Hyperion),1.66160000,1.59513600,0.00000000,2026-09-08 12:16:43,CLOSED,TRAIL_STOP,2026-09-09 12:15:27,1.66727000,0.200000,0.141237,10.00,0.341237,"[FAIL] Candle Strength 15m: BS15=1.000 [too high - likely end of move];[FAIL] Candle Strength 5m: BS5=1.000 [too high];[PASS] EMA Trend 1h: EMA21=1.64, EMA50=1.62;[PASS] EMA Trend 4h: EMA21=1.60, EMA50=1.56, EMA200=1.47;[PASS] RSI 30m: RSI=60.87;[PASS] MACD 30m: MACD_hist=0.0023;[FAIL] Smart Pullback: price=1.6616 EMA=1.6437 RSI=60.9 BS=1.000;[FAIL] ADX: ADX=15.13 [>22], DI+=30.40, DI-=18.30;[FAIL] CCI Momentum: CCI=187.26;[PASS] SAR: SAR=1.6498, price=1.6616;[FAIL] Stochastic: K=100.00 D=100.00;[PASS] EMA Rejection: Rejected;[PASS] Resistance Test: Tested;[PASS] Pullback: Detected;[FAIL] Double Top/Bottom: No pattern;[FAIL] Range Filter: EMA diff=0.0050 [>0.005];[FAIL] Combined Range Filter: diff=0.0050, ADX=15.13, mode=OR",,,,,,,,,,
FIL-USDT,LONG,B1,هایپریون (Hyperion),0.84810000,0.81417600,0.00000000,2026-09-08 12:16:44,CLOSED,TRAIL_STOP,2026-09-09 12:15:27,0.86259000,0.200000,1.508525,10.00,1.708525,"[FAIL] Candle Strength 15m: BS15=0.889 [too high - likely end of move];[FAIL] Candle Strength 5m: BS5=0.889 [too high];[PASS] EMA Trend 1h: EMA21=0.84, EMA50=0.83;[PASS] EMA Trend 4h: EMA21=0.81, EMA50=0.78, EMA200=0.74;[PASS] RSI 30m: RSI=53.73;[FAIL] MACD 30m: MACD_hist=-0.0005;[FAIL] Smart Pullback: price=0.8481 EMA=0.8437 RSI=53.7 BS=0.889;[FAIL] ADX: ADX=13.57 [>22], DI+=26.13, DI-=20.62;[PASS] CCI Momentum: CCI=19.54;[PASS] SAR: SAR=0.8342, price=0.8481;[FAIL] Stochastic: K=58.44 D=58.44;[PASS] EMA Rejection: Rejected;[PASS] Resistance Test: Tested;[PASS] Pullback: Detected;[FAIL] Double Top/Bottom: No pattern;[PASS] Range Filter: EMA diff=0.0070 [>0.005];[FAIL] Combined Range Filter: diff=0.0070, ADX=13.57, mode=OR",,,,,,,,,,
INJ-USDT,LONG,S1,پرومتئوس (Prometheus),6.31000000,6.05760000,0.00000000,2026-09-08 12:16:47,CLOSED,TRAIL_STOP,2026-09-09 12:15:28,6.34060000,0.200000,0.284945,10.00,0.484945,"[FAIL] Candle Strength 15m: BS15=1.000 [too high - likely end of move];[FAIL] Candle Strength 5m: BS5=1.000 [too high];[PASS] EMA Trend 1h: EMA21=6.14, EMA50=5.78;[PASS] EMA Trend 4h: EMA21=5.61, EMA50=5.31, EMA200=4.96;[PASS] RSI 30m: RSI=54.20;[FAIL] MACD 30m: MACD_hist=-0.0445;[FAIL] Smart Pullback: price=6.3100 EMA=6.2875 RSI=54.2 BS=1.000;[PASS] ADX: ADX=33.17 [>22], DI+=24.99, DI-=19.34;[FAIL] CCI Momentum: CCI=-39.97;[PASS] SAR: SAR=6.1869, price=6.3100;[FAIL] Stochastic: K=23.68 D=23.68;[PASS] EMA Rejection: Rejected;[FAIL] Resistance Test: No test;[PASS] Pullback: Detected;[FAIL] Double Top/Bottom: No pattern;[PASS] Range Filter: EMA diff=0.0342 [>0.005];[PASS] Combined Range Filter: diff=0.0342, ADX=33.17, mode=AND",,,,,,,,,,
INJ-USDT,LONG,S3,کرونوس (Cronus),6.31000000,6.05760000,0.00000000,2026-09-08 12:16:48,CLOSED,TRAIL_STOP,2026-09-09 12:15:28,6.34060000,0.200000,0.284945,10.00,0.484945,"[FAIL] Candle Strength 15m: BS15=1.000 [too high - likely end of move];[FAIL] Candle Strength 5m: BS5=1.000 [too high];[PASS] EMA Trend 1h: EMA21=6.14, EMA50=5.78;[PASS] EMA Trend 4h: EMA21=5.61, EMA50=5.31, EMA200=4.96;[PASS] RSI 30m: RSI=54.20;[FAIL] MACD 30m: MACD_hist=-0.0445;[FAIL] Smart Pullback: price=6.3100 EMA=6.2875 RSI=54.2 BS=1.000;[PASS] ADX: ADX=33.17 [>22], DI+=24.99, DI-=19.34;[FAIL] CCI Momentum: CCI=-39.97;[PASS] SAR: SAR=6.1869, price=6.3100;[FAIL] Stochastic: K=23.68 D=23.68;[PASS] EMA Rejection: Rejected;[FAIL] Resistance Test: No test;[PASS] Pullback: Detected;[FAIL] Double Top/Bottom: No pattern;[PASS] Range Filter: EMA diff=0.0342 [>0.005];[PASS] Combined Range Filter: diff=0.0342, ADX=33.17, mode=AND",,,,,,,,,,
INJ-USDT,LONG,B1,هایپریون (Hyperion),6.31000000,6.05760000,0.00000000,2026-09-08 12:16:50,CLOSED,TRAIL_STOP,2026-09-09 12:15:29,6.34060000,0.200000,0.284945,10.00,0.484945,"[FAIL] Candle Strength 15m: BS15=1.000 [too high - likely end of move];[FAIL] Candle Strength 5m: BS5=1.000 [too high];[PASS] EMA Trend 1h: EMA21=6.14, EMA50=5.78;[PASS] EMA Trend 4h: EMA21=5.61, EMA50=5.31, EMA200=4.96;[PASS] RSI 30m: RSI=54.20;[FAIL] MACD 30m: MACD_hist=-0.0445;[FAIL] Smart Pullback: price=6.3100 EMA=6.2875 RSI=54.2 BS=1.000;[PASS] ADX: ADX=33.17 [>22], DI+=24.99, DI-=19.34;[FAIL] CCI Momentum: CCI=-39.97;[PASS] SAR: SAR=6.1869, price=6.3100;[FAIL] Stochastic: K=23.68 D=23.68;[PASS] EMA Rejection: Rejected;[FAIL] Resistance Test: No test;[PASS] Pullback: Detected;[FAIL] Double Top/Bottom: No pattern;[PASS] Range Filter: EMA diff=0.0342 [>0.005];[PASS] Combined Range Filter: diff=0.0342, ADX=33.17, mode=OR",,,,,,,,,,
BNB-USDT,LONG,S1,پرومتئوس (Prometheus),754.70100000,724.51296000,0.00000000,2026-09-08 12:48:44,CLOSED,TRAIL_STOP,2026-09-09 12:15:29,756.75210000,0.200000,0.071777,10.00,0.271777,"[PASS] Candle Strength 15m: BS15=0.641 [>= 0.6];[PASS] Candle Strength 5m: BS5=0.641 [>= 0.6];[PASS] EMA Trend 1h: EMA21=746.50, EMA50=745.92;[PASS] EMA Trend 4h: EMA21=743.32, EMA50=727.87, EMA200=667.63;[PASS] RSI 30m: RSI=63.50;[PASS] MACD 30m: MACD_hist=1.2274;[FAIL] Smart Pullback: price=754.7010 EMA=748.1348 RSI=63.5 BS=0.641;[PASS] ADX: ADX=27.80 [>22], DI+=33.90, DI-=17.65;[PASS] CCI Momentum: CCI=91.60;[PASS] SAR: SAR=754.2943, price=754.7010;[FAIL] Stochastic: K=73.19 D=73.19;[FAIL] EMA Rejection: No rejection;[PASS] Resistance Test: Tested;[PASS] Pullback: Detected;[FAIL] Double Top/Bottom: No pattern;[FAIL] Range Filter: EMA diff=0.0030 [>0.005];[PASS] Combined Range Filter: diff=0.0030, ADX=27.80, mode=AND",,,,,,,,,,
SUI-USDT,LONG,B1,هایپریون (Hyperion),0.82130000,0.78844800,0.00000000,2026-09-08 12:48:47,CLOSED,TRAIL_STOP,2026-09-09 12:15:30,0.83012000,0.200000,0.873907,10.00,1.073907,"[PASS] Candle Strength 15m: BS15=0.774 [>= 0.6];[PASS] Candle Strength 5m: BS5=0.774 [>= 0.6];[PASS] EMA Trend 1h: EMA21=0.82, EMA50=0.81;[PASS] EMA Trend 4h: EMA21=0.80, EMA50=0.78, EMA200=0.74;[PASS] RSI 30m: RSI=51.63;[FAIL] MACD 30m: MACD_hist=-0.0003;[FAIL] Smart Pullback: price=0.8213 EMA=0.8193 RSI=51.6 BS=0.774;[FAIL] ADX: ADX=8.63 [>22], DI+=20.71, DI-=21.23;[FAIL] CCI Momentum: CCI=-21.88;[PASS] SAR: SAR=0.8133, price=0.8213;[FAIL] Stochastic: K=51.27 D=51.27;[PASS] EMA Rejection: Rejected;[PASS] Resistance Test: Tested;[PASS] Pullback: Detected;[PASS] Double Top/Bottom: Pattern=double_top;[FAIL] Range Filter: EMA diff=0.0021 [>0.005];[FAIL] Combined Range Filter: diff=0.0021, ADX=8.63, mode=OR",,,,,,,,,,
ATOM-USDT,LONG,S3,کرونوس (Cronus),1.65940000,1.59302400,0.00000000,2026-09-08 12:48:50,CLOSED,TRAIL_STOP,2026-09-09 12:15:30,1.67434000,0.200000,0.700325,10.00,0.900325,"[FAIL] Candle Strength 15m: BS15=1.000 [too high - likely end of move];[FAIL] Candle Strength 5m: BS5=1.000 [too high];[PASS] EMA Trend 1h: EMA21=1.64, EMA50=1.62;[PASS] EMA Trend 4h: EMA21=1.60, EMA50=1.56, EMA200=1.47;[PASS] RSI 30m: RSI=58.69;[PASS] MACD 30m: MACD_hist=0.0026;[FAIL] Smart Pullback: price=1.6594 EMA=1.6453 RSI=58.7 BS=1.000;[FAIL] ADX: ADX=13.31 [>22], DI+=23.09, DI-=25.36;[FAIL] CCI Momentum: CCI=187.90;[PASS] SAR: SAR=1.6300, price=1.6594;[FAIL] Stochastic: K=79.95 D=79.95;[FAIL] EMA Rejection: No rejection;[PASS] Resistance Test: Tested;[PASS] Pullback: Detected;[FAIL] Double Top/Bottom: No pattern;[PASS] Range Filter: EMA diff=0.0053 [>0.005];[PASS] Combined Range Filter: diff=0.0053, ADX=13.31, mode=AND",,,,,,,,,,
ATOM-USDT,LONG,B1,هایپریون (Hyperion),1.65940000,1.59302400,0.00000000,2026-09-08 12:48:52,CLOSED,TRAIL_STOP,2026-09-09 12:15:31,1.67434000,0.200000,0.700325,10.00,0.900325,"[FAIL] Candle Strength 15m: BS15=1.000 [too high - likely end of move];[FAIL] Candle Strength 5m: BS5=1.000 [too high];[PASS] EMA Trend 1h: EMA21=1.64, EMA50=1.62;[PASS] EMA Trend 4h: EMA21=1.60, EMA50=1.56, EMA200=1.47;[PASS] RSI 30m: RSI=58.69;[PASS] MACD 30m: MACD_hist=0.0026;[FAIL] Smart Pullback: price=1.6594 EMA=1.6453 RSI=58.7 BS=1.000;[FAIL] ADX: ADX=13.31 [>22], DI+=23.09, DI-=25.36;[FAIL] CCI Momentum: CCI=187.90;[PASS] SAR: SAR=1.6300, price=1.6594;[FAIL] Stochastic: K=79.95 D=79.95;[FAIL] EMA Rejection: No rejection;[PASS] Resistance Test: Tested;[PASS] Pullback: Detected;[FAIL] Double Top/Bottom: No pattern;[PASS] Range Filter: EMA diff=0.0053 [>0.005];[FAIL] Combined Range Filter: diff=0.0053, ADX=13.31, mode=OR",,,,,,,,,,
BTC-USDT,SHORT,B2,اطلس (Atlas),78758.70000000,81909.04800000,0.00000000,2026-09-08 13:16:02,CLOSED,TRAIL_STOP,2026-09-09 12:15:31,78351.90000000,0.200000,0.316514,10.00,0.516514,"[PASS] Candle Strength 15m: BS15=0.629 [>= 0.48];[PASS] Candle Strength 5m: BS5=0.629 [>= 0.48];[PASS] EMA Trend 1h: EMA21=78947.55, EMA50=79268.13;[FAIL] EMA Trend 4h: EMA21=79312.05, EMA50=79023.32, EMA200=73119.33;[PASS] RSI 30m: RSI=48.64;[FAIL] MACD 30m: MACD_hist=4.2758;[FAIL] Smart Pullback: price=78758.7000 EMA=78731.7587 RSI=48.6 BS=0.629;[PASS] ADX: ADX=37.47 [>22], DI+=17.51, DI-=26.00;[PASS] CCI Momentum: CCI=-29.96;[FAIL] SAR: SAR=78357.8120, price=78758.7000;[FAIL] Stochastic: K=70.06 D=70.06;[PASS] EMA Rejection: Rejected;[FAIL] Resistance Test: No test;[PASS] Pullback: Detected;[PASS] Double Top/Bottom: Pattern=double_top;[FAIL] Range Filter: EMA diff=0.0036 [>0.005];[PASS] Combined Range Filter: diff=0.0036, ADX=37.47, mode=OR",,,,,,,,,,
LTC-USDT,LONG,S3,کرونوس (Cronus),55.71000000,53.48160000,0.00000000,2026-09-08 13:16:05,CLOSED,TRAIL_STOP,2026-09-09 12:15:32,55.94400000,0.200000,0.220032,10.00,0.420032,"[FAIL] Candle Strength 15m: BS15=0.500 [>= 0.6];[FAIL] Candle Strength 5m: BS5=0.500 [>= 0.6];[PASS] EMA Trend 1h: EMA21=55.36, EMA50=54.97;[PASS] EMA Trend 4h: EMA21=54.27, EMA50=52.63, EMA200=49.01;[PASS] RSI 30m: RSI=57.35;[PASS] MACD 30m: MACD_hist=0.0627;[FAIL] Smart Pullback: price=55.7100 EMA=55.3359 RSI=57.4 BS=0.500;[FAIL] ADX: ADX=11.11 [>22], DI+=28.79, DI-=18.79;[PASS] CCI Momentum: CCI=91.93;[PASS] SAR: SAR=55.1422, price=55.7100;[FAIL] Stochastic: K=97.50 D=97.50;[PASS] EMA Rejection: Rejected;[FAIL] Resistance Test: No test;[PASS] Pullback: Detected;[FAIL] Double Top/Bottom: No pattern;[FAIL] Range Filter: EMA diff=0.0001 [>0.005];[FAIL] Combined Range Filter: diff=0.0001, ADX=11.11, mode=AND",,,,,,,,,,
LTC-USDT,LONG,B1,هایپریون (Hyperion),55.71000000,53.48160000,0.00000000,2026-09-08 13:16:06,CLOSED,TRAIL_STOP,2026-09-09 12:15:32,55.94400000,0.200000,0.220032,10.00,0.420032,"[FAIL] Candle Strength 15m: BS15=0.500 [>= 0.6];[FAIL] Candle Strength 5m: BS5=0.500 [>= 0.6];[PASS] EMA Trend 1h: EMA21=55.36, EMA50=54.97;[PASS] EMA Trend 4h: EMA21=54.27, EMA50=52.63, EMA200=49.01;[PASS] RSI 30m: RSI=57.35;[PASS] MACD 30m: MACD_hist=0.0627;[FAIL] Smart Pullback: price=55.7100 EMA=55.3359 RSI=57.4 BS=0.500;[FAIL] ADX: ADX=11.11 [>22], DI+=28.79, DI-=18.79;[PASS] CCI Momentum: CCI=91.93;[PASS] SAR: SAR=55.1422, price=55.7100;[FAIL] Stochastic: K=97.50 D=97.50;[PASS] EMA Rejection: Rejected;[FAIL] Resistance Test: No test;[PASS] Pullback: Detected;[FAIL] Double Top/Bottom: No pattern;[FAIL] Range Filter: EMA diff=0.0001 [>0.005];[FAIL] Combined Range Filter: diff=0.0001, ADX=11.11, mode=OR",,,,,,,,,,
SUI-USDT,LONG,S3,کرونوس (Cronus),0.82930000,0.79612800,0.00000000,2026-09-08 13:16:09,CLOSED,TRAIL_STOP,2026-09-09 12:15:33,0.83308000,0.200000,0.255806,10.00,0.455806,"[FAIL] Candle Strength 15m: BS15=0.444 [>= 0.6];[FAIL] Candle Strength 5m: BS5=0.444 [>= 0.6];[PASS] EMA Trend 1h: EMA21=0.82, EMA50=0.81;[PASS] EMA Trend 4h: EMA21=0.80, EMA50=0.78, EMA200=0.74;[PASS] RSI 30m: RSI=57.26;[FAIL] MACD 30m: MACD_hist=0.0005;[FAIL] Smart Pullback: price=0.8293 EMA=0.8202 RSI=57.3 BS=0.444;[FAIL] ADX: ADX=9.06 [>22], DI+=25.61, DI-=19.34;[PASS] CCI Momentum: CCI=77.02;[PASS] SAR: SAR=0.8155, price=0.8293;[FAIL] Stochastic: K=90.95 D=90.95;[PASS] EMA Rejection: Rejected;[PASS] Resistance Test: Tested;[PASS] Pullback: Detected;[PASS] Double Top/Bottom: Pattern=double_top;[FAIL] Range Filter: EMA diff=0.0027 [>0.005];[FAIL] Combined Range Filter: diff=0.0027, ADX=9.06, mode=AND",,,,,,,,,,
SUI-USDT,LONG,B1,هایپریون (Hyperion),0.82930000,0.79612800,0.00000000,2026-09-08 13:16:10,CLOSED,TRAIL_STOP,2026-09-09 12:15:33,0.83308000,0.200000,0.255806,10.00,0.455806,"[FAIL] Candle Strength 15m: BS15=0.444 [>= 0.6];[FAIL] Candle Strength 5m: BS5=0.444 [>= 0.6];[PASS] EMA Trend 1h: EMA21=0.82, EMA50=0.81;[PASS] EMA Trend 4h: EMA21=0.80, EMA50=0.78, EMA200=0.74;[PASS] RSI 30m: RSI=57.26;[FAIL] MACD 30m: MACD_hist=0.0005;[FAIL] Smart Pullback: price=0.8293 EMA=0.8202 RSI=57.3 BS=0.444;[FAIL] ADX: ADX=9.06 [>22], DI+=25.61, DI-=19.34;[PASS] CCI Momentum: CCI=77.02;[PASS] SAR: SAR=0.8155, price=0.8293;[FAIL] Stochastic: K=90.95 D=90.95;[PASS] EMA Rejection: Rejected;[PASS] Resistance Test: Tested;[PASS] Pullback: Detected;[PASS] Double Top/Bottom: Pattern=double_top;[FAIL] Range Filter: EMA diff=0.0027 [>0.005];[FAIL] Combined Range Filter: diff=0.0027, ADX=9.06, mode=OR",,,,,,,,,,
DOT-USDT,LONG,S3,کرونوس (Cronus),1.08390000,1.04054400,0.00000000,2026-09-08 13:16:12,CLOSED,TRAIL_STOP,2026-09-09 12:15:34,1.09065000,0.200000,0.422751,10.00,0.622751,"[FAIL] Candle Strength 15m: BS15=0.396 [>= 0.6];[FAIL] Candle Strength 5m: BS5=0.396 [>= 0.6];[PASS] EMA Trend 1h: EMA21=1.06, EMA50=1.02;[PASS] EMA Trend 4h: EMA21=0.99, EMA50=0.94, EMA200=0.86;[PASS] RSI 30m: RSI=59.93;[FAIL] MACD 30m: MACD_hist=0.0004;[FAIL] Smart Pullback: price=1.0839 EMA=1.0660 RSI=59.9 BS=0.396;[FAIL] ADX: ADX=15.80 [>22], DI+=25.69, DI-=15.15;[FAIL] CCI Momentum: CCI=189.16;[PASS] SAR: SAR=1.0620, price=1.0839;[FAIL] Stochastic: K=92.12 D=92.12;[PASS] EMA Rejection: Rejected;[FAIL] Resistance Test: No test;[PASS] Pullback: Detected;[PASS] Double Top/Bottom: Pattern=double_top;[PASS] Range Filter: EMA diff=0.0146 [>0.005];[PASS] Combined Range Filter: diff=0.0146, ADX=15.80, mode=AND",,,,,,,,,,
DOT-USDT,LONG,B1,هایپریون (Hyperion),1.08390000,1.04054400,0.00000000,2026-09-08 13:16:14,CLOSED,TRAIL_STOP,2026-09-09 12:15:34,1.09065000,0.200000,0.422751,10.00,0.622751,"[FAIL] Candle Strength 15m: BS15=0.396 [>= 0.6];[FAIL] Candle Strength 5m: BS5=0.396 [>= 0.6];[PASS] EMA Trend 1h: EMA21=1.06, EMA50=1.02;[PASS] EMA Trend 4h: EMA21=0.99, EMA50=0.94, EMA200=0.86;[PASS] RSI 30m: RSI=59.93;[FAIL] MACD 30m: MACD_hist=0.0004;[FAIL] Smart Pullback: price=1.0839 EMA=1.0660 RSI=59.9 BS=0.396;[FAIL] ADX: ADX=15.80 [>22], DI+=25.69, DI-=15.15;[FAIL] CCI Momentum: CCI=189.16;[PASS] SAR: SAR=1.0620, price=1.0839;[FAIL] Stochastic: K=92.12 D=92.12;[PASS] EMA Rejection: Rejected;[FAIL] Resistance Test: No test;[PASS] Pullback: Detected;[PASS] Double Top/Bottom: Pattern=double_top;[PASS] Range Filter: EMA diff=0.0146 [>0.005];[FAIL] Combined Range Filter: diff=0.0146, ADX=15.80, mode=OR",,,,,,,,,,
AVAX-USDT,LONG,S3,کرونوس (Cronus),8.10500000,7.78080000,0.00000000,2026-09-08 13:16:16,CLOSED,TRAIL_STOP,2026-09-09 12:15:35,8.18870000,0.200000,0.832696,10.00,1.032696,"[FAIL] Candle Strength 15m: BS15=0.500 [>= 0.6];[FAIL] Candle Strength 5m: BS5=0.500 [>= 0.6];[PASS] EMA Trend 1h: EMA21=8.04, EMA50=7.92;[PASS] EMA Trend 4h: EMA21=7.82, EMA50=7.61, EMA200=7.10;[PASS] RSI 30m: RSI=57.14;[FAIL] MACD 30m: MACD_hist=-0.0004;[FAIL] Smart Pullback: price=8.1050 EMA=8.0653 RSI=57.1 BS=0.500;[FAIL] ADX: ADX=13.08 [>22], DI+=26.07, DI-=17.74;[PASS] CCI Momentum: CCI=61.38;[PASS] SAR: SAR=8.0453, price=8.1050;[FAIL] Stochastic: K=95.15 D=95.15;[PASS] EMA Rejection: Rejected;[FAIL] Resistance Test: No test;[PASS] Pullback: Detected;[PASS] Double Top/Bottom: Pattern=double_top;[PASS] Range Filter: EMA diff=0.0051 [>0.005];[PASS] Combined Range Filter: diff=0.0051, ADX=13.08, mode=AND",,,,,,,,,,
AVAX-USDT,LONG,B1,هایپریون (Hyperion),8.10500000,7.78080000,0.00000000,2026-09-08 13:16:17,CLOSED,TRAIL_STOP,2026-09-09 12:15:35,8.18870000,0.200000,0.832696,10.00,1.032696,"[FAIL] Candle Strength 15m: BS15=0.500 [>= 0.6];[FAIL] Candle Strength 5m: BS5=0.500 [>= 0.6];[PASS] EMA Trend 1h: EMA21=8.04, EMA50=7.92;[PASS] EMA Trend 4h: EMA21=7.82, EMA50=7.61, EMA200=7.10;[PASS] RSI 30m: RSI=57.14;[FAIL] MACD 30m: MACD_hist=-0.0004;[FAIL] Smart Pullback: price=8.1050 EMA=8.0653 RSI=57.1 BS=0.500;[FAIL] ADX: ADX=13.08 [>22], DI+=26.07, DI-=17.74;[PASS] CCI Momentum: CCI=61.38;[PASS] SAR: SAR=8.0453, price=8.1050;[FAIL] Stochastic: K=95.15 D=95.15;[PASS] EMA Rejection: Rejected;[FAIL] Resistance Test: No test;[PASS] Pullback: Detected;[PASS] Double Top/Bottom: Pattern=double_top;[PASS] Range Filter: EMA diff=0.0051 [>0.005];[FAIL] Combined Range Filter: diff=0.0051, ADX=13.08, mode=OR",,,,,,,,,,
ATOM-USDT,LONG,S3,کرونوس (Cronus),1.66790000,1.60118400,0.00000000,2026-09-08 13:16:19,CLOSED,TRAIL_STOP,2026-09-09 12:15:36,1.68086000,0.200000,0.577025,10.00,0.777025,"[FAIL] Candle Strength 15m: BS15=0.804 [too high - likely end of move];[FAIL] Candle Strength 5m: BS5=0.417 [>= 0.6];[PASS] EMA Trend 1h: EMA21=1.64, EMA50=1.62;[PASS] EMA Trend 4h: EMA21=1.60, EMA50=1.56, EMA200=1.47;[PASS] RSI 30m: RSI=61.94;[PASS] MACD 30m: MACD_hist=0.0029;[FAIL] Smart Pullback: price=1.6679 EMA=1.6473 RSI=61.9 BS=0.804;[FAIL] ADX: ADX=12.50 [>22], DI+=22.70, DI-=23.60;[FAIL] CCI Momentum: CCI=195.80;[PASS] SAR: SAR=1.6551, price=1.6679;[FAIL] Stochastic: K=95.21 D=95.21;[FAIL] EMA Rejection: No rejection;[FAIL] Resistance Test: No test;[PASS] Pullback: Detected;[FAIL] Double Top/Bottom: No pattern;[PASS] Range Filter: EMA diff=0.0058 [>0.005];[PASS] Combined Range Filter: diff=0.0058, ADX=12.50, mode=AND",,,,,,,,,,
ATOM-USDT,LONG,B1,هایپریون (Hyperion),1.66790000,1.60118400,0.00000000,2026-09-08 13:16:37,CLOSED,TRAIL_STOP,2026-09-09 12:15:36,1.68086000,0.200000,0.577025,10.00,0.777025,"[FAIL] Candle Strength 15m: BS15=0.804 [too high - likely end of move];[FAIL] Candle Strength 5m: BS5=0.417 [>= 0.6];[PASS] EMA Trend 1h: EMA21=1.64, EMA50=1.62;[PASS] EMA Trend 4h: EMA21=1.60, EMA50=1.56, EMA200=1.47;[PASS] RSI 30m: RSI=61.94;[PASS] MACD 30m: MACD_hist=0.0029;[FAIL] Smart Pullback: price=1.6679 EMA=1.6473 RSI=61.9 BS=0.804;[FAIL] ADX: ADX=12.50 [>22], DI+=22.70, DI-=23.60;[FAIL] CCI Momentum: CCI=195.80;[PASS] SAR: SAR=1.6551, price=1.6679;[FAIL] Stochastic: K=95.21 D=95.21;[FAIL] EMA Rejection: No rejection;[FAIL] Resistance Test: No test;[PASS] Pullback: Detected;[FAIL] Double Top/Bottom: No pattern;[PASS] Range Filter: EMA diff=0.0058 [>0.005];[FAIL] Combined Range Filter: diff=0.0058, ADX=12.50, mode=OR",,,,,,,,,,
FIL-USDT,LONG,S3,کرونوس (Cronus),0.85530000,0.82108800,0.00000000,2026-09-08 13:16:50,CLOSED,TRAIL_STOP,2026-09-09 12:15:37,0.86484000,0.200000,0.915398,10.00,1.115398,"[FAIL] Candle Strength 15m: BS15=0.429 [>= 0.6];[FAIL] Candle Strength 5m: BS5=0.429 [>= 0.6];[PASS] EMA Trend 1h: EMA21=0.84, EMA50=0.83;[PASS] EMA Trend 4h: EMA21=0.82, EMA50=0.78, EMA200=0.74;[PASS] RSI 30m: RSI=57.91;[FAIL] MACD 30m: MACD_hist=0.0001;[FAIL] Smart Pullback: price=0.8553 EMA=0.8446 RSI=57.9 BS=0.429;[FAIL] ADX: ADX=14.45 [>22], DI+=28.37, DI-=17.34;[FAIL] CCI Momentum: CCI=132.83;[PASS] SAR: SAR=0.8418, price=0.8553;[FAIL] Stochastic: K=88.07 D=88.07;[PASS] EMA Rejection: Rejected;[PASS] Resistance Test: Tested;[PASS] Pullback: Detected;[PASS] Double Top/Bottom: Pattern=double_top;[PASS] Range Filter: EMA diff=0.0070 [>0.005];[PASS] Combined Range Filter: diff=0.0070, ADX=14.45, mode=AND",,,,,,,,,,
FIL-USDT,LONG,B1,هایپریون (Hyperion),0.85530000,0.82108800,0.00000000,2026-09-08 13:16:51,CLOSED,TRAIL_STOP,2026-09-09 12:15:37,0.86484000,0.200000,0.915398,10.00,1.115398,"[FAIL] Candle Strength 15m: BS15=0.429 [>= 0.6];[FAIL] Candle Strength 5m: BS5=0.429 [>= 0.6];[PASS] EMA Trend 1h: EMA21=0.84, EMA50=0.83;[PASS] EMA Trend 4h: EMA21=0.82, EMA50=0.78, EMA200=0.74;[PASS] RSI 30m: RSI=57.91;[FAIL] MACD 30m: MACD_hist=0.0001;[FAIL] Smart Pullback: price=0.8553 EMA=0.8446 RSI=57.9 BS=0.429;[FAIL] ADX: ADX=14.45 [>22], DI+=28.37, DI-=17.34;[FAIL] CCI Momentum: CCI=132.83;[PASS] SAR: SAR=0.8418, price=0.8553;[FAIL] Stochastic: K=88.07 D=88.07;[PASS] EMA Rejection: Rejected;[PASS] Resistance Test: Tested;[PASS] Pullback: Detected;[PASS] Double Top/Bottom: Pattern=double_top;[PASS] Range Filter: EMA diff=0.0070 [>0.005];[FAIL] Combined Range Filter: diff=0.0070, ADX=14.45, mode=OR",,,,,,,,,,
BNB-USDT,LONG,S1,پرومتئوس (Prometheus),756.45300000,726.19488000,0.00000000,2026-09-08 13:49:37,OPEN,,,,,,10.00,,"[PASS] Candle Strength 15m: BS15=0.747 [>= 0.6];[PASS] Candle Strength 5m: BS5=0.747 [>= 0.6];[PASS] EMA Trend 1h: EMA21=747.40, EMA50=746.33;[PASS] EMA Trend 4h: EMA21=743.47, EMA50=727.94, EMA200=667.65;[PASS] RSI 30m: RSI=64.98;[PASS] MACD 30m: MACD_hist=0.9161;[FAIL] Smart Pullback: price=756.4530 EMA=749.4990 RSI=65.0 BS=0.747;[PASS] ADX: ADX=28.52 [>22], DI+=32.78, DI-=17.03;[PASS] CCI Momentum: CCI=91.94;[PASS] SAR: SAR=754.2300, price=756.4530;[FAIL] Stochastic: K=79.27 D=79.27;[FAIL] EMA Rejection: No rejection;[PASS] Resistance Test: Tested;[PASS] Pullback: Detected;[FAIL] Double Top/Bottom: No pattern;[FAIL] Range Filter: EMA diff=0.0037 [>0.005];[PASS] Combined Range Filter: diff=0.0037, ADX=28.52, mode=AND",,,,,,,,,,
DOT-USDT,LONG,S3,کرونوس (Cronus),1.08660000,1.04313600,0.00000000,2026-09-08 13:49:40,CLOSED,TRAIL_STOP,2026-09-09 12:15:38,1.09704000,0.200000,0.760795,10.00,0.960795,"[FAIL] Candle Strength 15m: BS15=0.074 [>= 0.6];[FAIL] Candle Strength 5m: BS5=0.074 [>= 0.6];[PASS] EMA Trend 1h: EMA21=1.06, EMA50=1.02;[PASS] EMA Trend 4h: EMA21=0.99, EMA50=0.94, EMA200=0.86;[PASS] RSI 30m: RSI=60.87;[FAIL] MACD 30m: MACD_hist=0.0013;[FAIL] Smart Pullback: price=1.0866 EMA=1.0681 RSI=60.9 BS=0.074;[FAIL] ADX: ADX=17.52 [>22], DI+=28.10, DI-=14.12;[FAIL] CCI Momentum: CCI=215.57;[PASS] SAR: SAR=1.0704, price=1.0866;[FAIL] Stochastic: K=80.52 D=80.52;[PASS] EMA Rejection: Rejected;[FAIL] Resistance Test: No test;[PASS] Pullback: Detected;[FAIL] Double Top/Bottom: No pattern;[PASS] Range Filter: EMA diff=0.0151 [>0.005];[PASS] Combined Range Filter: diff=0.0151, ADX=17.52, mode=AND",,,,,,,,,,
DOT-USDT,LONG,B1,هایپریون (Hyperion),1.08660000,1.04313600,0.00000000,2026-09-08 13:49:58,CLOSED,TRAIL_STOP,2026-09-09 12:15:38,1.09704000,0.200000,0.760795,10.00,0.960795,"[FAIL] Candle Strength 15m: BS15=0.074 [>= 0.6];[FAIL] Candle Strength 5m: BS5=0.074 [>= 0.6];[PASS] EMA Trend 1h: EMA21=1.06, EMA50=1.02;[PASS] EMA Trend 4h: EMA21=0.99, EMA50=0.94, EMA200=0.86;[PASS] RSI 30m: RSI=60.87;[FAIL] MACD 30m: MACD_hist=0.0013;[FAIL] Smart Pullback: price=1.0866 EMA=1.0681 RSI=60.9 BS=0.074;[FAIL] ADX: ADX=17.52 [>22], DI+=28.10, DI-=14.12;[FAIL] CCI Momentum: CCI=215.57;[PASS] SAR: SAR=1.0704, price=1.0866;[FAIL] Stochastic: K=80.52 D=80.52;[PASS] EMA Rejection: Rejected;[FAIL] Resistance Test: No test;[PASS] Pullback: Detected;[FAIL] Double Top/Bottom: No pattern;[PASS] Range Filter: EMA diff=0.0151 [>0.005];[FAIL] Combined Range Filter: diff=0.0151, ADX=17.52, mode=OR",,,,,,,,,,
AVAX-USDT,LONG,S3,کرونوس (Cronus),8.18100000,7.85376000,0.00000000,2026-09-08 13:50:14,CLOSED,STOP_HIT,2026-09-09 12:15:39,7.85376000,0.200000,-4.200000,10.00,-4.000000,"[FAIL] Candle Strength 15m: BS15=0.595 [>= 0.6];[FAIL] Candle Strength 5m: BS5=0.000 [>= 0.6];[PASS] EMA Trend 1h: EMA21=8.06, EMA50=7.93;[PASS] EMA Trend 4h: EMA21=7.83, EMA50=7.61, EMA200=7.10;[FAIL] RSI 30m: RSI=65.56;[PASS] MACD 30m: MACD_hist=0.0071;[FAIL] Smart Pullback: price=8.1810 EMA=8.0767 RSI=65.6 BS=0.595;[FAIL] ADX: ADX=15.15 [>22], DI+=35.69, DI-=15.25;[FAIL] CCI Momentum: CCI=200.83;[PASS] SAR: SAR=8.0598, price=8.1810;[FAIL] Stochastic: K=91.10 D=91.10;[PASS] EMA Rejection: Rejected;[FAIL] Resistance Test: No test;[PASS] Pullback: Detected;[PASS] Double Top/Bottom: Pattern=double_top;[PASS] Range Filter: EMA diff=0.0057 [>0.005];[PASS] Combined Range Filter: diff=0.0057, ADX=15.15, mode=AND",,,,,,,,,,
AVAX-USDT,LONG,B1,هایپریون (Hyperion),8.18100000,7.85376000,0.00000000,2026-09-08 13:50:16,CLOSED,STOP_HIT,2026-09-09 12:15:39,7.85376000,0.200000,-4.200000,10.00,-4.000000,"[FAIL] Candle Strength 15m: BS15=0.595 [>= 0.6];[FAIL] Candle Strength 5m: BS5=0.000 [>= 0.6];[PASS] EMA Trend 1h: EMA21=8.06, EMA50=7.93;[PASS] EMA Trend 4h: EMA21=7.83, EMA50=7.61, EMA200=7.10;[FAIL] RSI 30m: RSI=65.56;[PASS] MACD 30m: MACD_hist=0.0071;[FAIL] Smart Pullback: price=8.1810 EMA=8.0767 RSI=65.6 BS=0.595;[FAIL] ADX: ADX=15.15 [>22], DI+=35.69, DI-=15.25;[FAIL] CCI Momentum: CCI=200.83;[PASS] SAR: SAR=8.0598, price=8.1810;[FAIL] Stochastic: K=91.10 D=91.10;[PASS] EMA Rejection: Rejected;[FAIL] Resistance Test: No test;[PASS] Pullback: Detected;[PASS] Double Top/Bottom: Pattern=double_top;[PASS] Range Filter: EMA diff=0.0057 [>0.005];[FAIL] Combined Range Filter: diff=0.0057, ADX=15.15, mode=OR",,,,,,,,,,
ATOM-USDT,LONG,S3,کرونوس (Cronus),1.67680000,1.60972800,0.00000000,2026-09-08 13:50:17,CLOSED,TRAIL_STOP,2026-09-09 12:15:40,1.68265000,0.200000,0.148879,10.00,0.348879,"[FAIL] Candle Strength 15m: BS15=1.000 [too high - likely end of move];[FAIL] Candle Strength 5m: BS5=1.000 [too high];[PASS] EMA Trend 1h: EMA21=1.65, EMA50=1.62;[PASS] EMA Trend 4h: EMA21=1.60, EMA50=1.56, EMA200=1.47;[FAIL] RSI 30m: RSI=65.12;[PASS] MACD 30m: MACD_hist=0.0037;[FAIL] Smart Pullback: price=1.6768 EMA=1.6503 RSI=65.1 BS=1.000;[FAIL] ADX: ADX=12.25 [>22], DI+=24.93, DI-=22.09;[FAIL] CCI Momentum: CCI=210.22;[PASS] SAR: SAR=1.6597, price=1.6768;[FAIL] Stochastic: K=100.00 D=100.00;[FAIL] EMA Rejection: No rejection;[FAIL] Resistance Test: No test;[PASS] Pullback: Detected;[FAIL] Double Top/Bottom: No pattern;[PASS] Range Filter: EMA diff=0.0065 [>0.005];[PASS] Combined Range Filter: diff=0.0065, ADX=12.25, mode=AND",,,,,,,,,,
ATOM-USDT,LONG,B1,هایپریون (Hyperion),1.67680000,1.60972800,0.00000000,2026-09-08 13:50:18,CLOSED,TRAIL_STOP,2026-09-09 12:15:40,1.68265000,0.200000,0.148879,10.00,0.348879,"[FAIL] Candle Strength 15m: BS15=1.000 [too high - likely end of move];[FAIL] Candle Strength 5m: BS5=1.000 [too high];[PASS] EMA Trend 1h: EMA21=1.65, EMA50=1.62;[PASS] EMA Trend 4h: EMA21=1.60, EMA50=1.56, EMA200=1.47;[FAIL] RSI 30m: RSI=65.12;[PASS] MACD 30m: MACD_hist=0.0037;[FAIL] Smart Pullback: price=1.6768 EMA=1.6503 RSI=65.1 BS=1.000;[FAIL] ADX: ADX=12.25 [>22], DI+=24.93, DI-=22.09;[FAIL] CCI Momentum: CCI=210.22;[PASS] SAR: SAR=1.6597, price=1.6768;[FAIL] Stochastic: K=100.00 D=100.00;[FAIL] EMA Rejection: No rejection;[FAIL] Resistance Test: No test;[PASS] Pullback: Detected;[FAIL] Double Top/Bottom: No pattern;[PASS] Range Filter: EMA diff=0.0065 [>0.005];[FAIL] Combined Range Filter: diff=0.0065, ADX=12.25, mode=OR",,,,,,,,,,
FIL-USDT,LONG,S3,کرونوس (Cronus),0.86220000,0.82771200,0.00000000,2026-09-08 13:50:20,CLOSED,TRAIL_STOP,2026-09-09 12:15:41,0.87372000,0.200000,1.136117,10.00,1.336117,"[FAIL] Candle Strength 15m: BS15=0.586 [>= 0.6];[FAIL] Candle Strength 5m: BS5=1.000 [too high];[PASS] EMA Trend 1h: EMA21=0.84, EMA50=0.83;[PASS] EMA Trend 4h: EMA21=0.82, EMA50=0.78, EMA200=0.74;[PASS] RSI 30m: RSI=61.33;[FAIL] MACD 30m: MACD_hist=0.0013;[FAIL] Smart Pullback: price=0.8622 EMA=0.8466 RSI=61.3 BS=0.586;[FAIL] ADX: ADX=16.61 [>22], DI+=32.73, DI-=15.53;[FAIL] CCI Momentum: CCI=286.62;[PASS] SAR: SAR=0.8420, price=0.8622;[FAIL] Stochastic: K=88.44 D=88.44;[PASS] EMA Rejection: Rejected;[FAIL] Resistance Test: No test;[PASS] Pullback: Detected;[PASS] Double Top/Bottom: Pattern=double_top;[PASS] Range Filter: EMA diff=0.0080 [>0.005];[PASS] Combined Range Filter: diff=0.0080, ADX=16.61, mode=AND",,,,,,,,,,
FIL-USDT,LONG,B1,هایپریون (Hyperion),0.86220000,0.82771200,0.00000000,2026-09-08 13:50:21,CLOSED,TRAIL_STOP,2026-09-09 12:15:41,0.87372000,0.200000,1.136117,10.00,1.336117,"[FAIL] Candle Strength 15m: BS15=0.586 [>= 0.6];[FAIL] Candle Strength 5m: BS5=1.000 [too high];[PASS] EMA Trend 1h: EMA21=0.84, EMA50=0.83;[PASS] EMA Trend 4h: EMA21=0.82, EMA50=0.78, EMA200=0.74;[PASS] RSI 30m: RSI=61.33;[FAIL] MACD 30m: MACD_hist=0.0013;[FAIL] Smart Pullback: price=0.8622 EMA=0.8466 RSI=61.3 BS=0.586;[FAIL] ADX: ADX=16.61 [>22], DI+=32.73, DI-=15.53;[FAIL] CCI Momentum: CCI=286.62;[PASS] SAR: SAR=0.8420, price=0.8622;[FAIL] Stochastic: K=88.44 D=88.44;[PASS] EMA Rejection: Rejected;[FAIL] Resistance Test: No test;[PASS] Pullback: Detected;[PASS] Double Top/Bottom: Pattern=double_top;[PASS] Range Filter: EMA diff=0.0080 [>0.005];[FAIL] Combined Range Filter: diff=0.0080, ADX=16.61, mode=OR",,,,,,,,,,
INJ-USDT,LONG,S1,پرومتئوس (Prometheus),6.33500000,6.08160000,0.00000000,2026-09-08 13:50:23,CLOSED,TRAIL_STOP,2026-09-09 12:15:42,6.47810000,0.200000,2.058879,10.00,2.258879,"[FAIL] Candle Strength 15m: BS15=0.594 [>= 0.6];[FAIL] Candle Strength 5m: BS5=1.000 [too high];[PASS] EMA Trend 1h: EMA21=6.17, EMA50=5.82;[PASS] EMA Trend 4h: EMA21=5.62, EMA50=5.31, EMA200=4.96;[PASS] RSI 30m: RSI=56.29;[FAIL] MACD 30m: MACD_hist=-0.0305;[FAIL] Smart Pullback: price=6.3350 EMA=6.2892 RSI=56.3 BS=0.594;[PASS] ADX: ADX=30.45 [>22], DI+=26.84, DI-=16.96;[FAIL] CCI Momentum: CCI=-40.93;[PASS] SAR: SAR=6.2497, price=6.3350;[FAIL] Stochastic: K=38.82 D=38.82;[PASS] EMA Rejection: Rejected;[FAIL] Resistance Test: No test;[PASS] Pullback: Detected;[PASS] Double Top/Bottom: Pattern=double_bottom;[PASS] Range Filter: EMA diff=0.0305 [>0.005];[PASS] Combined Range Filter: diff=0.0305, ADX=30.45, mode=AND",,,,,,,,,,
INJ-USDT,LONG,S3,کرونوس (Cronus),6.33500000,6.08160000,0.00000000,2026-09-08 13:50:25,CLOSED,TRAIL_STOP,2026-09-09 12:15:42,6.47810000,0.200000,2.058879,10.00,2.258879,"[FAIL] Candle Strength 15m: BS15=0.594 [>= 0.6];[FAIL] Candle Strength 5m: BS5=1.000 [too high];[PASS] EMA Trend 1h: EMA21=6.17, EMA50=5.82;[PASS] EMA Trend 4h: EMA21=5.62, EMA50=5.31, EMA200=4.96;[PASS] RSI 30m: RSI=56.29;[FAIL] MACD 30m: MACD_hist=-0.0305;[FAIL] Smart Pullback: price=6.3350 EMA=6.2892 RSI=56.3 BS=0.594;[PASS] ADX: ADX=30.45 [>22], DI+=26.84, DI-=16.96;[FAIL] CCI Momentum: CCI=-40.93;[PASS] SAR: SAR=6.2497, price=6.3350;[FAIL] Stochastic: K=38.82 D=38.82;[PASS] EMA Rejection: Rejected;[FAIL] Resistance Test: No test;[PASS] Pullback: Detected;[PASS] Double Top/Bottom: Pattern=double_bottom;[PASS] Range Filter: EMA diff=0.0305 [>0.005];[PASS] Combined Range Filter: diff=0.0305, ADX=30.45, mode=AND",,,,,,,,,,
INJ-USDT,LONG,B1,هایپریون (Hyperion),6.33500000,6.08160000,0.00000000,2026-09-08 13:50:26,CLOSED,TRAIL_STOP,2026-09-09 12:15:43,6.47810000,0.200000,2.058879,10.00,2.258879,"[FAIL] Candle Strength 15m: BS15=0.594 [>= 0.6];[FAIL] Candle Strength 5m: BS5=1.000 [too high];[PASS] EMA Trend 1h: EMA21=6.17, EMA50=5.82;[PASS] EMA Trend 4h: EMA21=5.62, EMA50=5.31, EMA200=4.96;[PASS] RSI 30m: RSI=56.29;[FAIL] MACD 30m: MACD_hist=-0.0305;[FAIL] Smart Pullback: price=6.3350 EMA=6.2892 RSI=56.3 BS=0.594;[PASS] ADX: ADX=30.45 [>22], DI+=26.84, DI-=16.96;[FAIL] CCI Momentum: CCI=-40.93;[PASS] SAR: SAR=6.2497, price=6.3350;[FAIL] Stochastic: K=38.82 D=38.82;[PASS] EMA Rejection: Rejected;[FAIL] Resistance Test: No test;[PASS] Pullback: Detected;[PASS] Double Top/Bottom: Pattern=double_bottom;[PASS] Range Filter: EMA diff=0.0305 [>0.005];[PASS] Combined Range Filter: diff=0.0305, ADX=30.45, mode=OR",,,,,,,,,,
PEPE-USDT,LONG,S3,کرونوس (Cronus),0.00000365,0.00000350,0.00000000,2026-09-08 13:50:29,CLOSED,TRAIL_STOP,2026-09-09 12:15:43,0.00000368,0.200000,0.515068,10.00,0.715068,"[FAIL] Candle Strength 15m: BS15=0.016 [>= 0.6];[FAIL] Candle Strength 5m: BS5=0.011 [>= 0.6];[PASS] EMA Trend 1h: EMA21=0.00, EMA50=0.00;[PASS] EMA Trend 4h: EMA21=0.00, EMA50=0.00, EMA200=0.00;[PASS] RSI 30m: RSI=59.01;[FAIL] MACD 30m: MACD_hist=0.0000;[FAIL] Smart Pullback: price=0.0000 EMA=0.0000 RSI=59.0 BS=0.889;[FAIL] ADX: ADX=12.48 [>22], DI+=30.15, DI-=16.53;[FAIL] CCI Momentum: CCI=104.08;[PASS] SAR: SAR=0.0000, price=0.0000;[FAIL] Stochastic: K=96.55 D=96.55;[PASS] EMA Rejection: Rejected;[PASS] Resistance Test: Tested;[PASS] Pullback: Detected;[PASS] Double Top/Bottom: Pattern=double_top;[FAIL] Range Filter: EMA diff=0.0003 [>0.005];[FAIL] Combined Range Filter: diff=0.0003, ADX=12.48, mode=AND",,,,,,,,,,
PEPE-USDT,LONG,B1,هایپریون (Hyperion),0.00000365,0.00000350,0.00000000,2026-09-08 13:50:30,CLOSED,TRAIL_STOP,2026-09-09 12:15:44,0.00000368,0.200000,0.515068,10.00,0.715068,"[FAIL] Candle Strength 15m: BS15=0.016 [>= 0.6];[FAIL] Candle Strength 5m: BS5=0.011 [>= 0.6];[PASS] EMA Trend 1h: EMA21=0.00, EMA50=0.00;[PASS] EMA Trend 4h: EMA21=0.00, EMA50=0.00, EMA200=0.00;[PASS] RSI 30m: RSI=59.01;[FAIL] MACD 30m: MACD_hist=0.0000;[FAIL] Smart Pullback: price=0.0000 EMA=0.0000 RSI=59.0 BS=0.889;[FAIL] ADX: ADX=12.48 [>22], DI+=30.15, DI-=16.53;[FAIL] CCI Momentum: CCI=104.08;[PASS] SAR: SAR=0.0000, price=0.0000;[FAIL] Stochastic: K=96.55 D=96.55;[PASS] EMA Rejection: Rejected;[PASS] Resistance Test: Tested;[PASS] Pullback: Detected;[PASS] Double Top/Bottom: Pattern=double_top;[FAIL] Range Filter: EMA diff=0.0003 [>0.005];[FAIL] Combined Range Filter: diff=0.0003, ADX=12.48, mode=OR",,,,,,,,,,
SUI-USDT,LONG,S3,کرونوس (Cronus),0.82310000,0.79017600,0.00000000,2026-09-08 14:15:14,CLOSED,TRAIL_STOP,2026-09-09 12:15:44,0.82904000,0.200000,0.521662,10.00,0.721662,"[FAIL] Candle Strength 15m: BS15=1.000 [too high - likely end of move];[FAIL] Candle Strength 5m: BS5=1.000 [too high];[PASS] EMA Trend 1h: EMA21=0.82, EMA50=0.81;[PASS] EMA Trend 4h: EMA21=0.80, EMA50=0.78, EMA200=0.74;[PASS] RSI 30m: RSI=51.96;[FAIL] MACD 30m: MACD_hist=0.0007;[FAIL] Smart Pullback: price=0.8231 EMA=0.8210 RSI=52.0 BS=1.000;[FAIL] ADX: ADX=9.98 [>22], DI+=25.13, DI-=19.78;[PASS] CCI Momentum: CCI=38.09;[FAIL] SAR: SAR=0.8254, price=0.8231;[FAIL] Stochastic: K=57.20 D=57.20;[PASS] EMA Rejection: Rejected;[PASS] Resistance Test: Tested;[PASS] Pullback: Detected;[FAIL] Double Top/Bottom: No pattern;[FAIL] Range Filter: EMA diff=0.0030 [>0.005];[PASS] Combined Range Filter: diff=0.0030, ADX=9.98, mode=AND",,,,,,,,,,
DOT-USDT,LONG,S3,کرونوس (Cronus),1.08410000,1.04073600,0.00000000,2026-09-08 14:15:16,CLOSED,TRAIL_STOP,2026-09-09 12:15:45,1.09184000,0.200000,0.513956,10.00,0.713956,"[FAIL] Candle Strength 15m: BS15=1.000 [too high - likely end of move];[FAIL] Candle Strength 5m: BS5=1.000 [too high];[PASS] EMA Trend 1h: EMA21=1.06, EMA50=1.02;[PASS] EMA Trend 4h: EMA21=0.99, EMA50=0.94, EMA200=0.86;[PASS] RSI 30m: RSI=59.23;[FAIL] MACD 30m: MACD_hist=0.0015;[FAIL] Smart Pullback: price=1.0841 EMA=1.0696 RSI=59.2 BS=1.000;[FAIL] ADX: ADX=19.00 [>22], DI+=28.94, DI-=12.91;[FAIL] CCI Momentum: CCI=179.62;[FAIL] SAR: SAR=1.0853, price=1.0841;[FAIL] Stochastic: K=72.73 D=72.73;[PASS] EMA Rejection: Rejected;[FAIL] Resistance Test: No test;[PASS] Pullback: Detected;[FAIL] Double Top/Bottom: No pattern;[PASS] Range Filter: EMA diff=0.0153 [>0.005];[PASS] Combined Range Filter: diff=0.0153, ADX=19.00, mode=AND",,,,,,,,,,
ATOM-USDT,LONG,S3,کرونوس (Cronus),1.68210000,1.61481600,0.00000000,2026-09-08 14:15:18,CLOSED,TRAIL_STOP,2026-09-09 12:15:45,1.68957000,0.200000,0.244088,10.00,0.444088,"[FAIL] Candle Strength 15m: BS15=0.426 [>= 0.6];[FAIL] Candle Strength 5m: BS5=0.571 [>= 0.6];[PASS] EMA Trend 1h: EMA21=1.65, EMA50=1.62;[PASS] EMA Trend 4h: EMA21=1.60, EMA50=1.56, EMA200=1.47;[FAIL] RSI 30m: RSI=66.75;[PASS] MACD 30m: MACD_hist=0.0044;[FAIL] Smart Pullback: price=1.6821 EMA=1.6537 RSI=66.7 BS=0.426;[FAIL] ADX: ADX=12.71 [>22], DI+=26.96, DI-=20.72;[FAIL] CCI Momentum: CCI=196.82;[PASS] SAR: SAR=1.6714, price=1.6821;[FAIL] Stochastic: K=97.78 D=97.78;[FAIL] EMA Rejection: No rejection;[FAIL] Resistance Test: No test;[PASS] Pullback: Detected;[FAIL] Double Top/Bottom: No pattern;[PASS] Range Filter: EMA diff=0.0074 [>0.005];[PASS] Combined Range Filter: diff=0.0074, ADX=12.71, mode=AND",,,,,,,,,,
ATOM-USDT,LONG,B1,هایپریون (Hyperion),1.68210000,1.61481600,0.00000000,2026-09-08 14:15:19,CLOSED,TRAIL_STOP,2026-09-09 12:15:46,1.68957000,0.200000,0.244088,10.00,0.444088,"[FAIL] Candle Strength 15m: BS15=0.426 [>= 0.6];[FAIL] Candle Strength 5m: BS5=0.571 [>= 0.6];[PASS] EMA Trend 1h: EMA21=1.65, EMA50=1.62;[PASS] EMA Trend 4h: EMA21=1.60, EMA50=1.56, EMA200=1.47;[FAIL] RSI 30m: RSI=66.75;[PASS] MACD 30m: MACD_hist=0.0044;[FAIL] Smart Pullback: price=1.6821 EMA=1.6537 RSI=66.7 BS=0.426;[FAIL] ADX: ADX=12.71 [>22], DI+=26.96, DI-=20.72;[FAIL] CCI Momentum: CCI=196.82;[PASS] SAR: SAR=1.6714, price=1.6821;[FAIL] Stochastic: K=97.78 D=97.78;[FAIL] EMA Rejection: No rejection;[FAIL] Resistance Test: No test;[PASS] Pullback: Detected;[FAIL] Double Top/Bottom: No pattern;[PASS] Range Filter: EMA diff=0.0074 [>0.005];[FAIL] Combined Range Filter: diff=0.0074, ADX=12.71, mode=OR",,,,,,,,,,
SEI-USDT,LONG,S3,کرونوس (Cronus),0.04982000,0.04782720,0.00000000,2026-09-08 14:15:22,CLOSED,TRAIL_STOP,2026-09-09 12:15:46,0.05000900,0.200000,0.179366,10.00,0.379366,"[PASS] Candle Strength 15m: BS15=0.714 [>= 0.6];[PASS] Candle Strength 5m: BS5=0.714 [>= 0.6];[PASS] EMA Trend 1h: EMA21=0.05, EMA50=0.05;[PASS] EMA Trend 4h: EMA21=0.05, EMA50=0.05, EMA200=0.04;[PASS] RSI 30m: RSI=60.15;[FAIL] MACD 30m: MACD_hist=0.0001;[FAIL] Smart Pullback: price=0.0498 EMA=0.0491 RSI=60.2 BS=0.714;[FAIL] ADX: ADX=15.84 [>22], DI+=38.32, DI-=19.66;[FAIL] CCI Momentum: CCI=127.87;[PASS] SAR: SAR=0.0494, price=0.0498;[FAIL] Stochastic: K=79.15 D=79.15;[PASS] EMA Rejection: Rejected;[FAIL] Resistance Test: No test;[PASS] Pullback: Detected;[FAIL] Double Top/Bottom: No pattern;[FAIL] Range Filter: EMA diff=0.0009 [>0.005];[FAIL] Combined Range Filter: diff=0.0009, ADX=15.84, mode=AND",,,,,,,,,,
SEI-USDT,LONG,B1,هایپریون (Hyperion),0.04982000,0.04782720,0.00000000,2026-09-08 14:15:23,CLOSED,TRAIL_STOP,2026-09-09 12:15:47,0.05000900,0.200000,0.179366,10.00,0.379366,"[PASS] Candle Strength 15m: BS15=0.714 [>= 0.6];[PASS] Candle Strength 5m: BS5=0.714 [>= 0.6];[PASS] EMA Trend 1h: EMA21=0.05, EMA50=0.05;[PASS] EMA Trend 4h: EMA21=0.05, EMA50=0.05, EMA200=0.04;[PASS] RSI 30m: RSI=60.15;[FAIL] MACD 30m: MACD_hist=0.0001;[FAIL] Smart Pullback: price=0.0498 EMA=0.0491 RSI=60.2 BS=0.714;[FAIL] ADX: ADX=15.84 [>22], DI+=38.32, DI-=19.66;[FAIL] CCI Momentum: CCI=127.87;[PASS] SAR: SAR=0.0494, price=0.0498;[FAIL] Stochastic: K=79.15 D=79.15;[PASS] EMA Rejection: Rejected;[FAIL] Resistance Test: No test;[PASS] Pullback: Detected;[FAIL] Double Top/Bottom: No pattern;[FAIL] Range Filter: EMA diff=0.0009 [>0.005];[FAIL] Combined Range Filter: diff=0.0009, ADX=15.84, mode=OR",,,,,,,,,,
LTC-USDT,LONG,S3,کرونوس (Cronus),55.36000000,53.14560000,0.00000000,2026-09-08 14:47:18,CLOSED,TRAIL_STOP,2026-09-09 12:15:47,55.51300000,0.200000,0.076373,10.00,0.276373,"[PASS] Candle Strength 15m: BS15=0.789 [>= 0.6];[PASS] Candle Strength 5m: BS5=0.789 [>= 0.6];[PASS] EMA Trend 1h: EMA21=55.38, EMA50=55.01;[PASS] EMA Trend 4h: EMA21=54.24, EMA50=52.62, EMA200=49.01;[FAIL] RSI 30m: RSI=49.37;[PASS] MACD 30m: MACD_hist=0.0528;[FAIL] Smart Pullback: price=55.3600 EMA=55.3859 RSI=49.4 BS=0.789;[FAIL] ADX: ADX=13.00 [>22], DI+=26.12, DI-=21.37;[PASS] CCI Momentum: CCI=19.00;[FAIL] SAR: SAR=55.5124, price=55.3600;[FAIL] Stochastic: K=57.34 D=57.34;[PASS] EMA Rejection: Rejected;[PASS] Resistance Test: Tested;[PASS] Pullback: Detected;[FAIL] Double Top/Bottom: No pattern;[FAIL] Range Filter: EMA diff=0.0006 [>0.005];[FAIL] Combined Range Filter: diff=0.0006, ADX=13.00, mode=AND",,,,,,,,,,
LTC-USDT,LONG,B1,هایپریون (Hyperion),55.36000000,53.14560000,0.00000000,2026-09-08 14:47:19,CLOSED,TRAIL_STOP,2026-09-09 12:15:48,55.51300000,0.200000,0.076373,10.00,0.276373,"[PASS] Candle Strength 15m: BS15=0.789 [>= 0.6];[PASS] Candle Strength 5m: BS5=0.789 [>= 0.6];[PASS] EMA Trend 1h: EMA21=55.38, EMA50=55.01;[PASS] EMA Trend 4h: EMA21=54.24, EMA50=52.62, EMA200=49.01;[FAIL] RSI 30m: RSI=49.37;[PASS] MACD 30m: MACD_hist=0.0528;[FAIL] Smart Pullback: price=55.3600 EMA=55.3859 RSI=49.4 BS=0.789;[FAIL] ADX: ADX=13.00 [>22], DI+=26.12, DI-=21.37;[PASS] CCI Momentum: CCI=19.00;[FAIL] SAR: SAR=55.5124, price=55.3600;[FAIL] Stochastic: K=57.34 D=57.34;[PASS] EMA Rejection: Rejected;[PASS] Resistance Test: Tested;[PASS] Pullback: Detected;[FAIL] Double Top/Bottom: No pattern;[FAIL] Range Filter: EMA diff=0.0006 [>0.005];[FAIL] Combined Range Filter: diff=0.0006, ADX=13.00, mode=OR",,,,,,,,,,
DOT-USDT,LONG,B1,هایپریون (Hyperion),1.07850000,1.03536000,0.00000000,2026-09-08 14:47:22,CLOSED,TRAIL_STOP,2026-09-09 12:15:48,1.08885000,0.200000,0.759666,10.00,0.959666,"[FAIL] Candle Strength 15m: BS15=1.000 [too high - likely end of move];[FAIL] Candle Strength 5m: BS5=1.000 [too high];[PASS] EMA Trend 1h: EMA21=1.06, EMA50=1.02;[PASS] EMA Trend 4h: EMA21=0.99, EMA50=0.94, EMA200=0.86;[PASS] RSI 30m: RSI=55.86;[FAIL] MACD 30m: MACD_hist=0.0012;[FAIL] Smart Pullback: price=1.0785 EMA=1.0704 RSI=55.9 BS=1.000;[FAIL] ADX: ADX=17.56 [>22], DI+=23.65, DI-=18.00;[PASS] CCI Momentum: CCI=82.23;[PASS] SAR: SAR=1.0778, price=1.0785;[FAIL] Stochastic: K=61.90 D=61.90;[FAIL] EMA Rejection: No rejection;[FAIL] Resistance Test: No test;[PASS] Pullback: Detected;[FAIL] Double Top/Bottom: No pattern;[PASS] Range Filter: EMA diff=0.0152 [>0.005];[FAIL] Combined Range Filter: diff=0.0152, ADX=17.56, mode=OR",,,,,,,,,,
LINK-USDT,SHORT,S2,ایاپتوس (Iapetus),12.53220000,13.03348800,0.00000000,2026-09-08 14:47:25,CLOSED,TRAIL_STOP,2026-09-09 12:15:49,12.47829000,0.200000,0.230172,10.00,0.430172,"[FAIL] Candle Strength 15m: BS15=0.024 [>= 0.6];[FAIL] Candle Strength 5m: BS5=0.024 [>= 0.6];[FAIL] EMA Trend 1h: EMA21=12.73, EMA50=12.69;[FAIL] EMA Trend 4h: EMA21=12.48, EMA50=12.06, EMA200=10.57;[PASS] RSI 30m: RSI=35.55;[FAIL] MACD 30m: MACD_hist=0.0040;[FAIL] Smart Pullback: price=12.5322 EMA=12.6821 RSI=35.5 BS=0.024;[PASS] ADX: ADX=27.20 [>22], DI+=17.42, DI-=30.22;[FAIL] CCI Momentum: CCI=-188.07;[PASS] SAR: SAR=12.6435, price=12.5322;[FAIL] Stochastic: K=2.61 D=2.61;[PASS] EMA Rejection: Rejected;[FAIL] Resistance Test: No test;[PASS] Pullback: Detected;[PASS] Double Top/Bottom: Pattern=double_bottom;[PASS] Range Filter: EMA diff=0.0057 [>0.005];[PASS] Combined Range Filter: diff=0.0057, ADX=27.20, mode=AND",,,,,,,,,,
LINK-USDT,SHORT,S3,کرونوس (Cronus),12.53220000,13.03348800,0.00000000,2026-09-08 14:47:26,CLOSED,TRAIL_STOP,2026-09-09 12:15:49,12.47829000,0.200000,0.230172,10.00,0.430172,"[FAIL] Candle Strength 15m: BS15=0.024 [>= 0.6];[FAIL] Candle Strength 5m: BS5=0.024 [>= 0.6];[FAIL] EMA Trend 1h: EMA21=12.73, EMA50=12.69;[FAIL] EMA Trend 4h: EMA21=12.48, EMA50=12.06, EMA200=10.57;[PASS] RSI 30m: RSI=35.55;[FAIL] MACD 30m: MACD_hist=0.0040;[FAIL] Smart Pullback: price=12.5322 EMA=12.6821 RSI=35.5 BS=0.024;[PASS] ADX: ADX=27.20 [>22], DI+=17.42, DI-=30.22;[FAIL] CCI Momentum: CCI=-188.07;[PASS] SAR: SAR=12.6435, price=12.5322;[FAIL] Stochastic: K=2.61 D=2.61;[PASS] EMA Rejection: Rejected;[FAIL] Resistance Test: No test;[PASS] Pullback: Detected;[PASS] Double Top/Bottom: Pattern=double_bottom;[PASS] Range Filter: EMA diff=0.0057 [>0.005];[PASS] Combined Range Filter: diff=0.0057, ADX=27.20, mode=AND",,,,,,,,,,
BTC-USDT,SHORT,S2,ایاپتوس (Iapetus),78471.90000000,81610.77600000,0.00000000,2026-09-08 15:13:48,CLOSED,TRAIL_STOP,2026-09-09 12:15:50,78256.08000000,0.200000,0.075028,10.00,0.275028,"[FAIL] Candle Strength 15m: BS15=0.214 [>= 0.6];[PASS] Candle Strength 5m: BS5=0.628 [>= 0.6];[PASS] EMA Trend 1h: EMA21=78872.13, EMA50=79210.12;[FAIL] EMA Trend 4h: EMA21=79285.38, EMA50=79011.82, EMA200=73116.41;[PASS] RSI 30m: RSI=41.34;[FAIL] MACD 30m: MACD_hist=14.8826;[FAIL] Smart Pullback: price=78471.9000 EMA=78679.7543 RSI=41.3 BS=0.214;[PASS] ADX: ADX=31.88 [>22], DI+=18.25, DI-=30.15;[PASS] CCI Momentum: CCI=-65.04;[FAIL] SAR: SAR=78308.9300, price=78471.9000;[FAIL] Stochastic: K=35.69 D=35.69;[PASS] EMA Rejection: Rejected;[FAIL] Resistance Test: No test;[PASS] Pullback: Detected;[PASS] Double Top/Bottom: Pattern=double_bottom;[FAIL] Range Filter: EMA diff=0.0034 [>0.005];[PASS] Combined Range Filter: diff=0.0034, ADX=31.88, mode=AND",,,,,,,,,,
LTC-USDT,LONG,S3,کرونوس (Cronus),55.50000000,53.28000000,0.00000000,2026-09-08 15:13:51,CLOSED,TRAIL_STOP,2026-09-09 12:15:50,56.04900000,0.200000,0.789189,10.00,0.989189,"[FAIL] Candle Strength 15m: BS15=0.437 [>= 0.6];[PASS] Candle Strength 5m: BS5=0.692 [>= 0.6];[PASS] EMA Trend 1h: EMA21=55.39, EMA50=55.01;[PASS] EMA Trend 4h: EMA21=54.25, EMA50=52.62, EMA200=49.01;[PASS] RSI 30m: RSI=52.33;[PASS] MACD 30m: MACD_hist=0.0490;[FAIL] Smart Pullback: price=55.5000 EMA=55.4013 RSI=52.3 BS=0.437;[FAIL] ADX: ADX=12.78 [>22], DI+=25.36, DI-=20.74;[PASS] CCI Momentum: CCI=44.42;[PASS] SAR: SAR=55.1446, price=55.5000;[FAIL] Stochastic: K=67.13 D=67.13;[FAIL] EMA Rejection: No rejection;[PASS] Resistance Test: Tested;[PASS] Pullback: Detected;[FAIL] Double Top/Bottom: No pattern;[FAIL] Range Filter: EMA diff=0.0007 [>0.005];[FAIL] Combined Range Filter: diff=0.0007, ADX=12.78, mode=AND",,,,,,,,,,
LTC-USDT,LONG,B1,هایپریون (Hyperion),55.50000000,53.28000000,0.00000000,2026-09-08 15:13:52,CLOSED,TRAIL_STOP,2026-09-09 12:15:51,56.04900000,0.200000,0.789189,10.00,0.989189,"[FAIL] Candle Strength 15m: BS15=0.437 [>= 0.6];[PASS] Candle Strength 5m: BS5=0.692 [>= 0.6];[PASS] EMA Trend 1h: EMA21=55.39, EMA50=55.01;[PASS] EMA Trend 4h: EMA21=54.25, EMA50=52.62, EMA200=49.01;[PASS] RSI 30m: RSI=52.33;[PASS] MACD 30m: MACD_hist=0.0490;[FAIL] Smart Pullback: price=55.5000 EMA=55.4013 RSI=52.3 BS=0.437;[FAIL] ADX: ADX=12.78 [>22], DI+=25.36, DI-=20.74;[PASS] CCI Momentum: CCI=44.42;[PASS] SAR: SAR=55.1446, price=55.5000;[FAIL] Stochastic: K=67.13 D=67.13;[FAIL] EMA Rejection: No rejection;[PASS] Resistance Test: Tested;[PASS] Pullback: Detected;[FAIL] Double Top/Bottom: No pattern;[FAIL] Range Filter: EMA diff=0.0007 [>0.005];[FAIL] Combined Range Filter: diff=0.0007, ADX=12.78, mode=OR",,,,,,,,,,
DOT-USDT,LONG,S3,کرونوس (Cronus),1.08020000,1.03699200,0.00000000,2026-09-08 15:13:55,CLOSED,TRAIL_STOP,2026-09-09 12:15:51,1.08488000,0.200000,0.233253,10.00,0.433253,"[PASS] Candle Strength 15m: BS15=0.636 [>= 0.6];[FAIL] Candle Strength 5m: BS5=0.205 [>= 0.6];[PASS] EMA Trend 1h: EMA21=1.06, EMA50=1.02;[PASS] EMA Trend 4h: EMA21=0.99, EMA50=0.94, EMA200=0.86;[PASS] RSI 30m: RSI=56.13;[FAIL] MACD 30m: MACD_hist=0.0013;[FAIL] Smart Pullback: price=1.0802 EMA=1.0721 RSI=56.1 BS=0.636;[FAIL] ADX: ADX=17.27 [>22], DI+=21.59, DI-=16.43;[PASS] CCI Momentum: CCI=99.22;[PASS] SAR: SAR=1.0717, price=1.0802;[FAIL] Stochastic: K=65.18 D=65.18;[FAIL] EMA Rejection: No rejection;[FAIL] Resistance Test: No test;[PASS] Pullback: Detected;[FAIL] Double Top/Bottom: No pattern;[PASS] Range Filter: EMA diff=0.0154 [>0.005];[PASS] Combined Range Filter: diff=0.0154, ADX=17.27, mode=AND",,,,,,,,,,
DOT-USDT,LONG,B1,هایپریون (Hyperion),1.08020000,1.03699200,0.00000000,2026-09-08 15:13:57,CLOSED,TRAIL_STOP,2026-09-09 12:15:52,1.08488000,0.200000,0.233253,10.00,0.433253,"[PASS] Candle Strength 15m: BS15=0.636 [>= 0.6];[FAIL] Candle Strength 5m: BS5=0.205 [>= 0.6];[PASS] EMA Trend 1h: EMA21=1.06, EMA50=1.02;[PASS] EMA Trend 4h: EMA21=0.99, EMA50=0.94, EMA200=0.86;[PASS] RSI 30m: RSI=56.13;[FAIL] MACD 30m: MACD_hist=0.0013;[FAIL] Smart Pullback: price=1.0802 EMA=1.0721 RSI=56.1 BS=0.636;[FAIL] ADX: ADX=17.27 [>22], DI+=21.59, DI-=16.43;[PASS] CCI Momentum: CCI=99.22;[PASS] SAR: SAR=1.0717, price=1.0802;[FAIL] Stochastic: K=65.18 D=65.18;[FAIL] EMA Rejection: No rejection;[FAIL] Resistance Test: No test;[PASS] Pullback: Detected;[FAIL] Double Top/Bottom: No pattern;[PASS] Range Filter: EMA diff=0.0154 [>0.005];[FAIL] Combined Range Filter: diff=0.0154, ADX=17.27, mode=OR",,,,,,,,,,
LINK-USDT,SHORT,S3,کرونوس (Cronus),12.55500000,13.05720000,0.00000000,2026-09-08 15:13:59,CLOSED,TRAIL_STOP,2026-09-09 12:15:52,12.44763000,0.200000,0.655197,10.00,0.855197,"[FAIL] Candle Strength 15m: BS15=0.200 [>= 0.6];[PASS] Candle Strength 5m: BS5=0.601 [>= 0.6];[FAIL] EMA Trend 1h: EMA21=12.74, EMA50=12.69;[FAIL] EMA Trend 4h: EMA21=12.48, EMA50=12.06, EMA200=10.57;[PASS] RSI 30m: RSI=37.96;[FAIL] MACD 30m: MACD_hist=-0.0006;[FAIL] Smart Pullback: price=12.5550 EMA=12.6705 RSI=38.0 BS=0.200;[PASS] ADX: ADX=27.64 [>22], DI+=16.24, DI-=32.51;[FAIL] CCI Momentum: CCI=-243.84;[FAIL] SAR: SAR=12.5240, price=12.5550;[FAIL] Stochastic: K=25.45 D=25.45;[PASS] EMA Rejection: Rejected;[PASS] Resistance Test: Tested;[PASS] Pullback: Detected;[PASS] Double Top/Bottom: Pattern=double_bottom;[PASS] Range Filter: EMA diff=0.0060 [>0.005];[PASS] Combined Range Filter: diff=0.0060, ADX=27.64, mode=AND",,,,,,,,,,
ATOM-USDT,LONG,S3,کرونوس (Cronus),1.69590000,1.62806400,0.00000000,2026-09-08 15:14:01,CLOSED,TRAIL_STOP,2026-09-09 12:15:52,1.73595000,0.200000,2.161578,10.00,2.361578,"[FAIL] Candle Strength 15m: BS15=0.515 [>= 0.6];[FAIL] Candle Strength 5m: BS5=0.353 [>= 0.6];[PASS] EMA Trend 1h: EMA21=1.65, EMA50=1.62;[PASS] EMA Trend 4h: EMA21=1.60, EMA50=1.56, EMA200=1.47;[FAIL] RSI 30m: RSI=68.49;[PASS] MACD 30m: MACD_hist=0.0049;[FAIL] Smart Pullback: price=1.6959 EMA=1.6596 RSI=68.5 BS=0.515;[FAIL] ADX: ADX=14.06 [>22], DI+=21.09, DI-=30.91;[FAIL] CCI Momentum: CCI=195.84;[PASS] SAR: SAR=1.6322, price=1.6959;[FAIL] Stochastic: K=97.94 D=97.94;[FAIL] EMA Rejection: No rejection;[FAIL] Resistance Test: No test;[PASS] Pullback: Detected;[FAIL] Double Top/Bottom: No pattern;[PASS] Range Filter: EMA diff=0.0087 [>0.005];[PASS] Combined Range Filter: diff=0.0087, ADX=14.06, mode=AND",,,,,,,,,,
ATOM-USDT,LONG,B1,هایپریون (Hyperion),1.69590000,1.62806400,0.00000000,2026-09-08 15:14:02,CLOSED,TRAIL_STOP,2026-09-09 12:15:53,1.73595000,0.200000,2.161578,10.00,2.361578,"[FAIL] Candle Strength 15m: BS15=0.515 [>= 0.6];[FAIL] Candle Strength 5m: BS5=0.353 [>= 0.6];[PASS] EMA Trend 1h: EMA21=1.65, EMA50=1.62;[PASS] EMA Trend 4h: EMA21=1.60, EMA50=1.56, EMA200=1.47;[FAIL] RSI 30m: RSI=68.49;[PASS] MACD 30m: MACD_hist=0.0049;[FAIL] Smart Pullback: price=1.6959 EMA=1.6596 RSI=68.5 BS=0.515;[FAIL] ADX: ADX=14.06 [>22], DI+=21.09, DI-=30.91;[FAIL] CCI Momentum: CCI=195.84;[PASS] SAR: SAR=1.6322, price=1.6959;[FAIL] Stochastic: K=97.94 D=97.94;[FAIL] EMA Rejection: No rejection;[FAIL] Resistance Test: No test;[PASS] Pullback: Detected;[FAIL] Double Top/Bottom: No pattern;[PASS] Range Filter: EMA diff=0.0087 [>0.005];[FAIL] Combined Range Filter: diff=0.0087, ADX=14.06, mode=OR",,,,,,,,,,
ETH-USDT,SHORT,S3,کرونوس (Cronus),2473.87000000,2572.82480000,0.00000000,2026-09-08 15:53:56,CLOSED,TRAIL_STOP,2026-09-09 12:15:53,2445.05200000,0.200000,0.964895,10.00,1.164895,"[FAIL] Candle Strength 15m: BS15=0.821 [too high - likely end of move];[FAIL] Candle Strength 5m: BS5=0.527 [>= 0.6];[PASS] EMA Trend 1h: EMA21=2483.86, EMA50=2486.63;[FAIL] EMA Trend 4h: EMA21=2481.27, EMA50=2467.10, EMA200=2247.78;[PASS] RSI 30m: RSI=43.24;[PASS] MACD 30m: MACD_hist=-0.1210;[FAIL] Smart Pullback: price=2473.8700 EMA=2480.9887 RSI=43.2 BS=0.821;[FAIL] ADX: ADX=13.40 [>22], DI+=22.31, DI-=25.88;[PASS] CCI Momentum: CCI=-90.49;[FAIL] SAR: SAR=2471.7340, price=2473.8700;[FAIL] Stochastic: K=28.98 D=28.98;[PASS] EMA Rejection: Rejected;[PASS] Resistance Test: Tested;[PASS] Pullback: Detected;[PASS] Double Top/Bottom: Pattern=double_top;[FAIL] Range Filter: EMA diff=0.0017 [>0.005];[FAIL] Combined Range Filter: diff=0.0017, ADX=13.40, mode=AND",,,,,,,,,,
BNB-USDT,LONG,B1,هایپریون (Hyperion),750.61000000,720.58560000,0.00000000,2026-09-08 15:53:57,CLOSED,TRAIL_STOP,2026-09-09 12:15:54,756.35110000,0.200000,0.564858,10.00,0.764858,"[FAIL] Candle Strength 15m: BS15=0.354 [>= 0.6];[FAIL] Candle Strength 5m: BS5=0.067 [>= 0.6];[PASS] EMA Trend 1h: EMA21=748.08, EMA50=746.72;[PASS] EMA Trend 4h: EMA21=743.79, EMA50=728.67, EMA200=668.32;[PASS] RSI 30m: RSI=52.01;[FAIL] MACD 30m: MACD_hist=-0.2938;[FAIL] Smart Pullback: price=750.6100 EMA=750.6379 RSI=52.0 BS=0.354;[PASS] ADX: ADX=26.66 [>22], DI+=26.63, DI-=21.09;[PASS] CCI Momentum: CCI=11.68;[PASS] SAR: SAR=750.3047, price=750.6100;[FAIL] Stochastic: K=34.02 D=34.02;[PASS] EMA Rejection: Rejected;[FAIL] Resistance Test: No test;[FAIL] Pullback: No pullback;[PASS] Double Top/Bottom: Pattern=double_top;[FAIL] Range Filter: EMA diff=0.0040 [>0.005];[PASS] Combined Range Filter: diff=0.0040, ADX=26.66, mode=OR",,,,,,,,,,
NEAR-USDT,SHORT,S3,کرونوس (Cronus),2.28090000,2.37213600,0.00000000,2026-09-08 15:54:01,CLOSED,TRAIL_STOP,2026-09-09 12:15:54,2.24796000,0.200000,1.244167,10.00,1.444167,"[PASS] Candle Strength 15m: BS15=0.722 [>= 0.6];[FAIL] Candle Strength 5m: BS5=0.093 [>= 0.6];[FAIL] EMA Trend 1h: EMA21=2.31, EMA50=2.31;[FAIL] EMA Trend 4h: EMA21=2.27, EMA50=2.15, EMA200=1.89;[PASS] RSI 30m: RSI=42.35;[FAIL] MACD 30m: MACD_hist=-0.0003;[FAIL] Smart Pullback: price=2.2809 EMA=2.3025 RSI=42.4 BS=0.722;[FAIL] ADX: ADX=15.92 [>22], DI+=21.97, DI-=23.31;[PASS] CCI Momentum: CCI=-63.09;[FAIL] SAR: SAR=2.2720, price=2.2809;[FAIL] Stochastic: K=21.33 D=21.33;[PASS] EMA Rejection: Rejected;[PASS] Resistance Test: Tested;[PASS] Pullback: Detected;[FAIL] Double Top/Bottom: No pattern;[PASS] Range Filter: EMA diff=0.0057 [>0.005];[PASS] Combined Range Filter: diff=0.0057, ADX=15.92, mode=AND",,,,,,,,,,
DOT-USDT,LONG,S3,کرونوس (Cronus),1.08220000,1.03891200,0.00000000,2026-09-08 15:54:02,CLOSED,TRAIL_STOP,2026-09-09 12:15:55,1.09156000,0.200000,0.664905,10.00,0.864905,"[FAIL] Candle Strength 15m: BS15=0.520 [>= 0.6];[PASS] Candle Strength 5m: BS5=0.681 [>= 0.6];[PASS] EMA Trend 1h: EMA21=1.06, EMA50=1.03;[PASS] EMA Trend 4h: EMA21=1.00, EMA50=0.94, EMA200=0.86;[PASS] RSI 30m: RSI=56.90;[FAIL] MACD 30m: MACD_hist=0.0009;[FAIL] Smart Pullback: price=1.0822 EMA=1.0729 RSI=56.9 BS=0.520;[FAIL] ADX: ADX=17.01 [>22], DI+=20.13, DI-=15.32;[PASS] CCI Momentum: CCI=71.23;[PASS] SAR: SAR=1.0734, price=1.0822;[FAIL] Stochastic: K=69.05 D=69.05;[FAIL] EMA Rejection: No rejection;[FAIL] Resistance Test: No test;[PASS] Pullback: Detected;[PASS] Double Top/Bottom: Pattern=double_top;[PASS] Range Filter: EMA diff=0.0152 [>0.005];[PASS] Combined Range Filter: diff=0.0152, ADX=17.01, mode=AND",,,,,,,,,,
DOT-USDT,LONG,B1,هایپریون (Hyperion),1.08220000,1.03891200,0.00000000,2026-09-08 15:54:04,CLOSED,TRAIL_STOP,2026-09-09 12:15:55,1.09156000,0.200000,0.664905,10.00,0.864905,"[FAIL] Candle Strength 15m: BS15=0.520 [>= 0.6];[PASS] Candle Strength 5m: BS5=0.681 [>= 0.6];[PASS] EMA Trend 1h: EMA21=1.06, EMA50=1.03;[PASS] EMA Trend 4h: EMA21=1.00, EMA50=0.94, EMA200=0.86;[PASS] RSI 30m: RSI=56.90;[FAIL] MACD 30m: MACD_hist=0.0009;[FAIL] Smart Pullback: price=1.0822 EMA=1.0729 RSI=56.9 BS=0.520;[FAIL] ADX: ADX=17.01 [>22], DI+=20.13, DI-=15.32;[PASS] CCI Momentum: CCI=71.23;[PASS] SAR: SAR=1.0734, price=1.0822;[FAIL] Stochastic: K=69.05 D=69.05;[FAIL] EMA Rejection: No rejection;[FAIL] Resistance Test: No test;[PASS] Pullback: Detected;[PASS] Double Top/Bottom: Pattern=double_top;[PASS] Range Filter: EMA diff=0.0152 [>0.005];[FAIL] Combined Range Filter: diff=0.0152, ADX=17.01, mode=OR",,,,,,,,,,
LINK-USDT,SHORT,S2,ایاپتوس (Iapetus),12.54110000,13.04274400,0.00000000,2026-09-08 15:54:07,CLOSED,TRAIL_STOP,2026-09-09 12:15:56,12.47216000,0.200000,0.349713,10.00,0.549713,"[PASS] Candle Strength 15m: BS15=0.614 [>= 0.6];[FAIL] Candle Strength 5m: BS5=0.058 [>= 0.6];[FAIL] EMA Trend 1h: EMA21=12.71, EMA50=12.68;[FAIL] EMA Trend 4h: EMA21=12.49, EMA50=12.08, EMA200=10.58;[PASS] RSI 30m: RSI=37.98;[PASS] MACD 30m: MACD_hist=-0.0058;[FAIL] Smart Pullback: price=12.5411 EMA=12.6545 RSI=38.0 BS=0.614;[PASS] ADX: ADX=28.34 [>22], DI+=14.39, DI-=31.69;[FAIL] CCI Momentum: CCI=-204.28;[FAIL] SAR: SAR=12.4745, price=12.5411;[FAIL] Stochastic: K=29.16 D=29.16;[PASS] EMA Rejection: Rejected;[PASS] Resistance Test: Tested;[PASS] Pullback: Detected;[PASS] Double Top/Bottom: Pattern=double_top;[PASS] Range Filter: EMA diff=0.0065 [>0.005];[PASS] Combined Range Filter: diff=0.0065, ADX=28.34, mode=AND",,,,,,,,,,
LINK-USDT,SHORT,S3,کرونوس (Cronus),12.54110000,13.04274400,0.00000000,2026-09-08 15:54:08,CLOSED,TRAIL_STOP,2026-09-09 12:15:56,12.47216000,0.200000,0.349713,10.00,0.549713,"[PASS] Candle Strength 15m: BS15=0.614 [>= 0.6];[FAIL] Candle Strength 5m: BS5=0.058 [>= 0.6];[FAIL] EMA Trend 1h: EMA21=12.71, EMA50=12.68;[FAIL] EMA Trend 4h: EMA21=12.49, EMA50=12.08, EMA200=10.58;[PASS] RSI 30m: RSI=37.98;[PASS] MACD 30m: MACD_hist=-0.0058;[FAIL] Smart Pullback: price=12.5411 EMA=12.6545 RSI=38.0 BS=0.614;[PASS] ADX: ADX=28.34 [>22], DI+=14.39, DI-=31.69;[FAIL] CCI Momentum: CCI=-204.28;[FAIL] SAR: SAR=12.4745, price=12.5411;[FAIL] Stochastic: K=29.16 D=29.16;[PASS] EMA Rejection: Rejected;[PASS] Resistance Test: Tested;[PASS] Pullback: Detected;[PASS] Double Top/Bottom: Pattern=double_top;[PASS] Range Filter: EMA diff=0.0065 [>0.005];[PASS] Combined Range Filter: diff=0.0065, ADX=28.34, mode=AND",,,,,,,,,,
LINK-USDT,SHORT,B2,اطلس (Atlas),12.54110000,13.04274400,0.00000000,2026-09-08 15:54:10,CLOSED,TRAIL_STOP,2026-09-09 12:15:57,12.47216000,0.200000,0.349713,10.00,0.549713,"[PASS] Candle Strength 15m: BS15=0.614 [>= 0.48];[FAIL] Candle Strength 5m: BS5=0.058 [>= 0.48];[FAIL] EMA Trend 1h: EMA21=12.71, EMA50=12.68;[FAIL] EMA Trend 4h: EMA21=12.49, EMA50=12.08, EMA200=10.58;[PASS] RSI 30m: RSI=37.98;[PASS] MACD 30m: MACD_hist=-0.0058;[FAIL] Smart Pullback: price=12.5411 EMA=12.6545 RSI=38.0 BS=0.614;[PASS] ADX: ADX=28.34 [>22], DI+=14.39, DI-=31.69;[FAIL] CCI Momentum: CCI=-204.28;[FAIL] SAR: SAR=12.4745, price=12.5411;[FAIL] Stochastic: K=29.16 D=29.16;[PASS] EMA Rejection: Rejected;[PASS] Resistance Test: Tested;[PASS] Pullback: Detected;[PASS] Double Top/Bottom: Pattern=double_top;[PASS] Range Filter: EMA diff=0.0065 [>0.005];[PASS] Combined Range Filter: diff=0.0065, ADX=28.34, mode=OR",,,,,,,,,,
ATOM-USDT,LONG,S3,کرونوس (Cronus),1.73600000,1.66656000,0.00000000,2026-09-08 15:54:12,CLOSED,TRAIL_STOP,2026-09-09 12:15:57,1.76705000,0.200000,1.588594,10.00,1.788594,"[FAIL] Candle Strength 15m: BS15=1.000 [too high - likely end of move];[FAIL] Candle Strength 5m: BS5=0.992 [too high];[PASS] EMA Trend 1h: EMA21=1.66, EMA50=1.63;[PASS] EMA Trend 4h: EMA21=1.61, EMA50=1.57, EMA200=1.47;[FAIL] RSI 30m: RSI=76.97;[PASS] MACD 30m: MACD_hist=0.0075;[FAIL] Smart Pullback: price=1.7360 EMA=1.6667 RSI=77.0 BS=1.000;[FAIL] ADX: ADX=13.68 [>22], DI+=32.92, DI-=25.56;[FAIL] CCI Momentum: CCI=248.35;[PASS] SAR: SAR=1.6853, price=1.7360;[FAIL] Stochastic: K=100.00 D=100.00;[FAIL] EMA Rejection: No rejection;[FAIL] Resistance Test: No test;[PASS] Pullback: Detected;[FAIL] Double Top/Bottom: No pattern;[PASS] Range Filter: EMA diff=0.0105 [>0.005];[PASS] Combined Range Filter: diff=0.0105, ADX=13.68, mode=AND",,,,,,,,,,
ATOM-USDT,LONG,B1,هایپریون (Hyperion),1.73600000,1.66656000,0.00000000,2026-09-08 15:54:13,CLOSED,TRAIL_STOP,2026-09-09 12:15:58,1.76705000,0.200000,1.588594,10.00,1.788594,"[FAIL] Candle Strength 15m: BS15=1.000 [too high - likely end of move];[FAIL] Candle Strength 5m: BS5=0.992 [too high];[PASS] EMA Trend 1h: EMA21=1.66, EMA50=1.63;[PASS] EMA Trend 4h: EMA21=1.61, EMA50=1.57, EMA200=1.47;[FAIL] RSI 30m: RSI=76.97;[PASS] MACD 30m: MACD_hist=0.0075;[FAIL] Smart Pullback: price=1.7360 EMA=1.6667 RSI=77.0 BS=1.000;[FAIL] ADX: ADX=13.68 [>22], DI+=32.92, DI-=25.56;[FAIL] CCI Momentum: CCI=248.35;[PASS] SAR: SAR=1.6853, price=1.7360;[FAIL] Stochastic: K=100.00 D=100.00;[FAIL] EMA Rejection: No rejection;[FAIL] Resistance Test: No test;[PASS] Pullback: Detected;[FAIL] Double Top/Bottom: No pattern;[PASS] Range Filter: EMA diff=0.0105 [>0.005];[FAIL] Combined Range Filter: diff=0.0105, ADX=13.68, mode=OR",,,,,,,,,,
SOL-USDT,SHORT,S3,کرونوس (Cronus),103.21000000,107.33840000,0.00000000,2026-09-08 16:19:59,CLOSED,TRAIL_STOP,2026-09-09 12:15:59,102.76000000,0.200000,0.236004,10.00,0.436004,"[PASS] Candle Strength 15m: BS15=0.636 [>= 0.6];[PASS] Candle Strength 5m: BS5=0.636 [>= 0.6];[PASS] EMA Trend 1h: EMA21=103.58, EMA50=104.03;[FAIL] EMA Trend 4h: EMA21=103.78, EMA50=102.98, EMA200=91.72;[PASS] RSI 30m: RSI=47.93;[FAIL] MACD 30m: MACD_hist=0.0356;[FAIL] Smart Pullback: price=103.2100 EMA=103.2523 RSI=47.9 BS=0.636;[FAIL] ADX: ADX=20.78 [>22], DI+=22.12, DI-=26.64;[PASS] CCI Momentum: CCI=-1.49;[FAIL] SAR: SAR=102.5142, price=103.2100;[FAIL] Stochastic: K=49.40 D=49.40;[PASS] EMA Rejection: Rejected;[PASS] Resistance Test: Tested;[PASS] Pullback: Detected;[FAIL] Double Top/Bottom: No pattern;[FAIL] Range Filter: EMA diff=0.0042 [>0.005];[PASS] Combined Range Filter: diff=0.0042, ADX=20.78, mode=AND",,,,,,,,,,
LTC-USDT,LONG,S3,کرونوس (Cronus),55.32000000,53.10720000,0.00000000,2026-09-08 16:20:02,CLOSED,TRAIL_STOP,2026-09-09 12:15:59,58.15500000,0.200000,4.924729,10.00,5.124729,"[FAIL] Candle Strength 15m: BS15=0.182 [>= 0.6];[FAIL] Candle Strength 5m: BS5=0.182 [>= 0.6];[PASS] EMA Trend 1h: EMA21=55.38, EMA50=55.02;[PASS] EMA Trend 4h: EMA21=54.34, EMA50=52.72, EMA200=49.06;[FAIL] RSI 30m: RSI=48.47;[PASS] MACD 30m: MACD_hist=0.0134;[FAIL] Smart Pullback: price=55.3200 EMA=55.3754 RSI=48.5 BS=0.182;[FAIL] ADX: ADX=13.59 [>22], DI+=32.21, DI-=17.64;[PASS] CCI Momentum: CCI=92.09;[PASS] SAR: SAR=55.2378, price=55.3200;[FAIL] Stochastic: K=49.68 D=49.68;[PASS] EMA Rejection: Rejected;[PASS] Resistance Test: Tested;[PASS] Pullback: Detected;[PASS] Double Top/Bottom: Pattern=double_top;[FAIL] Range Filter: EMA diff=0.0004 [>0.005];[FAIL] Combined Range Filter: diff=0.0004, ADX=13.59, mode=AND",,,,,,,,,,
LTC-USDT,LONG,B1,هایپریون (Hyperion),55.32000000,53.10720000,0.00000000,2026-09-08 16:20:04,CLOSED,TRAIL_STOP,2026-09-09 12:16:00,58.15500000,0.200000,4.924729,10.00,5.124729,"[FAIL] Candle Strength 15m: BS15=0.182 [>= 0.6];[FAIL] Candle Strength 5m: BS5=0.182 [>= 0.6];[PASS] EMA Trend 1h: EMA21=55.38, EMA50=55.02;[PASS] EMA Trend 4h: EMA21=54.34, EMA50=52.72, EMA200=49.06;[FAIL] RSI 30m: RSI=48.47;[PASS] MACD 30m: MACD_hist=0.0134;[FAIL] Smart Pullback: price=55.3200 EMA=55.3754 RSI=48.5 BS=0.182;[FAIL] ADX: ADX=13.59 [>22], DI+=32.21, DI-=17.64;[PASS] CCI Momentum: CCI=92.09;[PASS] SAR: SAR=55.2378, price=55.3200;[FAIL] Stochastic: K=49.68 D=49.68;[PASS] EMA Rejection: Rejected;[PASS] Resistance Test: Tested;[PASS] Pullback: Detected;[PASS] Double Top/Bottom: Pattern=double_top;[FAIL] Range Filter: EMA diff=0.0004 [>0.005];[FAIL] Combined Range Filter: diff=0.0004, ADX=13.59, mode=OR",,,,,,,,,,
SUI-USDT,LONG,B1,هایپریون (Hyperion),0.81400000,0.78144000,0.00000000,2026-09-08 16:20:07,CLOSED,TRAIL_STOP,2026-09-09 12:16:00,0.81742000,0.200000,0.220147,10.00,0.420147,"[PASS] Candle Strength 15m: BS15=0.667 [>= 0.6];[FAIL] Candle Strength 5m: BS5=1.000 [too high];[PASS] EMA Trend 1h: EMA21=0.82, EMA50=0.81;[PASS] EMA Trend 4h: EMA21=0.80, EMA50=0.78, EMA200=0.74;[FAIL] RSI 30m: RSI=46.08;[FAIL] MACD 30m: MACD_hist=-0.0009;[PASS] Smart Pullback: price=0.8140 EMA=0.8183 RSI=46.1 BS=0.667;[FAIL] ADX: ADX=10.29 [>22], DI+=21.97, DI-=27.08;[FAIL] CCI Momentum: CCI=-90.14;[PASS] SAR: SAR=0.8053, price=0.8140;[FAIL] Stochastic: K=31.34 D=31.34;[PASS] EMA Rejection: Rejected;[PASS] Resistance Test: Tested;[PASS] Pullback: Detected;[FAIL] Double Top/Bottom: No pattern;[FAIL] Range Filter: EMA diff=0.0008 [>0.005];[FAIL] Combined Range Filter: diff=0.0008, ADX=10.29, mode=OR",,,,,,,,,,
DOT-USDT,LONG,S3,کرونوس (Cronus),1.08830000,1.04476800,0.00000000,2026-09-08 16:20:08,CLOSED,TRAIL_STOP,2026-09-09 12:16:01,1.09244000,0.200000,0.180410,10.00,0.380410,"[PASS] Candle Strength 15m: BS15=0.667 [>= 0.6];[PASS] Candle Strength 5m: BS5=0.667 [>= 0.6];[PASS] EMA Trend 1h: EMA21=1.06, EMA50=1.03;[PASS] EMA Trend 4h: EMA21=1.00, EMA50=0.94, EMA200=0.86;[PASS] RSI 30m: RSI=59.68;[FAIL] MACD 30m: MACD_hist=0.0011;[FAIL] Smart Pullback: price=1.0883 EMA=1.0743 RSI=59.7 BS=0.667;[FAIL] ADX: ADX=17.11 [>22], DI+=21.19, DI-=14.59;[FAIL] CCI Momentum: CCI=103.05;[PASS] SAR: SAR=1.0747, price=1.0883;[FAIL] Stochastic: K=80.85 D=80.85;[FAIL] EMA Rejection: No rejection;[FAIL] Resistance Test: No test;[PASS] Pullback: Detected;[PASS] Double Top/Bottom: Pattern=double_top;[PASS] Range Filter: EMA diff=0.0153 [>0.005];[PASS] Combined Range Filter: diff=0.0153, ADX=17.11, mode=AND",,,,,,,,,,
DOT-USDT,LONG,B1,هایپریون (Hyperion),1.08830000,1.04476800,0.00000000,2026-09-08 16:20:10,CLOSED,TRAIL_STOP,2026-09-09 12:16:01,1.09244000,0.200000,0.180410,10.00,0.380410,"[PASS] Candle Strength 15m: BS15=0.667 [>= 0.6];[PASS] Candle Strength 5m: BS5=0.667 [>= 0.6];[PASS] EMA Trend 1h: EMA21=1.06, EMA50=1.03;[PASS] EMA Trend 4h: EMA21=1.00, EMA50=0.94, EMA200=0.86;[PASS] RSI 30m: RSI=59.68;[FAIL] MACD 30m: MACD_hist=0.0011;[FAIL] Smart Pullback: price=1.0883 EMA=1.0743 RSI=59.7 BS=0.667;[FAIL] ADX: ADX=17.11 [>22], DI+=21.19, DI-=14.59;[FAIL] CCI Momentum: CCI=103.05;[PASS] SAR: SAR=1.0747, price=1.0883;[FAIL] Stochastic: K=80.85 D=80.85;[FAIL] EMA Rejection: No rejection;[FAIL] Resistance Test: No test;[PASS] Pullback: Detected;[PASS] Double Top/Bottom: Pattern=double_top;[PASS] Range Filter: EMA diff=0.0153 [>0.005];[FAIL] Combined Range Filter: diff=0.0153, ADX=17.11, mode=OR",,,,,,,,,,
ATOM-USDT,LONG,S3,کرونوس (Cronus),1.75290000,1.68278400,0.00000000,2026-09-08 16:20:12,CLOSED,TRAIL_STOP,2026-09-09 12:16:02,1.77486000,0.200000,1.052781,10.00,1.252781,"[FAIL] Candle Strength 15m: BS15=0.422 [>= 0.6];[FAIL] Candle Strength 5m: BS5=0.000 [>= 0.6];[PASS] EMA Trend 1h: EMA21=1.66, EMA50=1.63;[PASS] EMA Trend 4h: EMA21=1.62, EMA50=1.57, EMA200=1.47;[FAIL] RSI 30m: RSI=79.46;[PASS] MACD 30m: MACD_hist=0.0098;[FAIL] Smart Pullback: price=1.7529 EMA=1.6748 RSI=79.5 BS=0.422;[FAIL] ADX: ADX=15.04 [>22], DI+=41.29, DI-=22.10;[FAIL] CCI Momentum: CCI=263.68;[PASS] SAR: SAR=1.6984, price=1.7529;[FAIL] Stochastic: K=87.54 D=87.54;[PASS] EMA Rejection: Rejected;[FAIL] Resistance Test: No test;[PASS] Pullback: Detected;[FAIL] Double Top/Bottom: No pattern;[PASS] Range Filter: EMA diff=0.0126 [>0.005];[PASS] Combined Range Filter: diff=0.0126, ADX=15.04, mode=AND",,,,,,,,,,
ATOM-USDT,LONG,B1,هایپریون (Hyperion),1.75290000,1.68278400,0.00000000,2026-09-08 16:20:14,CLOSED,TRAIL_STOP,2026-09-09 12:16:02,1.77486000,0.200000,1.052781,10.00,1.252781,"[FAIL] Candle Strength 15m: BS15=0.422 [>= 0.6];[FAIL] Candle Strength 5m: BS5=0.000 [>= 0.6];[PASS] EMA Trend 1h: EMA21=1.66, EMA50=1.63;[PASS] EMA Trend 4h: EMA21=1.62, EMA50=1.57, EMA200=1.47;[FAIL] RSI 30m: RSI=79.46;[PASS] MACD 30m: MACD_hist=0.0098;[FAIL] Smart Pullback: price=1.7529 EMA=1.6748 RSI=79.5 BS=0.422;[FAIL] ADX: ADX=15.04 [>22], DI+=41.29, DI-=22.10;[FAIL] CCI Momentum: CCI=263.68;[PASS] SAR: SAR=1.6984, price=1.7529;[FAIL] Stochastic: K=87.54 D=87.54;[PASS] EMA Rejection: Rejected;[FAIL] Resistance Test: No test;[PASS] Pullback: Detected;[FAIL] Double Top/Bottom: No pattern;[PASS] Range Filter: EMA diff=0.0126 [>0.005];[FAIL] Combined Range Filter: diff=0.0126, ADX=15.04, mode=OR",,,,,,,,,,
LTC-USDT,LONG,S3,کرونوس (Cronus),55.50000000,53.28000000,0.00000000,2026-09-08 16:50:27,OPEN,,,,,,10.00,,"[FAIL] Candle Strength 15m: BS15=0.833 [too high - likely end of move];[FAIL] Candle Strength 5m: BS5=0.500 [>= 0.6];[PASS] EMA Trend 1h: EMA21=55.40, EMA50=55.05;[PASS] EMA Trend 4h: EMA21=54.36, EMA50=52.73, EMA200=49.07;[PASS] RSI 30m: RSI=52.59;[PASS] MACD 30m: MACD_hist=0.0229;[FAIL] Smart Pullback: price=55.5000 EMA=55.3975 RSI=52.6 BS=0.833;[FAIL] ADX: ADX=17.06 [>22], DI+=48.30, DI-=11.25;[FAIL] CCI Momentum: CCI=285.35;[PASS] SAR: SAR=55.2948, price=55.5000;[FAIL] Stochastic: K=22.45 D=22.45;[PASS] EMA Rejection: Rejected;[PASS] Resistance Test: Tested;[PASS] Pullback: Detected;[FAIL] Double Top/Bottom: No pattern;[FAIL] Range Filter: EMA diff=0.0006 [>0.005];[FAIL] Combined Range Filter: diff=0.0006, ADX=17.06, mode=AND",,,,,,,,,,
LTC-USDT,LONG,B1,هایپریون (Hyperion),55.50000000,53.28000000,0.00000000,2026-09-08 16:50:29,OPEN,,,,,,10.00,,"[FAIL] Candle Strength 15m: BS15=0.833 [too high - likely end of move];[FAIL] Candle Strength 5m: BS5=0.500 [>= 0.6];[PASS] EMA Trend 1h: EMA21=55.40, EMA50=55.05;[PASS] EMA Trend 4h: EMA21=54.36, EMA50=52.73, EMA200=49.07;[PASS] RSI 30m: RSI=52.59;[PASS] MACD 30m: MACD_hist=0.0229;[FAIL] Smart Pullback: price=55.5000 EMA=55.3975 RSI=52.6 BS=0.833;[FAIL] ADX: ADX=17.06 [>22], DI+=48.30, DI-=11.25;[FAIL] CCI Momentum: CCI=285.35;[PASS] SAR: SAR=55.2948, price=55.5000;[FAIL] Stochastic: K=22.45 D=22.45;[PASS] EMA Rejection: Rejected;[PASS] Resistance Test: Tested;[PASS] Pullback: Detected;[FAIL] Double Top/Bottom: No pattern;[FAIL] Range Filter: EMA diff=0.0006 [>0.005];[FAIL] Combined Range Filter: diff=0.0006, ADX=17.06, mode=OR",,,,,,,,,,
BTC-USDT,SHORT,S2,ایاپتوس (Iapetus),77782.10000000,80893.38400000,0.00000000,2026-09-08 17:17:03,OPEN,,,,,,10.00,,"[FAIL] Candle Strength 15m: BS15=0.426 [>= 0.6];[FAIL] Candle Strength 5m: BS5=0.426 [>= 0.6];[PASS] EMA Trend 1h: EMA21=78734.37, EMA50=79123.68;[FAIL] EMA Trend 4h: EMA21=79145.68, EMA50=78962.21, EMA200=73137.84;[FAIL] RSI 30m: RSI=27.87;[PASS] MACD 30m: MACD_hist=-34.4132;[FAIL] Smart Pullback: price=77782.1000 EMA=78529.9627 RSI=27.9 BS=0.426;[PASS] ADX: ADX=32.25 [>22], DI+=14.52, DI-=41.20;[FAIL] CCI Momentum: CCI=-229.50;[PASS] SAR: SAR=78311.0300, price=77782.1000;[FAIL] Stochastic: K=6.43 D=6.43;[FAIL] EMA Rejection: No rejection;[PASS] Resistance Test: Tested;[PASS] Pullback: Detected;[PASS] Double Top/Bottom: Pattern=double_bottom;[FAIL] Range Filter: EMA diff=0.0040 [>0.005];[PASS] Combined Range Filter: diff=0.0040, ADX=32.25, mode=AND",,,,,,,,,,
BTC-USDT,SHORT,S3,کرونوس (Cronus),77782.10000000,80893.38400000,0.00000000,2026-09-08 17:17:05,OPEN,,,,,,10.00,,"[FAIL] Candle Strength 15m: BS15=0.426 [>= 0.6];[FAIL] Candle Strength 5m: BS5=0.426 [>= 0.6];[PASS] EMA Trend 1h: EMA21=78734.37, EMA50=79123.68;[FAIL] EMA Trend 4h: EMA21=79145.68, EMA50=78962.21, EMA200=73137.84;[FAIL] RSI 30m: RSI=27.87;[PASS] MACD 30m: MACD_hist=-34.4132;[FAIL] Smart Pullback: price=77782.1000 EMA=78529.9627 RSI=27.9 BS=0.426;[PASS] ADX: ADX=32.25 [>22], DI+=14.52, DI-=41.20;[FAIL] CCI Momentum: CCI=-229.50;[PASS] SAR: SAR=78311.0300, price=77782.1000;[FAIL] Stochastic: K=6.43 D=6.43;[FAIL] EMA Rejection: No rejection;[PASS] Resistance Test: Tested;[PASS] Pullback: Detected;[PASS] Double Top/Bottom: Pattern=double_bottom;[FAIL] Range Filter: EMA diff=0.0040 [>0.005];[PASS] Combined Range Filter: diff=0.0040, ADX=32.25, mode=AND",,,,,,,,,,
SOL-USDT,SHORT,S3,کرونوس (Cronus),101.96000000,106.03840000,0.00000000,2026-09-08 17:17:06,OPEN,,,,,,10.00,,"[FAIL] Candle Strength 15m: BS15=0.583 [>= 0.6];[FAIL] Candle Strength 5m: BS5=0.583 [>= 0.6];[PASS] EMA Trend 1h: EMA21=103.42, EMA50=103.95;[FAIL] EMA Trend 4h: EMA21=103.66, EMA50=102.93, EMA200=91.71;[FAIL] RSI 30m: RSI=32.95;[PASS] MACD 30m: MACD_hist=-0.0481;[FAIL] Smart Pullback: price=101.9600 EMA=103.0935 RSI=32.9 BS=0.583;[FAIL] ADX: ADX=20.55 [>22], DI+=18.34, DI-=35.44;[FAIL] CCI Momentum: CCI=-209.58;[PASS] SAR: SAR=102.6900, price=101.9600;[FAIL] Stochastic: K=10.64 D=10.64;[FAIL] EMA Rejection: No rejection;[PASS] Resistance Test: Tested;[PASS] Pullback: Detected;[PASS] Double Top/Bottom: Pattern=double_bottom;[FAIL] Range Filter: EMA diff=0.0048 [>0.005];[PASS] Combined Range Filter: diff=0.0048, ADX=20.55, mode=AND",,,,,,,,,,
XRP-USDT,SHORT,S3,کرونوس (Cronus),1.39109000,1.44673360,0.00000000,2026-09-08 17:17:09,CLOSED,STOP_HIT,2026-09-09 12:16:04,1.44673360,0.200000,-4.200000,10.00,-4.000000,"[PASS] Candle Strength 15m: BS15=0.675 [>= 0.6];[PASS] Candle Strength 5m: BS5=0.675 [>= 0.6];[PASS] EMA Trend 1h: EMA21=1.40, EMA50=1.40;[FAIL] EMA Trend 4h: EMA21=1.40, EMA50=1.40, EMA200=1.27;[PASS] RSI 30m: RSI=45.76;[FAIL] MACD 30m: MACD_hist=0.0006;[FAIL] Smart Pullback: price=1.3911 EMA=1.3944 RSI=45.8 BS=0.675;[FAIL] ADX: ADX=14.26 [>22], DI+=23.99, DI-=31.74;[PASS] CCI Momentum: CCI=-11.07;[PASS] SAR: SAR=1.3976, price=1.3911;[FAIL] Stochastic: K=39.85 D=39.85;[PASS] EMA Rejection: Rejected;[PASS] Resistance Test: Tested;[PASS] Pullback: Detected;[PASS] Double Top/Bottom: Pattern=double_top;[FAIL] Range Filter: EMA diff=0.0015 [>0.005];[FAIL] Combined Range Filter: diff=0.0015, ADX=14.26, mode=AND",,,,,,,,,,
NEAR-USDT,SHORT,S3,کرونوس (Cronus),2.28400000,2.37536000,0.00000000,2026-09-08 17:17:12,CLOSED,STOP_HIT,2026-09-09 12:16:04,2.37536000,0.200000,-4.200000,10.00,-4.000000,"[PASS] Candle Strength 15m: BS15=0.749 [>= 0.6];[PASS] Candle Strength 5m: BS5=0.749 [>= 0.6];[PASS] EMA Trend 1h: EMA21=2.31, EMA50=2.31;[FAIL] EMA Trend 4h: EMA21=2.27, EMA50=2.15, EMA200=1.89;[PASS] RSI 30m: RSI=43.98;[FAIL] MACD 30m: MACD_hist=-0.0008;[FAIL] Smart Pullback: price=2.2840 EMA=2.2991 RSI=44.0 BS=0.749;[FAIL] ADX: ADX=14.65 [>22], DI+=21.55, DI-=28.95;[PASS] CCI Momentum: CCI=-81.68;[PASS] SAR: SAR=2.2866, price=2.2840;[FAIL] Stochastic: K=36.59 D=36.59;[FAIL] EMA Rejection: No rejection;[PASS] Resistance Test: Tested;[PASS] Pullback: Detected;[FAIL] Double Top/Bottom: No pattern;[PASS] Range Filter: EMA diff=0.0059 [>0.005];[PASS] Combined Range Filter: diff=0.0059, ADX=14.65, mode=AND",,,,,,,,,,
ADA-USDT,SHORT,S3,کرونوس (Cronus),0.21630000,0.22495200,0.00000000,2026-09-08 17:17:13,CLOSED,STOP_HIT,2026-09-09 12:16:05,0.22495200,0.200000,-4.200000,10.00,-4.000000,"[FAIL] Candle Strength 15m: BS15=0.200 [>= 0.6];[FAIL] Candle Strength 5m: BS5=0.200 [>= 0.6];[PASS] EMA Trend 1h: EMA21=0.22, EMA50=0.22;[FAIL] EMA Trend 4h: EMA21=0.22, EMA50=0.21, EMA200=0.20;[PASS] RSI 30m: RSI=40.91;[FAIL] MACD 30m: MACD_hist=-0.0000;[FAIL] Smart Pullback: price=0.2163 EMA=0.2184 RSI=40.9 BS=0.200;[FAIL] ADX: ADX=13.26 [>22], DI+=25.12, DI-=34.05;[PASS] CCI Momentum: CCI=-90.00;[PASS] SAR: SAR=0.2184, price=0.2163;[FAIL] Stochastic: K=19.70 D=19.70;[PASS] EMA Rejection: Rejected;[PASS] Resistance Test: Tested;[PASS] Pullback: Detected;[PASS] Double Top/Bottom: Pattern=double_bottom;[FAIL] Range Filter: EMA diff=0.0027 [>0.005];[FAIL] Combined Range Filter: diff=0.0027, ADX=13.26, mode=AND",,,,,,,,,,
LINK-USDT,SHORT,S2,ایاپتوس (Iapetus),12.36800000,12.86272000,0.00000000,2026-09-08 17:17:32,CLOSED,TRAIL_STOP,2026-09-09 13:48:02,12.24020000,0.200000,0.833312,10.00,1.033312,"[FAIL] Candle Strength 15m: BS15=0.048 [>= 0.6];[FAIL] Candle Strength 5m: BS5=0.048 [>= 0.6];[FAIL] EMA Trend 1h: EMA21=12.68, EMA50=12.67;[FAIL] EMA Trend 4h: EMA21=12.47, EMA50=12.07, EMA200=10.58;[FAIL] RSI 30m: RSI=28.49;[PASS] MACD 30m: MACD_hist=-0.0183;[FAIL] Smart Pullback: price=12.3680 EMA=12.6042 RSI=28.5 BS=0.048;[PASS] ADX: ADX=31.86 [>22], DI+=10.98, DI-=39.61;[FAIL] CCI Momentum: CCI=-223.43;[PASS] SAR: SAR=12.4612, price=12.3680;[FAIL] Stochastic: K=14.02 D=14.02;[FAIL] EMA Rejection: No rejection;[FAIL] Resistance Test: No test;[PASS] Pullback: Detected;[PASS] Double Top/Bottom: Pattern=double_bottom;[PASS] Range Filter: EMA diff=0.0081 [>0.005];[PASS] Combined Range Filter: diff=0.0081, ADX=31.86, mode=AND",,,,,,,,,,
LINK-USDT,SHORT,S3,کرونوس (Cronus),12.36800000,12.86272000,0.00000000,2026-09-08 17:17:41,CLOSED,TRAIL_STOP,2026-09-09 13:48:02,12.24020000,0.200000,0.833312,10.00,1.033312,"[FAIL] Candle Strength 15m: BS15=0.048 [>= 0.6];[FAIL] Candle Strength 5m: BS5=0.048 [>= 0.6];[FAIL] EMA Trend 1h: EMA21=12.68, EMA50=12.67;[FAIL] EMA Trend 4h: EMA21=12.47, EMA50=12.07, EMA200=10.58;[FAIL] RSI 30m: RSI=28.49;[PASS] MACD 30m: MACD_hist=-0.0183;[FAIL] Smart Pullback: price=12.3680 EMA=12.6042 RSI=28.5 BS=0.048;[PASS] ADX: ADX=31.86 [>22], DI+=10.98, DI-=39.61;[FAIL] CCI Momentum: CCI=-223.43;[PASS] SAR: SAR=12.4612, price=12.3680;[FAIL] Stochastic: K=14.02 D=14.02;[FAIL] EMA Rejection: No rejection;[FAIL] Resistance Test: No test;[PASS] Pullback: Detected;[PASS] Double Top/Bottom: Pattern=double_bottom;[PASS] Range Filter: EMA diff=0.0081 [>0.005];[PASS] Combined Range Filter: diff=0.0081, ADX=31.86, mode=AND",,,,,,,,,,
BTC-USDT,SHORT,B2,اطلس (Atlas),78328.10000000,81461.22400000,0.00000000,2026-09-08 17:50:11,CLOSED,TRAIL_STOP,2026-09-09 19:15:49,78094.82000000,0.200000,0.097824,10.00,0.297824,"[FAIL] Candle Strength 15m: BS15=1.000 [too high - likely end of move];[FAIL] Candle Strength 5m: BS5=1.000 [too high];[PASS] EMA Trend 1h: EMA21=78712.16, EMA50=79099.19;[FAIL] EMA Trend 4h: EMA21=79195.31, EMA50=78983.62, EMA200=73143.27;[PASS] RSI 30m: RSI=42.95;[PASS] MACD 30m: MACD_hist=-13.2580;[FAIL] Smart Pullback: price=78328.1000 EMA=78526.2975 RSI=43.0 BS=1.000;[PASS] ADX: ADX=33.56 [>22], DI+=12.57, DI-=37.02;[FAIL] CCI Momentum: CCI=-134.44;[FAIL] SAR: SAR=77650.5660, price=78328.1000;[FAIL] Stochastic: K=51.28 D=51.28;[FAIL] EMA Rejection: No rejection;[PASS] Resistance Test: Tested;[PASS] Pullback: Detected;[PASS] Double Top/Bottom: Pattern=double_top;[FAIL] Range Filter: EMA diff=0.0039 [>0.005];[PASS] Combined Range Filter: diff=0.0039, ADX=33.56, mode=OR",,,,,,,,,,
BNB-USDT,LONG,S3,کرونوس (Cronus),751.73100000,721.66176000,0.00000000,2026-09-08 17:50:13,CLOSED,TRAIL_STOP,2026-09-09 12:16:06,756.46320000,0.200000,0.429507,10.00,0.629507,"[FAIL] Candle Strength 15m: BS15=0.987 [too high - likely end of move];[FAIL] Candle Strength 5m: BS5=1.000 [too high];[PASS] EMA Trend 1h: EMA21=748.37, EMA50=746.95;[PASS] EMA Trend 4h: EMA21=743.89, EMA50=728.72, EMA200=668.33;[PASS] RSI 30m: RSI=53.38;[FAIL] MACD 30m: MACD_hist=-0.8705;[FAIL] Smart Pullback: price=751.7310 EMA=750.5332 RSI=53.4 BS=0.987;[FAIL] ADX: ADX=23.39 [>22], DI+=19.45, DI-=27.57;[FAIL] CCI Momentum: CCI=-52.92;[PASS] SAR: SAR=742.5713, price=751.7310;[FAIL] Stochastic: K=49.77 D=49.77;[PASS] EMA Rejection: Rejected;[FAIL] Resistance Test: No test;[PASS] Pullback: Detected;[PASS] Double Top/Bottom: Pattern=double_bottom;[FAIL] Range Filter: EMA diff=0.0033 [>0.005];[PASS] Combined Range Filter: diff=0.0033, ADX=23.39, mode=AND",,,,,,,,,,
INJ-USDT,LONG,S3,کرونوس (Cronus),6.48100000,6.22176000,0.00000000,2026-09-08 17:50:20,CLOSED,TRAIL_STOP,2026-09-09 12:16:07,6.54400000,0.200000,0.772072,10.00,0.972072,"[FAIL] Candle Strength 15m: BS15=1.000 [too high - likely end of move];[FAIL] Candle Strength 5m: BS5=0.222 [>= 0.6];[PASS] EMA Trend 1h: EMA21=6.21, EMA50=5.89;[PASS] EMA Trend 4h: EMA21=5.69, EMA50=5.35, EMA200=4.97;[FAIL] RSI 30m: RSI=65.32;[FAIL] MACD 30m: MACD_hist=-0.0006;[FAIL] Smart Pullback: price=6.4810 EMA=6.2951 RSI=65.3 BS=1.000;[PASS] ADX: ADX=22.06 [>22], DI+=32.36, DI-=19.06;[FAIL] CCI Momentum: CCI=127.41;[PASS] SAR: SAR=6.1919, price=6.4810;[FAIL] Stochastic: K=100.00 D=100.00;[PASS] EMA Rejection: Rejected;[FAIL] Resistance Test: No test;[PASS] Pullback: Detected;[FAIL] Double Top/Bottom: No pattern;[PASS] Range Filter: EMA diff=0.0224 [>0.005];[PASS] Combined Range Filter: diff=0.0224, ADX=22.06, mode=AND",,,,,,,,,,
INJ-USDT,LONG,B1,هایپریون (Hyperion),6.48100000,6.22176000,0.00000000,2026-09-08 17:50:21,CLOSED,TRAIL_STOP,2026-09-09 12:16:07,6.54400000,0.200000,0.772072,10.00,0.972072,"[FAIL] Candle Strength 15m: BS15=1.000 [too high - likely end of move];[FAIL] Candle Strength 5m: BS5=0.222 [>= 0.6];[PASS] EMA Trend 1h: EMA21=6.21, EMA50=5.89;[PASS] EMA Trend 4h: EMA21=5.69, EMA50=5.35, EMA200=4.97;[FAIL] RSI 30m: RSI=65.32;[FAIL] MACD 30m: MACD_hist=-0.0006;[FAIL] Smart Pullback: price=6.4810 EMA=6.2951 RSI=65.3 BS=1.000;[PASS] ADX: ADX=22.06 [>22], DI+=32.36, DI-=19.06;[FAIL] CCI Momentum: CCI=127.41;[PASS] SAR: SAR=6.1919, price=6.4810;[FAIL] Stochastic: K=100.00 D=100.00;[PASS] EMA Rejection: Rejected;[FAIL] Resistance Test: No test;[PASS] Pullback: Detected;[FAIL] Double Top/Bottom: No pattern;[PASS] Range Filter: EMA diff=0.0224 [>0.005];[PASS] Combined Range Filter: diff=0.0224, ADX=22.06, mode=OR",,,,,,,,,,
SEI-USDT,LONG,S3,کرونوس (Cronus),0.04976000,0.04776960,0.00000000,2026-09-08 17:50:23,CLOSED,TRAIL_STOP,2026-09-09 12:16:08,0.05068700,0.200000,1.662942,10.00,1.862942,"[FAIL] Candle Strength 15m: BS15=1.000 [too high - likely end of move];[FAIL] Candle Strength 5m: BS5=1.000 [too high];[PASS] EMA Trend 1h: EMA21=0.05, EMA50=0.05;[PASS] EMA Trend 4h: EMA21=0.05, EMA50=0.05, EMA200=0.04;[PASS] RSI 30m: RSI=56.20;[FAIL] MACD 30m: MACD_hist=0.0001;[FAIL] Smart Pullback: price=0.0498 EMA=0.0493 RSI=56.2 BS=1.000;[FAIL] ADX: ADX=14.44 [>22], DI+=30.43, DI-=27.93;[PASS] CCI Momentum: CCI=80.15;[PASS] SAR: SAR=0.0487, price=0.0498;[FAIL] Stochastic: K=76.60 D=76.60;[PASS] EMA Rejection: Rejected;[PASS] Resistance Test: Tested;[PASS] Pullback: Detected;[FAIL] Double Top/Bottom: No pattern;[FAIL] Range Filter: EMA diff=0.0028 [>0.005];[FAIL] Combined Range Filter: diff=0.0028, ADX=14.44, mode=AND",,,,,,,,,,
SEI-USDT,LONG,B1,هایپریون (Hyperion),0.04976000,0.04776960,0.00000000,2026-09-08 17:50:24,CLOSED,TRAIL_STOP,2026-09-09 12:16:08,0.05068700,0.200000,1.662942,10.00,1.862942,"[FAIL] Candle Strength 15m: BS15=1.000 [too high - likely end of move];[FAIL] Candle Strength 5m: BS5=1.000 [too high];[PASS] EMA Trend 1h: EMA21=0.05, EMA50=0.05;[PASS] EMA Trend 4h: EMA21=0.05, EMA50=0.05, EMA200=0.04;[PASS] RSI 30m: RSI=56.20;[FAIL] MACD 30m: MACD_hist=0.0001;[FAIL] Smart Pullback: price=0.0498 EMA=0.0493 RSI=56.2 BS=1.000;[FAIL] ADX: ADX=14.44 [>22], DI+=30.43, DI-=27.93;[PASS] CCI Momentum: CCI=80.15;[PASS] SAR: SAR=0.0487, price=0.0498;[FAIL] Stochastic: K=76.60 D=76.60;[PASS] EMA Rejection: Rejected;[PASS] Resistance Test: Tested;[PASS] Pullback: Detected;[FAIL] Double Top/Bottom: No pattern;[FAIL] Range Filter: EMA diff=0.0028 [>0.005];[FAIL] Combined Range Filter: diff=0.0028, ADX=14.44, mode=OR",,,,,,,,,,
XRP-USDT,LONG,S3,کرونوس (Cronus),1.41488000,1.35828480,0.00000000,2026-09-08 18:16:45,CLOSED,TRAIL_STOP,2026-09-09 12:16:09,1.43243900,0.200000,1.041024,10.00,1.241024,"[PASS] Candle Strength 15m: BS15=0.662 [>= 0.6];[PASS] Candle Strength 5m: BS5=0.623 [>= 0.6];[FAIL] EMA Trend 1h: EMA21=1.40, EMA50=1.40;[PASS] EMA Trend 4h: EMA21=1.40, EMA50=1.40, EMA200=1.27;[FAIL] RSI 30m: RSI=70.40;[PASS] MACD 30m: MACD_hist=0.0023;[FAIL] Smart Pullback: price=1.4149 EMA=1.3984 RSI=70.4 BS=0.662;[FAIL] ADX: ADX=13.05 [>22], DI+=24.72, DI-=24.19;[FAIL] CCI Momentum: CCI=208.81;[PASS] SAR: SAR=1.4003, price=1.4149;[FAIL] Stochastic: K=97.70 D=97.70;[FAIL] EMA Rejection: No rejection;[PASS] Resistance Test: Tested;[PASS] Pullback: Detected;[FAIL] Double Top/Bottom: No pattern;[FAIL] Range Filter: EMA diff=0.0002 [>0.005];[FAIL] Combined Range Filter: diff=0.0002, ADX=13.05, mode=AND",,,,,,,,,,
XRP-USDT,LONG,B1,هایپریون (Hyperion),1.41488000,1.35828480,0.00000000,2026-09-08 18:16:47,CLOSED,TRAIL_STOP,2026-09-09 12:16:09,1.43243900,0.200000,1.041024,10.00,1.241024,"[PASS] Candle Strength 15m: BS15=0.662 [>= 0.6];[PASS] Candle Strength 5m: BS5=0.623 [>= 0.6];[FAIL] EMA Trend 1h: EMA21=1.40, EMA50=1.40;[PASS] EMA Trend 4h: EMA21=1.40, EMA50=1.40, EMA200=1.27;[FAIL] RSI 30m: RSI=70.40;[PASS] MACD 30m: MACD_hist=0.0023;[FAIL] Smart Pullback: price=1.4149 EMA=1.3984 RSI=70.4 BS=0.662;[FAIL] ADX: ADX=13.05 [>22], DI+=24.72, DI-=24.19;[FAIL] CCI Momentum: CCI=208.81;[PASS] SAR: SAR=1.4003, price=1.4149;[FAIL] Stochastic: K=97.70 D=97.70;[FAIL] EMA Rejection: No rejection;[PASS] Resistance Test: Tested;[PASS] Pullback: Detected;[FAIL] Double Top/Bottom: No pattern;[FAIL] Range Filter: EMA diff=0.0002 [>0.005];[FAIL] Combined Range Filter: diff=0.0002, ADX=13.05, mode=OR",,,,,,,,,,
LTC-USDT,SHORT,S3,کرونوس (Cronus),54.75000000,56.94000000,0.00000000,2026-09-08 18:16:48,CLOSED,TRAIL_STOP,2026-09-09 12:16:10,54.38100000,0.200000,0.473973,10.00,0.673973,"[PASS] Candle Strength 15m: BS15=0.750 [>= 0.6];[PASS] Candle Strength 5m: BS5=0.750 [>= 0.6];[FAIL] EMA Trend 1h: EMA21=55.29, EMA50=55.01;[FAIL] EMA Trend 4h: EMA21=54.29, EMA50=52.70, EMA200=49.06;[PASS] RSI 30m: RSI=37.67;[PASS] MACD 30m: MACD_hist=-0.0655;[FAIL] Smart Pullback: price=54.7500 EMA=55.2423 RSI=37.7 BS=0.750;[FAIL] ADX: ADX=20.93 [>22], DI+=38.54, DI-=18.50;[FAIL] CCI Momentum: CCI=-131.95;[FAIL] SAR: SAR=54.4004, price=54.7500;[FAIL] Stochastic: K=8.60 D=8.60;[PASS] EMA Rejection: Rejected;[PASS] Resistance Test: Tested;[PASS] Pullback: Detected;[PASS] Double Top/Bottom: Pattern=double_top;[FAIL] Range Filter: EMA diff=0.0010 [>0.005];[FAIL] Combined Range Filter: diff=0.0010, ADX=20.93, mode=AND",,,,,,,,,,
DOT-USDT,LONG,S3,کرونوس (Cronus),1.09430000,1.05052800,0.00000000,2026-09-08 18:16:50,CLOSED,TRAIL_STOP,2026-09-09 12:16:10,1.17233000,0.200000,6.930586,10.00,7.130586,"[FAIL] Candle Strength 15m: BS15=0.030 [>= 0.6];[FAIL] Candle Strength 5m: BS5=0.030 [>= 0.6];[PASS] EMA Trend 1h: EMA21=1.07, EMA50=1.03;[PASS] EMA Trend 4h: EMA21=1.00, EMA50=0.94, EMA200=0.86;[PASS] RSI 30m: RSI=60.12;[FAIL] MACD 30m: MACD_hist=0.0007;[FAIL] Smart Pullback: price=1.0943 EMA=1.0775 RSI=60.1 BS=0.030;[FAIL] ADX: ADX=15.71 [>22], DI+=25.23, DI-=18.37;[FAIL] CCI Momentum: CCI=120.27;[PASS] SAR: SAR=1.0726, price=1.0943;[FAIL] Stochastic: K=89.70 D=89.70;[PASS] EMA Rejection: Rejected;[FAIL] Resistance Test: No test;[PASS] Pullback: Detected;[PASS] Double Top/Bottom: Pattern=double_top;[PASS] Range Filter: EMA diff=0.0146 [>0.005];[PASS] Combined Range Filter: diff=0.0146, ADX=15.71, mode=AND",,,,,,,,,,
DOT-USDT,LONG,B1,هایپریون (Hyperion),1.09430000,1.05052800,0.00000000,2026-09-08 18:16:52,CLOSED,TRAIL_STOP,2026-09-09 12:16:11,1.17233000,0.200000,6.930586,10.00,7.130586,"[FAIL] Candle Strength 15m: BS15=0.030 [>= 0.6];[FAIL] Candle Strength 5m: BS5=0.030 [>= 0.6];[PASS] EMA Trend 1h: EMA21=1.07, EMA50=1.03;[PASS] EMA Trend 4h: EMA21=1.00, EMA50=0.94, EMA200=0.86;[PASS] RSI 30m: RSI=60.12;[FAIL] MACD 30m: MACD_hist=0.0007;[FAIL] Smart Pullback: price=1.0943 EMA=1.0775 RSI=60.1 BS=0.030;[FAIL] ADX: ADX=15.71 [>22], DI+=25.23, DI-=18.37;[FAIL] CCI Momentum: CCI=120.27;[PASS] SAR: SAR=1.0726, price=1.0943;[FAIL] Stochastic: K=89.70 D=89.70;[PASS] EMA Rejection: Rejected;[FAIL] Resistance Test: No test;[PASS] Pullback: Detected;[PASS] Double Top/Bottom: Pattern=double_top;[PASS] Range Filter: EMA diff=0.0146 [>0.005];[FAIL] Combined Range Filter: diff=0.0146, ADX=15.71, mode=OR",,,,,,,,,,
ATOM-USDT,LONG,S3,کرونوس (Cronus),1.76180000,1.69132800,0.00000000,2026-09-08 18:16:55,CLOSED,TRAIL_STOP,2026-09-09 12:16:11,1.79204000,0.200000,1.516426,10.00,1.716426,"[PASS] Candle Strength 15m: BS15=0.800 [>= 0.6];[PASS] Candle Strength 5m: BS5=0.800 [>= 0.6];[PASS] EMA Trend 1h: EMA21=1.67, EMA50=1.64;[PASS] EMA Trend 4h: EMA21=1.62, EMA50=1.57, EMA200=1.47;[FAIL] RSI 30m: RSI=71.26;[PASS] MACD 30m: MACD_hist=0.0079;[FAIL] Smart Pullback: price=1.7618 EMA=1.6959 RSI=71.3 BS=0.800;[FAIL] ADX: ADX=16.87 [>22], DI+=35.89, DI-=20.70;[FAIL] CCI Momentum: CCI=141.84;[PASS] SAR: SAR=1.7139, price=1.7618;[FAIL] Stochastic: K=93.84 D=93.84;[FAIL] EMA Rejection: No rejection;[FAIL] Resistance Test: No test;[PASS] Pullback: Detected;[FAIL] Double Top/Bottom: No pattern;[PASS] Range Filter: EMA diff=0.0172 [>0.005];[PASS] Combined Range Filter: diff=0.0172, ADX=16.87, mode=AND",,,,,,,,,,
ATOM-USDT,LONG,B1,هایپریون (Hyperion),1.76180000,1.69132800,0.00000000,2026-09-08 18:16:56,CLOSED,TRAIL_STOP,2026-09-09 12:16:12,1.79204000,0.200000,1.516426,10.00,1.716426,"[PASS] Candle Strength 15m: BS15=0.800 [>= 0.6];[PASS] Candle Strength 5m: BS5=0.800 [>= 0.6];[PASS] EMA Trend 1h: EMA21=1.67, EMA50=1.64;[PASS] EMA Trend 4h: EMA21=1.62, EMA50=1.57, EMA200=1.47;[FAIL] RSI 30m: RSI=71.26;[PASS] MACD 30m: MACD_hist=0.0079;[FAIL] Smart Pullback: price=1.7618 EMA=1.6959 RSI=71.3 BS=0.800;[FAIL] ADX: ADX=16.87 [>22], DI+=35.89, DI-=20.70;[FAIL] CCI Momentum: CCI=141.84;[PASS] SAR: SAR=1.7139, price=1.7618;[FAIL] Stochastic: K=93.84 D=93.84;[FAIL] EMA Rejection: No rejection;[FAIL] Resistance Test: No test;[PASS] Pullback: Detected;[FAIL] Double Top/Bottom: No pattern;[PASS] Range Filter: EMA diff=0.0172 [>0.005];[FAIL] Combined Range Filter: diff=0.0172, ADX=16.87, mode=OR",,,,,,,,,,
FIL-USDT,LONG,B1,هایپریون (Hyperion),0.85600000,0.82176000,0.00000000,2026-09-08 18:16:58,CLOSED,TRAIL_STOP,2026-09-09 12:16:12,0.87310000,0.200000,1.797664,10.00,1.997664,"[FAIL] Candle Strength 15m: BS15=1.000 [too high - likely end of move];[FAIL] Candle Strength 5m: BS5=1.000 [too high];[PASS] EMA Trend 1h: EMA21=0.85, EMA50=0.83;[PASS] EMA Trend 4h: EMA21=0.82, EMA50=0.79, EMA200=0.74;[PASS] RSI 30m: RSI=55.07;[FAIL] MACD 30m: MACD_hist=-0.0002;[FAIL] Smart Pullback: price=0.8560 EMA=0.8499 RSI=55.1 BS=1.000;[FAIL] ADX: ADX=13.52 [>22], DI+=24.42, DI-=24.34;[PASS] CCI Momentum: CCI=60.79;[PASS] SAR: SAR=0.8441, price=0.8560;[FAIL] Stochastic: K=69.06 D=69.06;[PASS] EMA Rejection: Rejected;[PASS] Resistance Test: Tested;[PASS] Pullback: Detected;[FAIL] Double Top/Bottom: No pattern;[PASS] Range Filter: EMA diff=0.0074 [>0.005];[FAIL] Combined Range Filter: diff=0.0074, ADX=13.52, mode=OR",,,,,,,,,,
SEI-USDT,LONG,S3,کرونوس (Cronus),0.05046000,0.04844160,0.00000000,2026-09-08 18:17:00,CLOSED,TRAIL_STOP,2026-09-09 12:16:13,0.05142300,0.200000,1.708442,10.00,1.908442,"[FAIL] Candle Strength 15m: BS15=0.071 [>= 0.6];[FAIL] Candle Strength 5m: BS5=0.071 [>= 0.6];[PASS] EMA Trend 1h: EMA21=0.05, EMA50=0.05;[PASS] EMA Trend 4h: EMA21=0.05, EMA50=0.05, EMA200=0.04;[PASS] RSI 30m: RSI=62.09;[FAIL] MACD 30m: MACD_hist=0.0001;[FAIL] Smart Pullback: price=0.0505 EMA=0.0494 RSI=62.1 BS=0.071;[FAIL] ADX: ADX=15.14 [>22], DI+=37.37, DI-=24.61;[FAIL] CCI Momentum: CCI=159.80;[PASS] SAR: SAR=0.0492, price=0.0505;[FAIL] Stochastic: K=95.79 D=95.79;[PASS] EMA Rejection: Rejected;[PASS] Resistance Test: Tested;[PASS] Pullback: Detected;[PASS] Double Top/Bottom: Pattern=double_bottom;[FAIL] Range Filter: EMA diff=0.0040 [>0.005];[PASS] Combined Range Filter: diff=0.0040, ADX=15.14, mode=AND",,,,,,,,,,
SEI-USDT,LONG,B1,هایپریون (Hyperion),0.05046000,0.04844160,0.00000000,2026-09-08 18:17:02,CLOSED,TRAIL_STOP,2026-09-09 12:16:13,0.05142300,0.200000,1.708442,10.00,1.908442,"[FAIL] Candle Strength 15m: BS15=0.071 [>= 0.6];[FAIL] Candle Strength 5m: BS5=0.071 [>= 0.6];[PASS] EMA Trend 1h: EMA21=0.05, EMA50=0.05;[PASS] EMA Trend 4h: EMA21=0.05, EMA50=0.05, EMA200=0.04;[PASS] RSI 30m: RSI=62.09;[FAIL] MACD 30m: MACD_hist=0.0001;[FAIL] Smart Pullback: price=0.0505 EMA=0.0494 RSI=62.1 BS=0.071;[FAIL] ADX: ADX=15.14 [>22], DI+=37.37, DI-=24.61;[FAIL] CCI Momentum: CCI=159.80;[PASS] SAR: SAR=0.0492, price=0.0505;[FAIL] Stochastic: K=95.79 D=95.79;[PASS] EMA Rejection: Rejected;[PASS] Resistance Test: Tested;[PASS] Pullback: Detected;[PASS] Double Top/Bottom: Pattern=double_bottom;[FAIL] Range Filter: EMA diff=0.0040 [>0.005];[FAIL] Combined Range Filter: diff=0.0040, ADX=15.14, mode=OR",,,,,,,,,,
PEPE-USDT,LONG,B1,هایپریون (Hyperion),0.00000364,0.00000349,0.00000000,2026-09-08 18:17:04,CLOSED,TRAIL_STOP,2026-09-09 12:16:14,0.00000368,0.200000,0.764286,10.00,0.964286,"[FAIL] Candle Strength 15m: BS15=0.011 [>= 0.6];[FAIL] Candle Strength 5m: BS5=0.011 [>= 0.6];[PASS] EMA Trend 1h: EMA21=0.00, EMA50=0.00;[PASS] EMA Trend 4h: EMA21=0.00, EMA50=0.00, EMA200=0.00;[PASS] RSI 30m: RSI=55.44;[FAIL] MACD 30m: MACD_hist=0.0000;[FAIL] Smart Pullback: price=0.0000 EMA=0.0000 RSI=55.4 BS=1.000;[FAIL] ADX: ADX=11.02 [>22], DI+=23.91, DI-=23.95;[PASS] CCI Momentum: CCI=99.94;[PASS] SAR: SAR=0.0000, price=0.0000;[FAIL] Stochastic: K=79.82 D=79.82;[PASS] EMA Rejection: Rejected;[PASS] Resistance Test: Tested;[PASS] Pullback: Detected;[PASS] Double Top/Bottom: Pattern=double_bottom;[FAIL] Range Filter: EMA diff=0.0002 [>0.005];[FAIL] Combined Range Filter: diff=0.0002, ADX=11.02, mode=OR",,,,,,,,,,
SUI-USDT,LONG,S3,کرونوس (Cronus),0.82850000,0.79536000,0.00000000,2026-09-08 18:49:56,CLOSED,TRAIL_STOP,2026-09-09 12:16:14,0.83327000,0.200000,0.375739,10.00,0.575739,"[FAIL] Candle Strength 15m: BS15=0.489 [>= 0.6];[FAIL] Candle Strength 5m: BS5=0.489 [>= 0.6];[PASS] EMA Trend 1h: EMA21=0.82, EMA50=0.81;[PASS] EMA Trend 4h: EMA21=0.80, EMA50=0.78, EMA200=0.74;[PASS] RSI 30m: RSI=57.92;[FAIL] MACD 30m: MACD_hist=0.0006;[FAIL] Smart Pullback: price=0.8285 EMA=0.8172 RSI=57.9 BS=0.489;[FAIL] ADX: ADX=11.27 [>22], DI+=27.50, DI-=25.03;[FAIL] CCI Momentum: CCI=100.12;[PASS] SAR: SAR=0.8097, price=0.8285;[FAIL] Stochastic: K=86.77 D=86.77;[PASS] EMA Rejection: Rejected;[PASS] Resistance Test: Tested;[PASS] Pullback: Detected;[FAIL] Double Top/Bottom: No pattern;[FAIL] Range Filter: EMA diff=0.0001 [>0.005];[FAIL] Combined Range Filter: diff=0.0001, ADX=11.27, mode=AND",,,,,,,,,,
SUI-USDT,LONG,B1,هایپریون (Hyperion),0.82850000,0.79536000,0.00000000,2026-09-08 18:49:58,CLOSED,TRAIL_STOP,2026-09-09 12:16:15,0.83327000,0.200000,0.375739,10.00,0.575739,"[FAIL] Candle Strength 15m: BS15=0.489 [>= 0.6];[FAIL] Candle Strength 5m: BS5=0.489 [>= 0.6];[PASS] EMA Trend 1h: EMA21=0.82, EMA50=0.81;[PASS] EMA Trend 4h: EMA21=0.80, EMA50=0.78, EMA200=0.74;[PASS] RSI 30m: RSI=57.92;[FAIL] MACD 30m: MACD_hist=0.0006;[FAIL] Smart Pullback: price=0.8285 EMA=0.8172 RSI=57.9 BS=0.489;[FAIL] ADX: ADX=11.27 [>22], DI+=27.50, DI-=25.03;[FAIL] CCI Momentum: CCI=100.12;[PASS] SAR: SAR=0.8097, price=0.8285;[FAIL] Stochastic: K=86.77 D=86.77;[PASS] EMA Rejection: Rejected;[PASS] Resistance Test: Tested;[PASS] Pullback: Detected;[FAIL] Double Top/Bottom: No pattern;[FAIL] Range Filter: EMA diff=0.0001 [>0.005];[FAIL] Combined Range Filter: diff=0.0001, ADX=11.27, mode=OR",,,,,,,,,,
DOT-USDT,LONG,S3,کرونوس (Cronus),1.16940000,1.12262400,0.00000000,2026-09-08 18:50:16,CLOSED,TRAIL_STOP,2026-09-09 12:16:15,1.19757000,0.200000,2.208928,10.00,2.408928,"[FAIL] Candle Strength 15m: BS15=0.845 [too high - likely end of move];[FAIL] Candle Strength 5m: BS5=0.845 [too high];[PASS] EMA Trend 1h: EMA21=1.08, EMA50=1.04;[PASS] EMA Trend 4h: EMA21=1.01, EMA50=0.95, EMA200=0.86;[FAIL] RSI 30m: RSI=77.26;[PASS] MACD 30m: MACD_hist=0.0068;[FAIL] Smart Pullback: price=1.1694 EMA=1.0882 RSI=77.3 BS=0.845;[FAIL] ADX: ADX=20.13 [>22], DI+=39.80, DI-=12.44;[FAIL] CCI Momentum: CCI=331.49;[PASS] SAR: SAR=1.0875, price=1.1694;[FAIL] Stochastic: K=99.46 D=99.46;[PASS] EMA Rejection: Rejected;[FAIL] Resistance Test: No test;[PASS] Pullback: Detected;[PASS] Double Top/Bottom: Pattern=double_top;[PASS] Range Filter: EMA diff=0.0183 [>0.005];[PASS] Combined Range Filter: diff=0.0183, ADX=20.13, mode=AND",,,,,,,,,,
DOT-USDT,LONG,B1,هایپریون (Hyperion),1.16940000,1.12262400,0.00000000,2026-09-08 18:50:29,CLOSED,TRAIL_STOP,2026-09-09 12:16:16,1.19757000,0.200000,2.208928,10.00,2.408928,"[FAIL] Candle Strength 15m: BS15=0.845 [too high - likely end of move];[FAIL] Candle Strength 5m: BS5=0.845 [too high];[PASS] EMA Trend 1h: EMA21=1.08, EMA50=1.04;[PASS] EMA Trend 4h: EMA21=1.01, EMA50=0.95, EMA200=0.86;[FAIL] RSI 30m: RSI=77.26;[PASS] MACD 30m: MACD_hist=0.0068;[FAIL] Smart Pullback: price=1.1694 EMA=1.0882 RSI=77.3 BS=0.845;[FAIL] ADX: ADX=20.13 [>22], DI+=39.80, DI-=12.44;[FAIL] CCI Momentum: CCI=331.49;[PASS] SAR: SAR=1.0875, price=1.1694;[FAIL] Stochastic: K=99.46 D=99.46;[PASS] EMA Rejection: Rejected;[FAIL] Resistance Test: No test;[PASS] Pullback: Detected;[PASS] Double Top/Bottom: Pattern=double_top;[PASS] Range Filter: EMA diff=0.0183 [>0.005];[FAIL] Combined Range Filter: diff=0.0183, ADX=20.13, mode=OR",,,,,,,,,,
ADA-USDT,LONG,S3,کرونوس (Cronus),0.22570000,0.21667200,0.00000000,2026-09-08 18:50:30,CLOSED,TRAIL_STOP,2026-09-09 12:16:16,0.22993000,0.200000,1.674169,10.00,1.874169,"[PASS] Candle Strength 15m: BS15=0.654 [>= 0.6];[PASS] Candle Strength 5m: BS5=0.654 [>= 0.6];[PASS] EMA Trend 1h: EMA21=0.22, EMA50=0.22;[PASS] EMA Trend 4h: EMA21=0.22, EMA50=0.21, EMA200=0.20;[FAIL] RSI 30m: RSI=71.52;[FAIL] MACD 30m: MACD_hist=0.0007;[FAIL] Smart Pullback: price=0.2257 EMA=0.2195 RSI=71.5 BS=0.654;[FAIL] ADX: ADX=12.98 [>22], DI+=40.45, DI-=22.85;[FAIL] CCI Momentum: CCI=273.62;[PASS] SAR: SAR=0.2194, price=0.2257;[FAIL] Stochastic: K=92.24 D=92.24;[PASS] EMA Rejection: Rejected;[PASS] Resistance Test: Tested;[PASS] Pullback: Detected;[FAIL] Double Top/Bottom: No pattern;[FAIL] Range Filter: EMA diff=0.0006 [>0.005];[FAIL] Combined Range Filter: diff=0.0006, ADX=12.98, mode=AND",,,,,,,,,,
ADA-USDT,LONG,B1,هایپریون (Hyperion),0.22570000,0.21667200,0.00000000,2026-09-08 18:50:32,CLOSED,TRAIL_STOP,2026-09-09 12:16:17,0.22993000,0.200000,1.674169,10.00,1.874169,"[PASS] Candle Strength 15m: BS15=0.654 [>= 0.6];[PASS] Candle Strength 5m: BS5=0.654 [>= 0.6];[PASS] EMA Trend 1h: EMA21=0.22, EMA50=0.22;[PASS] EMA Trend 4h: EMA21=0.22, EMA50=0.21, EMA200=0.20;[FAIL] RSI 30m: RSI=71.52;[FAIL] MACD 30m: MACD_hist=0.0007;[FAIL] Smart Pullback: price=0.2257 EMA=0.2195 RSI=71.5 BS=0.654;[FAIL] ADX: ADX=12.98 [>22], DI+=40.45, DI-=22.85;[FAIL] CCI Momentum: CCI=273.62;[PASS] SAR: SAR=0.2194, price=0.2257;[FAIL] Stochastic: K=92.24 D=92.24;[PASS] EMA Rejection: Rejected;[PASS] Resistance Test: Tested;[PASS] Pullback: Detected;[FAIL] Double Top/Bottom: No pattern;[FAIL] Range Filter: EMA diff=0.0006 [>0.005];[FAIL] Combined Range Filter: diff=0.0006, ADX=12.98, mode=OR",,,,,,,,,,
AVAX-USDT,LONG,S3,کرونوس (Cronus),8.08800000,7.76448000,0.00000000,2026-09-08 18:50:34,OPEN,,,,,,10.00,,"[FAIL] Candle Strength 15m: BS15=0.389 [>= 0.6];[PASS] Candle Strength 5m: BS5=0.650 [>= 0.6];[PASS] EMA Trend 1h: EMA21=8.03, EMA50=7.94;[PASS] EMA Trend 4h: EMA21=7.84, EMA50=7.63, EMA200=7.11;[PASS] RSI 30m: RSI=54.86;[FAIL] MACD 30m: MACD_hist=-0.0045;[FAIL] Smart Pullback: price=8.0880 EMA=8.0389 RSI=54.9 BS=0.389;[FAIL] ADX: ADX=16.44 [>22], DI+=28.01, DI-=30.19;[PASS] CCI Momentum: CCI=31.84;[PASS] SAR: SAR=7.9522, price=8.0880;[FAIL] Stochastic: K=70.03 D=70.03;[PASS] EMA Rejection: Rejected;[PASS] Resistance Test: Tested;[PASS] Pullback: Detected;[FAIL] Double Top/Bottom: No pattern;[FAIL] Range Filter: EMA diff=0.0016 [>0.005];[FAIL] Combined Range Filter: diff=0.0016, ADX=16.44, mode=AND",,,,,,,,,,
AVAX-USDT,LONG,B1,هایپریون (Hyperion),8.08800000,7.76448000,0.00000000,2026-09-08 18:50:36,OPEN,,,,,,10.00,,"[FAIL] Candle Strength 15m: BS15=0.389 [>= 0.6];[PASS] Candle Strength 5m: BS5=0.650 [>= 0.6];[PASS] EMA Trend 1h: EMA21=8.03, EMA50=7.94;[PASS] EMA Trend 4h: EMA21=7.84, EMA50=7.63, EMA200=7.11;[PASS] RSI 30m: RSI=54.86;[FAIL] MACD 30m: MACD_hist=-0.0045;[FAIL] Smart Pullback: price=8.0880 EMA=8.0389 RSI=54.9 BS=0.389;[FAIL] ADX: ADX=16.44 [>22], DI+=28.01, DI-=30.19;[PASS] CCI Momentum: CCI=31.84;[PASS] SAR: SAR=7.9522, price=8.0880;[FAIL] Stochastic: K=70.03 D=70.03;[PASS] EMA Rejection: Rejected;[PASS] Resistance Test: Tested;[PASS] Pullback: Detected;[FAIL] Double Top/Bottom: No pattern;[FAIL] Range Filter: EMA diff=0.0016 [>0.005];[FAIL] Combined Range Filter: diff=0.0016, ADX=16.44, mode=OR",,,,,,,,,,
ATOM-USDT,LONG,S3,کرونوس (Cronus),1.78900000,1.71744000,0.00000000,2026-09-08 18:50:38,CLOSED,TRAIL_STOP,2026-09-09 12:16:18,1.81411000,0.200000,1.203577,10.00,1.403577,"[PASS] Candle Strength 15m: BS15=0.765 [>= 0.6];[FAIL] Candle Strength 5m: BS5=0.543 [>= 0.6];[PASS] EMA Trend 1h: EMA21=1.68, EMA50=1.64;[PASS] EMA Trend 4h: EMA21=1.62, EMA50=1.57, EMA200=1.47;[FAIL] RSI 30m: RSI=75.06;[PASS] MACD 30m: MACD_hist=0.0095;[FAIL] Smart Pullback: price=1.7890 EMA=1.7048 RSI=75.1 BS=0.765;[FAIL] ADX: ADX=18.71 [>22], DI+=40.12, DI-=18.14;[FAIL] CCI Momentum: CCI=156.20;[PASS] SAR: SAR=1.7447, price=1.7890;[FAIL] Stochastic: K=97.68 D=97.68;[FAIL] EMA Rejection: No rejection;[FAIL] Resistance Test: No test;[PASS] Pullback: Detected;[FAIL] Double Top/Bottom: No pattern;[PASS] Range Filter: EMA diff=0.0191 [>0.005];[PASS] Combined Range Filter: diff=0.0191, ADX=18.71, mode=AND",,,,,,,,,,
ATOM-USDT,LONG,B1,هایپریون (Hyperion),1.78900000,1.71744000,0.00000000,2026-09-08 18:50:39,CLOSED,TRAIL_STOP,2026-09-09 12:16:18,1.81411000,0.200000,1.203577,10.00,1.403577,"[PASS] Candle Strength 15m: BS15=0.765 [>= 0.6];[FAIL] Candle Strength 5m: BS5=0.543 [>= 0.6];[PASS] EMA Trend 1h: EMA21=1.68, EMA50=1.64;[PASS] EMA Trend 4h: EMA21=1.62, EMA50=1.57, EMA200=1.47;[FAIL] RSI 30m: RSI=75.06;[PASS] MACD 30m: MACD_hist=0.0095;[FAIL] Smart Pullback: price=1.7890 EMA=1.7048 RSI=75.1 BS=0.765;[FAIL] ADX: ADX=18.71 [>22], DI+=40.12, DI-=18.14;[FAIL] CCI Momentum: CCI=156.20;[PASS] SAR: SAR=1.7447, price=1.7890;[FAIL] Stochastic: K=97.68 D=97.68;[FAIL] EMA Rejection: No rejection;[FAIL] Resistance Test: No test;[PASS] Pullback: Detected;[FAIL] Double Top/Bottom: No pattern;[PASS] Range Filter: EMA diff=0.0191 [>0.005];[FAIL] Combined Range Filter: diff=0.0191, ADX=18.71, mode=OR",,,,,,,,,,
FIL-USDT,LONG,S3,کرونوس (Cronus),0.86590000,0.83126400,0.00000000,2026-09-08 18:50:41,CLOSED,TRAIL_STOP,2026-09-09 12:16:19,0.87490000,0.200000,0.839381,10.00,1.039381,"[FAIL] Candle Strength 15m: BS15=0.000 [>= 0.6];[FAIL] Candle Strength 5m: BS5=0.000 [>= 0.6];[PASS] EMA Trend 1h: EMA21=0.85, EMA50=0.83;[PASS] EMA Trend 4h: EMA21=0.82, EMA50=0.79, EMA200=0.74;[PASS] RSI 30m: RSI=60.37;[FAIL] MACD 30m: MACD_hist=0.0008;[FAIL] Smart Pullback: price=0.8659 EMA=0.8518 RSI=60.4 BS=0.000;[FAIL] ADX: ADX=13.92 [>22], DI+=30.09, DI-=21.21;[FAIL] CCI Momentum: CCI=160.34;[PASS] SAR: SAR=0.8514, price=0.8659;[FAIL] Stochastic: K=80.85 D=80.85;[PASS] EMA Rejection: Rejected;[PASS] Resistance Test: Tested;[PASS] Pullback: Detected;[FAIL] Double Top/Bottom: No pattern;[PASS] Range Filter: EMA diff=0.0082 [>0.005];[PASS] Combined Range Filter: diff=0.0082, ADX=13.92, mode=AND",,,,,,,,,,
FIL-USDT,LONG,B1,هایپریون (Hyperion),0.86590000,0.83126400,0.00000000,2026-09-08 18:50:43,CLOSED,TRAIL_STOP,2026-09-09 12:16:19,0.87490000,0.200000,0.839381,10.00,1.039381,"[FAIL] Candle Strength 15m: BS15=0.000 [>= 0.6];[FAIL] Candle Strength 5m: BS5=0.000 [>= 0.6];[PASS] EMA Trend 1h: EMA21=0.85, EMA50=0.83;[PASS] EMA Trend 4h: EMA21=0.82, EMA50=0.79, EMA200=0.74;[PASS] RSI 30m: RSI=60.37;[FAIL] MACD 30m: MACD_hist=0.0008;[FAIL] Smart Pullback: price=0.8659 EMA=0.8518 RSI=60.4 BS=0.000;[FAIL] ADX: ADX=13.92 [>22], DI+=30.09, DI-=21.21;[FAIL] CCI Momentum: CCI=160.34;[PASS] SAR: SAR=0.8514, price=0.8659;[FAIL] Stochastic: K=80.85 D=80.85;[PASS] EMA Rejection: Rejected;[PASS] Resistance Test: Tested;[PASS] Pullback: Detected;[FAIL] Double Top/Bottom: No pattern;[PASS] Range Filter: EMA diff=0.0082 [>0.005];[FAIL] Combined Range Filter: diff=0.0082, ADX=13.92, mode=OR",,,,,,,,,,
INJ-USDT,LONG,S3,کرونوس (Cronus),6.46300000,6.20448000,0.00000000,2026-09-08 18:50:45,CLOSED,TRAIL_STOP,2026-09-09 12:16:20,6.49090000,0.200000,0.231688,10.00,0.431688,"[PASS] Candle Strength 15m: BS15=0.737 [>= 0.6];[FAIL] Candle Strength 5m: BS5=1.000 [too high];[PASS] EMA Trend 1h: EMA21=6.24, EMA50=5.91;[PASS] EMA Trend 4h: EMA21=5.69, EMA50=5.35, EMA200=4.97;[PASS] RSI 30m: RSI=61.28;[PASS] MACD 30m: MACD_hist=0.0145;[FAIL] Smart Pullback: price=6.4630 EMA=6.3312 RSI=61.3 BS=0.737;[PASS] ADX: ADX=23.75 [>22], DI+=32.29, DI-=15.81;[FAIL] CCI Momentum: CCI=190.50;[PASS] SAR: SAR=6.4307, price=6.4630;[FAIL] Stochastic: K=73.47 D=73.47;[PASS] EMA Rejection: Rejected;[FAIL] Resistance Test: No test;[PASS] Pullback: Detected;[PASS] Double Top/Bottom: Pattern=double_bottom;[PASS] Range Filter: EMA diff=0.0239 [>0.005];[PASS] Combined Range Filter: diff=0.0239, ADX=23.75, mode=AND",,,,,,,,,,
INJ-USDT,LONG,B1,هایپریون (Hyperion),6.46300000,6.20448000,0.00000000,2026-09-08 18:50:47,CLOSED,TRAIL_STOP,2026-09-09 12:16:20,6.49090000,0.200000,0.231688,10.00,0.431688,"[PASS] Candle Strength 15m: BS15=0.737 [>= 0.6];[FAIL] Candle Strength 5m: BS5=1.000 [too high];[PASS] EMA Trend 1h: EMA21=6.24, EMA50=5.91;[PASS] EMA Trend 4h: EMA21=5.69, EMA50=5.35, EMA200=4.97;[PASS] RSI 30m: RSI=61.28;[PASS] MACD 30m: MACD_hist=0.0145;[FAIL] Smart Pullback: price=6.4630 EMA=6.3312 RSI=61.3 BS=0.737;[PASS] ADX: ADX=23.75 [>22], DI+=32.29, DI-=15.81;[FAIL] CCI Momentum: CCI=190.50;[PASS] SAR: SAR=6.4307, price=6.4630;[FAIL] Stochastic: K=73.47 D=73.47;[PASS] EMA Rejection: Rejected;[FAIL] Resistance Test: No test;[PASS] Pullback: Detected;[PASS] Double Top/Bottom: Pattern=double_bottom;[PASS] Range Filter: EMA diff=0.0239 [>0.005];[PASS] Combined Range Filter: diff=0.0239, ADX=23.75, mode=OR",,,,,,,,,,
SEI-USDT,LONG,S3,کرونوس (Cronus),0.05133000,0.04927680,0.00000000,2026-09-08 18:50:48,CLOSED,TRAIL_STOP,2026-09-09 12:16:21,0.05167200,0.200000,0.466277,10.00,0.666277,"[FAIL] Candle Strength 15m: BS15=0.125 [>= 0.6];[FAIL] Candle Strength 5m: BS5=1.000 [too high];[PASS] EMA Trend 1h: EMA21=0.05, EMA50=0.05;[PASS] EMA Trend 4h: EMA21=0.05, EMA50=0.05, EMA200=0.05;[FAIL] RSI 30m: RSI=67.84;[FAIL] MACD 30m: MACD_hist=0.0002;[FAIL] Smart Pullback: price=0.0513 EMA=0.0496 RSI=67.8 BS=0.125;[FAIL] ADX: ADX=16.78 [>22], DI+=43.50, DI-=21.05;[FAIL] CCI Momentum: CCI=217.12;[PASS] SAR: SAR=0.0499, price=0.0513;[FAIL] Stochastic: K=93.88 D=93.88;[PASS] EMA Rejection: Rejected;[PASS] Resistance Test: Tested;[PASS] Pullback: Detected;[PASS] Double Top/Bottom: Pattern=double_top;[PASS] Range Filter: EMA diff=0.0060 [>0.005];[PASS] Combined Range Filter: diff=0.0060, ADX=16.78, mode=AND",,,,,,,,,,
SEI-USDT,LONG,B1,هایپریون (Hyperion),0.05133000,0.04927680,0.00000000,2026-09-08 18:50:50,CLOSED,TRAIL_STOP,2026-09-09 12:16:21,0.05167200,0.200000,0.466277,10.00,0.666277,"[FAIL] Candle Strength 15m: BS15=0.125 [>= 0.6];[FAIL] Candle Strength 5m: BS5=1.000 [too high];[PASS] EMA Trend 1h: EMA21=0.05, EMA50=0.05;[PASS] EMA Trend 4h: EMA21=0.05, EMA50=0.05, EMA200=0.05;[FAIL] RSI 30m: RSI=67.84;[FAIL] MACD 30m: MACD_hist=0.0002;[FAIL] Smart Pullback: price=0.0513 EMA=0.0496 RSI=67.8 BS=0.125;[FAIL] ADX: ADX=16.78 [>22], DI+=43.50, DI-=21.05;[FAIL] CCI Momentum: CCI=217.12;[PASS] SAR: SAR=0.0499, price=0.0513;[FAIL] Stochastic: K=93.88 D=93.88;[PASS] EMA Rejection: Rejected;[PASS] Resistance Test: Tested;[PASS] Pullback: Detected;[PASS] Double Top/Bottom: Pattern=double_top;[PASS] Range Filter: EMA diff=0.0060 [>0.005];[FAIL] Combined Range Filter: diff=0.0060, ADX=16.78, mode=OR",,,,,,,,,,
PEPE-USDT,LONG,S3,کرونوس (Cronus),0.00000366,0.00000351,0.00000000,2026-09-08 18:50:52,CLOSED,TRAIL_STOP,2026-09-09 12:16:22,0.00000367,0.200000,0.168852,10.00,0.368852,"[FAIL] Candle Strength 15m: BS15=0.004 [>= 0.6];[FAIL] Candle Strength 5m: BS5=0.007 [>= 0.6];[PASS] EMA Trend 1h: EMA21=0.00, EMA50=0.00;[PASS] EMA Trend 4h: EMA21=0.00, EMA50=0.00, EMA200=0.00;[PASS] RSI 30m: RSI=60.08;[FAIL] MACD 30m: MACD_hist=0.0000;[FAIL] Smart Pullback: price=0.0000 EMA=0.0000 RSI=60.1 BS=0.200;[FAIL] ADX: ADX=11.84 [>22], DI+=30.58, DI-=21.44;[FAIL] CCI Momentum: CCI=219.27;[PASS] SAR: SAR=0.0000, price=0.0000;[FAIL] Stochastic: K=85.38 D=85.38;[PASS] EMA Rejection: Rejected;[PASS] Resistance Test: Tested;[PASS] Pullback: Detected;[PASS] Double Top/Bottom: Pattern=double_top;[FAIL] Range Filter: EMA diff=0.0009 [>0.005];[FAIL] Combined Range Filter: diff=0.0009, ADX=11.84, mode=AND",,,,,,,,,,
PEPE-USDT,LONG,B1,هایپریون (Hyperion),0.00000366,0.00000351,0.00000000,2026-09-08 18:50:54,CLOSED,TRAIL_STOP,2026-09-09 12:16:22,0.00000367,0.200000,0.168852,10.00,0.368852,"[FAIL] Candle Strength 15m: BS15=0.004 [>= 0.6];[FAIL] Candle Strength 5m: BS5=0.007 [>= 0.6];[PASS] EMA Trend 1h: EMA21=0.00, EMA50=0.00;[PASS] EMA Trend 4h: EMA21=0.00, EMA50=0.00, EMA200=0.00;[PASS] RSI 30m: RSI=60.08;[FAIL] MACD 30m: MACD_hist=0.0000;[FAIL] Smart Pullback: price=0.0000 EMA=0.0000 RSI=60.1 BS=0.200;[FAIL] ADX: ADX=11.84 [>22], DI+=30.58, DI-=21.44;[FAIL] CCI Momentum: CCI=219.27;[PASS] SAR: SAR=0.0000, price=0.0000;[FAIL] Stochastic: K=85.38 D=85.38;[PASS] EMA Rejection: Rejected;[PASS] Resistance Test: Tested;[PASS] Pullback: Detected;[PASS] Double Top/Bottom: Pattern=double_top;[FAIL] Range Filter: EMA diff=0.0009 [>0.005];[FAIL] Combined Range Filter: diff=0.0009, ADX=11.84, mode=OR",,,,,,,,,,
BNB-USDT,LONG,S3,کرونوس (Cronus),754.51100000,724.33056000,0.00000000,2026-09-08 19:17:08,CLOSED,TRAIL_STOP,2026-09-09 12:16:23,757.44410000,0.200000,0.188742,10.00,0.388742,"[FAIL] Candle Strength 15m: BS15=0.126 [>= 0.6];[FAIL] Candle Strength 5m: BS5=0.126 [>= 0.6];[PASS] EMA Trend 1h: EMA21=748.86, EMA50=747.21;[PASS] EMA Trend 4h: EMA21=744.14, EMA50=728.83, EMA200=668.36;[PASS] RSI 30m: RSI=57.69;[FAIL] MACD 30m: MACD_hist=-0.5518;[FAIL] Smart Pullback: price=754.5110 EMA=750.7602 RSI=57.7 BS=0.126;[FAIL] ADX: ADX=20.76 [>22], DI+=21.52, DI-=22.18;[PASS] CCI Momentum: CCI=14.23;[PASS] SAR: SAR=749.5928, price=754.5110;[FAIL] Stochastic: K=76.78 D=76.78;[PASS] EMA Rejection: Rejected;[FAIL] Resistance Test: No test;[PASS] Pullback: Detected;[PASS] Double Top/Bottom: Pattern=double_top;[FAIL] Range Filter: EMA diff=0.0031 [>0.005];[PASS] Combined Range Filter: diff=0.0031, ADX=20.76, mode=AND",,,,,,,,,,
BNB-USDT,LONG,B1,هایپریون (Hyperion),754.51100000,724.33056000,0.00000000,2026-09-08 19:17:09,CLOSED,TRAIL_STOP,2026-09-09 12:16:23,757.44410000,0.200000,0.188742,10.00,0.388742,"[FAIL] Candle Strength 15m: BS15=0.126 [>= 0.6];[FAIL] Candle Strength 5m: BS5=0.126 [>= 0.6];[PASS] EMA Trend 1h: EMA21=748.86, EMA50=747.21;[PASS] EMA Trend 4h: EMA21=744.14, EMA50=728.83, EMA200=668.36;[PASS] RSI 30m: RSI=57.69;[FAIL] MACD 30m: MACD_hist=-0.5518;[FAIL] Smart Pullback: price=754.5110 EMA=750.7602 RSI=57.7 BS=0.126;[FAIL] ADX: ADX=20.76 [>22], DI+=21.52, DI-=22.18;[PASS] CCI Momentum: CCI=14.23;[PASS] SAR: SAR=749.5928, price=754.5110;[FAIL] Stochastic: K=76.78 D=76.78;[PASS] EMA Rejection: Rejected;[FAIL] Resistance Test: No test;[PASS] Pullback: Detected;[PASS] Double Top/Bottom: Pattern=double_top;[FAIL] Range Filter: EMA diff=0.0031 [>0.005];[FAIL] Combined Range Filter: diff=0.0031, ADX=20.76, mode=OR",,,,,,,,,,
NEAR-USDT,LONG,S3,کرونوس (Cronus),2.38960000,2.29401600,0.00000000,2026-09-08 19:17:13,CLOSED,TRAIL_STOP,2026-09-09 12:16:24,2.41606000,0.200000,0.907298,10.00,1.107298,"[PASS] Candle Strength 15m: BS15=0.610 [>= 0.6];[PASS] Candle Strength 5m: BS5=0.610 [>= 0.6];[PASS] EMA Trend 1h: EMA21=2.32, EMA50=2.32;[PASS] EMA Trend 4h: EMA21=2.28, EMA50=2.15, EMA200=1.89;[FAIL] RSI 30m: RSI=65.06;[PASS] MACD 30m: MACD_hist=0.0121;[FAIL] Smart Pullback: price=2.3896 EMA=2.3237 RSI=65.1 BS=0.610;[FAIL] ADX: ADX=16.93 [>22], DI+=36.66, DI-=16.73;[FAIL] CCI Momentum: CCI=240.20;[PASS] SAR: SAR=2.3385, price=2.3896;[FAIL] Stochastic: K=74.17 D=74.17;[PASS] EMA Rejection: Rejected;[FAIL] Resistance Test: No test;[PASS] Pullback: Detected;[FAIL] Double Top/Bottom: No pattern;[FAIL] Range Filter: EMA diff=0.0008 [>0.005];[FAIL] Combined Range Filter: diff=0.0008, ADX=16.93, mode=AND",,,,,,,,,,
NEAR-USDT,LONG,B1,هایپریون (Hyperion),2.38960000,2.29401600,0.00000000,2026-09-08 19:17:14,CLOSED,TRAIL_STOP,2026-09-09 12:16:24,2.41606000,0.200000,0.907298,10.00,1.107298,"[PASS] Candle Strength 15m: BS15=0.610 [>= 0.6];[PASS] Candle Strength 5m: BS5=0.610 [>= 0.6];[PASS] EMA Trend 1h: EMA21=2.32, EMA50=2.32;[PASS] EMA Trend 4h: EMA21=2.28, EMA50=2.15, EMA200=1.89;[FAIL] RSI 30m: RSI=65.06;[PASS] MACD 30m: MACD_hist=0.0121;[FAIL] Smart Pullback: price=2.3896 EMA=2.3237 RSI=65.1 BS=0.610;[FAIL] ADX: ADX=16.93 [>22], DI+=36.66, DI-=16.73;[FAIL] CCI Momentum: CCI=240.20;[PASS] SAR: SAR=2.3385, price=2.3896;[FAIL] Stochastic: K=74.17 D=74.17;[PASS] EMA Rejection: Rejected;[FAIL] Resistance Test: No test;[PASS] Pullback: Detected;[FAIL] Double Top/Bottom: No pattern;[FAIL] Range Filter: EMA diff=0.0008 [>0.005];[FAIL] Combined Range Filter: diff=0.0008, ADX=16.93, mode=OR",,,,,,,,,,
DOT-USDT,LONG,S3,کرونوس (Cronus),1.19290000,1.14518400,0.00000000,2026-09-08 19:17:16,CLOSED,TRAIL_STOP,2026-09-09 12:16:25,1.19902000,0.200000,0.313035,10.00,0.513035,"[PASS] Candle Strength 15m: BS15=0.669 [>= 0.6];[PASS] Candle Strength 5m: BS5=0.654 [>= 0.6];[PASS] EMA Trend 1h: EMA21=1.08, EMA50=1.04;[PASS] EMA Trend 4h: EMA21=1.01, EMA50=0.95, EMA200=0.86;[FAIL] RSI 30m: RSI=80.16;[PASS] MACD 30m: MACD_hist=0.0107;[FAIL] Smart Pullback: price=1.1929 EMA=1.0982 RSI=80.2 BS=0.669;[PASS] ADX: ADX=23.14 [>22], DI+=42.87, DI-=10.92;[FAIL] CCI Momentum: CCI=322.67;[PASS] SAR: SAR=1.1172, price=1.1929;[FAIL] Stochastic: K=97.72 D=97.72;[PASS] EMA Rejection: Rejected;[PASS] Resistance Test: Tested;[PASS] Pullback: Detected;[PASS] Double Top/Bottom: Pattern=double_bottom;[PASS] Range Filter: EMA diff=0.0220 [>0.005];[PASS] Combined Range Filter: diff=0.0220, ADX=23.14, mode=AND",,,,,,,,,,
DOT-USDT,LONG,B1,هایپریون (Hyperion),1.19290000,1.14518400,0.00000000,2026-09-08 19:17:33,CLOSED,TRAIL_STOP,2026-09-09 12:16:25,1.19902000,0.200000,0.313035,10.00,0.513035,"[PASS] Candle Strength 15m: BS15=0.669 [>= 0.6];[PASS] Candle Strength 5m: BS5=0.654 [>= 0.6];[PASS] EMA Trend 1h: EMA21=1.08, EMA50=1.04;[PASS] EMA Trend 4h: EMA21=1.01, EMA50=0.95, EMA200=0.86;[FAIL] RSI 30m: RSI=80.16;[PASS] MACD 30m: MACD_hist=0.0107;[FAIL] Smart Pullback: price=1.1929 EMA=1.0982 RSI=80.2 BS=0.669;[PASS] ADX: ADX=23.14 [>22], DI+=42.87, DI-=10.92;[FAIL] CCI Momentum: CCI=322.67;[PASS] SAR: SAR=1.1172, price=1.1929;[FAIL] Stochastic: K=97.72 D=97.72;[PASS] EMA Rejection: Rejected;[PASS] Resistance Test: Tested;[PASS] Pullback: Detected;[PASS] Double Top/Bottom: Pattern=double_bottom;[PASS] Range Filter: EMA diff=0.0220 [>0.005];[PASS] Combined Range Filter: diff=0.0220, ADX=23.14, mode=OR",,,,,,,,,,
ADA-USDT,LONG,S3,کرونوس (Cronus),0.22870000,0.21955200,0.00000000,2026-09-08 19:17:46,CLOSED,TRAIL_STOP,2026-09-09 12:16:26,0.23176000,0.200000,1.137997,10.00,1.337997,"[PASS] Candle Strength 15m: BS15=0.647 [>= 0.6];[PASS] Candle Strength 5m: BS5=0.647 [>= 0.6];[PASS] EMA Trend 1h: EMA21=0.22, EMA50=0.22;[PASS] EMA Trend 4h: EMA21=0.22, EMA50=0.21, EMA200=0.20;[FAIL] RSI 30m: RSI=74.08;[FAIL] MACD 30m: MACD_hist=0.0012;[FAIL] Smart Pullback: price=0.2287 EMA=0.2207 RSI=74.1 BS=0.647;[FAIL] ADX: ADX=15.56 [>22], DI+=43.70, DI-=18.81;[FAIL] CCI Momentum: CCI=293.52;[PASS] SAR: SAR=0.2214, price=0.2287;[FAIL] Stochastic: K=88.96 D=88.96;[PASS] EMA Rejection: Rejected;[FAIL] Resistance Test: No test;[PASS] Pullback: Detected;[FAIL] Double Top/Bottom: No pattern;[FAIL] Range Filter: EMA diff=0.0033 [>0.005];[PASS] Combined Range Filter: diff=0.0033, ADX=15.56, mode=AND",,,,,,,,,,
ATOM-USDT,LONG,S3,کرونوس (Cronus),1.79910000,1.72713600,0.00000000,2026-09-08 19:17:49,CLOSED,TRAIL_STOP,2026-09-09 12:16:27,1.80882000,0.200000,0.340270,10.00,0.540270,"[FAIL] Candle Strength 15m: BS15=0.403 [>= 0.6];[FAIL] Candle Strength 5m: BS5=0.403 [>= 0.6];[PASS] EMA Trend 1h: EMA21=1.69, EMA50=1.64;[PASS] EMA Trend 4h: EMA21=1.62, EMA50=1.57, EMA200=1.47;[FAIL] RSI 30m: RSI=76.33;[PASS] MACD 30m: MACD_hist=0.0103;[FAIL] Smart Pullback: price=1.7991 EMA=1.7134 RSI=76.3 BS=0.403;[FAIL] ADX: ADX=20.66 [>22], DI+=43.68, DI-=16.50;[FAIL] CCI Momentum: CCI=158.22;[PASS] SAR: SAR=1.7662, price=1.7991;[FAIL] Stochastic: K=90.43 D=90.43;[FAIL] EMA Rejection: No rejection;[FAIL] Resistance Test: No test;[PASS] Pullback: Detected;[FAIL] Double Top/Bottom: No pattern;[PASS] Range Filter: EMA diff=0.0209 [>0.005];[PASS] Combined Range Filter: diff=0.0209, ADX=20.66, mode=AND",,,,,,,,,,
ATOM-USDT,LONG,B1,هایپریون (Hyperion),1.79910000,1.72713600,0.00000000,2026-09-08 19:17:50,CLOSED,TRAIL_STOP,2026-09-09 12:16:27,1.80882000,0.200000,0.340270,10.00,0.540270,"[FAIL] Candle Strength 15m: BS15=0.403 [>= 0.6];[FAIL] Candle Strength 5m: BS5=0.403 [>= 0.6];[PASS] EMA Trend 1h: EMA21=1.69, EMA50=1.64;[PASS] EMA Trend 4h: EMA21=1.62, EMA50=1.57, EMA200=1.47;[FAIL] RSI 30m: RSI=76.33;[PASS] MACD 30m: MACD_hist=0.0103;[FAIL] Smart Pullback: price=1.7991 EMA=1.7134 RSI=76.3 BS=0.403;[FAIL] ADX: ADX=20.66 [>22], DI+=43.68, DI-=16.50;[FAIL] CCI Momentum: CCI=158.22;[PASS] SAR: SAR=1.7662, price=1.7991;[FAIL] Stochastic: K=90.43 D=90.43;[FAIL] EMA Rejection: No rejection;[FAIL] Resistance Test: No test;[PASS] Pullback: Detected;[FAIL] Double Top/Bottom: No pattern;[PASS] Range Filter: EMA diff=0.0209 [>0.005];[FAIL] Combined Range Filter: diff=0.0209, ADX=20.66, mode=OR",,,,,,,,,,
FIL-USDT,LONG,S3,کرونوس (Cronus),0.86660000,0.83193600,0.00000000,2026-09-08 19:17:51,CLOSED,STOP_HIT,2026-09-09 12:16:27,0.83193600,0.200000,-4.200000,10.00,-4.000000,"[PASS] Candle Strength 15m: BS15=0.735 [>= 0.6];[PASS] Candle Strength 5m: BS5=0.735 [>= 0.6];[PASS] EMA Trend 1h: EMA21=0.85, EMA50=0.83;[PASS] EMA Trend 4h: EMA21=0.82, EMA50=0.79, EMA200=0.74;[PASS] RSI 30m: RSI=58.67;[FAIL] MACD 30m: MACD_hist=0.0015;[FAIL] Smart Pullback: price=0.8666 EMA=0.8538 RSI=58.7 BS=0.735;[FAIL] ADX: ADX=14.51 [>22], DI+=29.56, DI-=19.58;[FAIL] CCI Momentum: CCI=159.32;[PASS] SAR: SAR=0.8588, price=0.8666;[FAIL] Stochastic: K=76.98 D=76.98;[PASS] EMA Rejection: Rejected;[PASS] Resistance Test: Tested;[PASS] Pullback: Detected;[PASS] Double Top/Bottom: Pattern=double_bottom;[PASS] Range Filter: EMA diff=0.0092 [>0.005];[PASS] Combined Range Filter: diff=0.0092, ADX=14.51, mode=AND",,,,,,,,,,
FIL-USDT,LONG,B1,هایپریون (Hyperion),0.86660000,0.83193600,0.00000000,2026-09-08 19:17:53,CLOSED,STOP_HIT,2026-09-09 12:16:28,0.83193600,0.200000,-4.200000,10.00,-4.000000,"[PASS] Candle Strength 15m: BS15=0.735 [>= 0.6];[PASS] Candle Strength 5m: BS5=0.735 [>= 0.6];[PASS] EMA Trend 1h: EMA21=0.85, EMA50=0.83;[PASS] EMA Trend 4h: EMA21=0.82, EMA50=0.79, EMA200=0.74;[PASS] RSI 30m: RSI=58.67;[FAIL] MACD 30m: MACD_hist=0.0015;[FAIL] Smart Pullback: price=0.8666 EMA=0.8538 RSI=58.7 BS=0.735;[FAIL] ADX: ADX=14.51 [>22], DI+=29.56, DI-=19.58;[FAIL] CCI Momentum: CCI=159.32;[PASS] SAR: SAR=0.8588, price=0.8666;[FAIL] Stochastic: K=76.98 D=76.98;[PASS] EMA Rejection: Rejected;[PASS] Resistance Test: Tested;[PASS] Pullback: Detected;[PASS] Double Top/Bottom: Pattern=double_bottom;[PASS] Range Filter: EMA diff=0.0092 [>0.005];[FAIL] Combined Range Filter: diff=0.0092, ADX=14.51, mode=OR",,,,,,,,,,
SEI-USDT,LONG,S3,کرونوس (Cronus),0.05147000,0.04941120,0.00000000,2026-09-08 19:17:56,CLOSED,STOP_HIT,2026-09-09 12:16:29,0.04941120,0.200000,-4.200000,10.00,-4.000000,"[FAIL] Candle Strength 15m: BS15=0.438 [>= 0.6];[FAIL] Candle Strength 5m: BS5=0.438 [>= 0.6];[PASS] EMA Trend 1h: EMA21=0.05, EMA50=0.05;[PASS] EMA Trend 4h: EMA21=0.05, EMA50=0.05, EMA200=0.05;[FAIL] RSI 30m: RSI=68.87;[FAIL] MACD 30m: MACD_hist=0.0002;[FAIL] Smart Pullback: price=0.0515 EMA=0.0497 RSI=68.9 BS=0.438;[FAIL] ADX: ADX=18.11 [>22], DI+=39.86, DI-=19.00;[FAIL] CCI Momentum: CCI=188.35;[PASS] SAR: SAR=0.0506, price=0.0515;[FAIL] Stochastic: K=96.41 D=96.41;[PASS] EMA Rejection: Rejected;[FAIL] Resistance Test: No test;[PASS] Pullback: Detected;[PASS] Double Top/Bottom: Pattern=double_bottom;[PASS] Range Filter: EMA diff=0.0073 [>0.005];[PASS] Combined Range Filter: diff=0.0073, ADX=18.11, mode=AND",,,,,,,,,,
SEI-USDT,LONG,B1,هایپریون (Hyperion),0.05147000,0.04941120,0.00000000,2026-09-08 19:17:58,CLOSED,STOP_HIT,2026-09-09 12:16:29,0.04941120,0.200000,-4.200000,10.00,-4.000000,"[FAIL] Candle Strength 15m: BS15=0.438 [>= 0.6];[FAIL] Candle Strength 5m: BS5=0.438 [>= 0.6];[PASS] EMA Trend 1h: EMA21=0.05, EMA50=0.05;[PASS] EMA Trend 4h: EMA21=0.05, EMA50=0.05, EMA200=0.05;[FAIL] RSI 30m: RSI=68.87;[FAIL] MACD 30m: MACD_hist=0.0002;[FAIL] Smart Pullback: price=0.0515 EMA=0.0497 RSI=68.9 BS=0.438;[FAIL] ADX: ADX=18.11 [>22], DI+=39.86, DI-=19.00;[FAIL] CCI Momentum: CCI=188.35;[PASS] SAR: SAR=0.0506, price=0.0515;[FAIL] Stochastic: K=96.41 D=96.41;[PASS] EMA Rejection: Rejected;[FAIL] Resistance Test: No test;[PASS] Pullback: Detected;[PASS] Double Top/Bottom: Pattern=double_bottom;[PASS] Range Filter: EMA diff=0.0073 [>0.005];[FAIL] Combined Range Filter: diff=0.0073, ADX=18.11, mode=OR",,,,,,,,,,
PEPE-USDT,LONG,S3,کرونوس (Cronus),0.00000367,0.00000352,0.00000000,2026-09-08 19:18:00,CLOSED,TRAIL_STOP,2026-09-09 12:16:30,0.00000368,0.200000,0.192371,10.00,0.392371,"[FAIL] Candle Strength 15m: BS15=0.007 [>= 0.6];[FAIL] Candle Strength 5m: BS5=0.007 [>= 0.6];[PASS] EMA Trend 1h: EMA21=0.00, EMA50=0.00;[PASS] EMA Trend 4h: EMA21=0.00, EMA50=0.00, EMA200=0.00;[PASS] RSI 30m: RSI=61.65;[FAIL] MACD 30m: MACD_hist=0.0000;[FAIL] Smart Pullback: price=0.0000 EMA=0.0000 RSI=61.7 BS=0.700;[FAIL] ADX: ADX=12.25 [>22], DI+=28.89, DI-=20.25;[FAIL] CCI Momentum: CCI=190.42;[PASS] SAR: SAR=0.0000, price=0.0000;[FAIL] Stochastic: K=91.54 D=91.54;[PASS] EMA Rejection: Rejected;[PASS] Resistance Test: Tested;[PASS] Pullback: Detected;[PASS] Double Top/Bottom: Pattern=double_bottom;[FAIL] Range Filter: EMA diff=0.0015 [>0.005];[FAIL] Combined Range Filter: diff=0.0015, ADX=12.25, mode=AND",,,,,,,,,,
PEPE-USDT,LONG,B1,هایپریون (Hyperion),0.00000367,0.00000352,0.00000000,2026-09-08 19:18:02,CLOSED,TRAIL_STOP,2026-09-09 12:16:30,0.00000368,0.200000,0.192371,10.00,0.392371,"[FAIL] Candle Strength 15m: BS15=0.007 [>= 0.6];[FAIL] Candle Strength 5m: BS5=0.007 [>= 0.6];[PASS] EMA Trend 1h: EMA21=0.00, EMA50=0.00;[PASS] EMA Trend 4h: EMA21=0.00, EMA50=0.00, EMA200=0.00;[PASS] RSI 30m: RSI=61.65;[FAIL] MACD 30m: MACD_hist=0.0000;[FAIL] Smart Pullback: price=0.0000 EMA=0.0000 RSI=61.7 BS=0.700;[FAIL] ADX: ADX=12.25 [>22], DI+=28.89, DI-=20.25;[FAIL] CCI Momentum: CCI=190.42;[PASS] SAR: SAR=0.0000, price=0.0000;[FAIL] Stochastic: K=91.54 D=91.54;[PASS] EMA Rejection: Rejected;[PASS] Resistance Test: Tested;[PASS] Pullback: Detected;[PASS] Double Top/Bottom: Pattern=double_bottom;[FAIL] Range Filter: EMA diff=0.0015 [>0.005];[FAIL] Combined Range Filter: diff=0.0015, ADX=12.25, mode=OR",,,,,,,,,,
DOT-USDT,LONG,S3,کرونوس (Cronus),1.18230000,1.13500800,0.00000000,2026-09-08 19:49:45,CLOSED,TRAIL_STOP,2026-09-09 12:16:31,1.19760000,0.200000,1.094088,10.00,1.294088,"[FAIL] Candle Strength 15m: BS15=0.059 [>= 0.6];[FAIL] Candle Strength 5m: BS5=0.059 [>= 0.6];[PASS] EMA Trend 1h: EMA21=1.09, EMA50=1.04;[PASS] EMA Trend 4h: EMA21=1.03, EMA50=0.96, EMA200=0.87;[FAIL] RSI 30m: RSI=74.47;[PASS] MACD 30m: MACD_hist=0.0117;[FAIL] Smart Pullback: price=1.1823 EMA=1.1061 RSI=74.5 BS=0.059;[PASS] ADX: ADX=25.89 [>22], DI+=40.43, DI-=9.95;[FAIL] CCI Momentum: CCI=223.57;[PASS] SAR: SAR=1.1675, price=1.1823;[FAIL] Stochastic: K=86.94 D=86.94;[PASS] EMA Rejection: Rejected;[FAIL] Resistance Test: No test;[PASS] Pullback: Detected;[FAIL] Double Top/Bottom: No pattern;[PASS] Range Filter: EMA diff=0.0251 [>0.005];[PASS] Combined Range Filter: diff=0.0251, ADX=25.89, mode=AND",,,,,,,,,,
DOT-USDT,LONG,B1,هایپریون (Hyperion),1.18230000,1.13500800,0.00000000,2026-09-08 19:49:47,CLOSED,TRAIL_STOP,2026-09-09 12:16:31,1.19760000,0.200000,1.094088,10.00,1.294088,"[FAIL] Candle Strength 15m: BS15=0.059 [>= 0.6];[FAIL] Candle Strength 5m: BS5=0.059 [>= 0.6];[PASS] EMA Trend 1h: EMA21=1.09, EMA50=1.04;[PASS] EMA Trend 4h: EMA21=1.03, EMA50=0.96, EMA200=0.87;[FAIL] RSI 30m: RSI=74.47;[PASS] MACD 30m: MACD_hist=0.0117;[FAIL] Smart Pullback: price=1.1823 EMA=1.1061 RSI=74.5 BS=0.059;[PASS] ADX: ADX=25.89 [>22], DI+=40.43, DI-=9.95;[FAIL] CCI Momentum: CCI=223.57;[PASS] SAR: SAR=1.1675, price=1.1823;[FAIL] Stochastic: K=86.94 D=86.94;[PASS] EMA Rejection: Rejected;[FAIL] Resistance Test: No test;[PASS] Pullback: Detected;[FAIL] Double Top/Bottom: No pattern;[PASS] Range Filter: EMA diff=0.0251 [>0.005];[PASS] Combined Range Filter: diff=0.0251, ADX=25.89, mode=OR",,,,,,,,,,
ADA-USDT,LONG,S3,کرونوس (Cronus),0.22820000,0.21907200,0.00000000,2026-09-08 19:49:49,CLOSED,STOP_HIT,2026-09-09 12:16:32,0.21907200,0.200000,-4.200000,10.00,-4.000000,"[FAIL] Candle Strength 15m: BS15=0.875 [too high - likely end of move];[FAIL] Candle Strength 5m: BS5=0.875 [too high];[PASS] EMA Trend 1h: EMA21=0.22, EMA50=0.22;[PASS] EMA Trend 4h: EMA21=0.22, EMA50=0.21, EMA200=0.20;[FAIL] RSI 30m: RSI=71.86;[FAIL] MACD 30m: MACD_hist=0.0013;[FAIL] Smart Pullback: price=0.2282 EMA=0.2214 RSI=71.9 BS=0.875;[FAIL] ADX: ADX=17.63 [>22], DI+=43.45, DI-=16.67;[FAIL] CCI Momentum: CCI=232.44;[PASS] SAR: SAR=0.2273, price=0.2282;[FAIL] Stochastic: K=77.19 D=77.19;[PASS] EMA Rejection: Rejected;[FAIL] Resistance Test: No test;[PASS] Pullback: Detected;[FAIL] Double Top/Bottom: No pattern;[PASS] Range Filter: EMA diff=0.0050 [>0.005];[PASS] Combined Range Filter: diff=0.0050, ADX=17.63, mode=AND",,,,,,,,,,
ATOM-USDT,LONG,S3,کرونوس (Cronus),1.79420000,1.72243200,0.00000000,2026-09-08 19:49:52,CLOSED,TRAIL_STOP,2026-09-09 12:16:32,1.80518000,0.200000,0.411972,10.00,0.611972,"[FAIL] Candle Strength 15m: BS15=0.832 [too high - likely end of move];[FAIL] Candle Strength 5m: BS5=0.832 [too high];[PASS] EMA Trend 1h: EMA21=1.70, EMA50=1.65;[PASS] EMA Trend 4h: EMA21=1.64, EMA50=1.58, EMA200=1.48;[FAIL] RSI 30m: RSI=72.15;[PASS] MACD 30m: MACD_hist=0.0100;[FAIL] Smart Pullback: price=1.7942 EMA=1.7215 RSI=72.1 BS=0.832;[PASS] ADX: ADX=22.01 [>22], DI+=40.23, DI-=17.44;[FAIL] CCI Momentum: CCI=127.90;[PASS] SAR: SAR=1.7907, price=1.7942;[FAIL] Stochastic: K=87.80 D=87.80;[FAIL] EMA Rejection: No rejection;[FAIL] Resistance Test: No test;[PASS] Pullback: Detected;[FAIL] Double Top/Bottom: No pattern;[PASS] Range Filter: EMA diff=0.0227 [>0.005];[PASS] Combined Range Filter: diff=0.0227, ADX=22.01, mode=AND",,,,,,,,,,
ATOM-USDT,LONG,B1,هایپریون (Hyperion),1.79420000,1.72243200,0.00000000,2026-09-08 19:49:53,CLOSED,TRAIL_STOP,2026-09-09 12:16:33,1.80518000,0.200000,0.411972,10.00,0.611972,"[FAIL] Candle Strength 15m: BS15=0.832 [too high - likely end of move];[FAIL] Candle Strength 5m: BS5=0.832 [too high];[PASS] EMA Trend 1h: EMA21=1.70, EMA50=1.65;[PASS] EMA Trend 4h: EMA21=1.64, EMA50=1.58, EMA200=1.48;[FAIL] RSI 30m: RSI=72.15;[PASS] MACD 30m: MACD_hist=0.0100;[FAIL] Smart Pullback: price=1.7942 EMA=1.7215 RSI=72.1 BS=0.832;[PASS] ADX: ADX=22.01 [>22], DI+=40.23, DI-=17.44;[FAIL] CCI Momentum: CCI=127.90;[PASS] SAR: SAR=1.7907, price=1.7942;[FAIL] Stochastic: K=87.80 D=87.80;[FAIL] EMA Rejection: No rejection;[FAIL] Resistance Test: No test;[PASS] Pullback: Detected;[FAIL] Double Top/Bottom: No pattern;[PASS] Range Filter: EMA diff=0.0227 [>0.005];[PASS] Combined Range Filter: diff=0.0227, ADX=22.01, mode=OR",,,,,,,,,,
TIA-USDT,SHORT,S3,کرونوس (Cronus),0.41670000,0.43336800,0.00000000,2026-09-08 19:49:56,CLOSED,TRAIL_STOP,2026-09-09 12:16:33,0.41409000,0.200000,0.426350,10.00,0.626350,"[FAIL] Candle Strength 15m: BS15=1.000 [too high - likely end of move];[FAIL] Candle Strength 5m: BS5=1.000 [too high];[FAIL] EMA Trend 1h: EMA21=0.42, EMA50=0.42;[FAIL] EMA Trend 4h: EMA21=0.41, EMA50=0.39, EMA200=0.35;[PASS] RSI 30m: RSI=41.72;[FAIL] MACD 30m: MACD_hist=-0.0001;[FAIL] Smart Pullback: price=0.4167 EMA=0.4205 RSI=41.7 BS=1.000;[FAIL] ADX: ADX=15.97 [>22], DI+=19.26, DI-=32.27;[PASS] CCI Momentum: CCI=-93.08;[PASS] SAR: SAR=0.4178, price=0.4167;[FAIL] Stochastic: K=35.98 D=35.98;[FAIL] EMA Rejection: No rejection;[FAIL] Resistance Test: No test;[PASS] Pullback: Detected;[FAIL] Double Top/Bottom: No pattern;[PASS] Range Filter: EMA diff=0.0063 [>0.005];[PASS] Combined Range Filter: diff=0.0063, ADX=15.97, mode=AND",,,,,,,,,,
OP-USDT,SHORT,S3,کرونوس (Cronus),0.10750000,0.11180000,0.00000000,2026-09-08 19:49:58,CLOSED,TRAIL_STOP,2026-09-09 12:16:34,0.10651000,0.200000,0.720930,10.00,0.920930,"[PASS] Candle Strength 15m: BS15=0.667 [>= 0.6];[PASS] Candle Strength 5m: BS5=0.667 [>= 0.6];[FAIL] EMA Trend 1h: EMA21=0.11, EMA50=0.11;[FAIL] EMA Trend 4h: EMA21=0.11, EMA50=0.10, EMA200=0.10;[PASS] RSI 30m: RSI=42.60;[FAIL] MACD 30m: MACD_hist=-0.0001;[FAIL] Smart Pullback: price=0.1075 EMA=0.1085 RSI=42.6 BS=0.667;[FAIL] ADX: ADX=10.73 [>22], DI+=24.03, DI-=28.52;[PASS] CCI Momentum: CCI=-70.81;[PASS] SAR: SAR=0.1077, price=0.1075;[FAIL] Stochastic: K=35.59 D=35.59;[FAIL] EMA Rejection: No rejection;[FAIL] Resistance Test: No test;[PASS] Pullback: Detected;[PASS] Double Top/Bottom: Pattern=double_bottom;[PASS] Range Filter: EMA diff=0.0056 [>0.005];[PASS] Combined Range Filter: diff=0.0056, ADX=10.73, mode=AND",,,,,,,,,,
BNB-USDT,LONG,S3,کرونوس (Cronus),756.68300000,726.41568000,0.00000000,2026-09-08 20:15:21,OPEN,,,,,,10.00,,"[FAIL] Candle Strength 15m: BS15=0.000 [>= 0.6];[FAIL] Candle Strength 5m: BS5=0.000 [>= 0.6];[PASS] EMA Trend 1h: EMA21=749.72, EMA50=747.65;[PASS] EMA Trend 4h: EMA21=745.43, EMA50=729.99, EMA200=669.15;[PASS] RSI 30m: RSI=59.67;[FAIL] MACD 30m: MACD_hist=-0.0131;[FAIL] Smart Pullback: price=756.6830 EMA=751.7571 RSI=59.7 BS=0.000;[FAIL] ADX: ADX=19.23 [>22], DI+=23.57, DI-=19.19;[PASS] CCI Momentum: CCI=81.12;[PASS] SAR: SAR=753.4727, price=756.6830;[FAIL] Stochastic: K=90.53 D=90.53;[PASS] EMA Rejection: Rejected;[FAIL] Resistance Test: No test;[PASS] Pullback: Detected;[FAIL] Double Top/Bottom: No pattern;[FAIL] Range Filter: EMA diff=0.0036 [>0.005];[PASS] Combined Range Filter: diff=0.0036, ADX=19.23, mode=AND",,,,,,,,,,
BNB-USDT,LONG,B1,هایپریون (Hyperion),756.68300000,726.41568000,0.00000000,2026-09-08 20:15:22,OPEN,,,,,,10.00,,"[FAIL] Candle Strength 15m: BS15=0.000 [>= 0.6];[FAIL] Candle Strength 5m: BS5=0.000 [>= 0.6];[PASS] EMA Trend 1h: EMA21=749.72, EMA50=747.65;[PASS] EMA Trend 4h: EMA21=745.43, EMA50=729.99, EMA200=669.15;[PASS] RSI 30m: RSI=59.67;[FAIL] MACD 30m: MACD_hist=-0.0131;[FAIL] Smart Pullback: price=756.6830 EMA=751.7571 RSI=59.7 BS=0.000;[FAIL] ADX: ADX=19.23 [>22], DI+=23.57, DI-=19.19;[PASS] CCI Momentum: CCI=81.12;[PASS] SAR: SAR=753.4727, price=756.6830;[FAIL] Stochastic: K=90.53 D=90.53;[PASS] EMA Rejection: Rejected;[FAIL] Resistance Test: No test;[PASS] Pullback: Detected;[FAIL] Double Top/Bottom: No pattern;[FAIL] Range Filter: EMA diff=0.0036 [>0.005];[FAIL] Combined Range Filter: diff=0.0036, ADX=19.23, mode=OR",,,,,,,,,,
XRP-USDT,LONG,S3,کرونوس (Cronus),1.43586000,1.37842560,0.00000000,2026-09-08 20:15:25,CLOSED,TRAIL_STOP,2026-09-09 12:16:35,1.44526500,0.200000,0.455008,10.00,0.655008,"[PASS] Candle Strength 15m: BS15=0.629 [>= 0.6];[PASS] Candle Strength 5m: BS5=0.629 [>= 0.6];[PASS] EMA Trend 1h: EMA21=1.40, EMA50=1.40;[PASS] EMA Trend 4h: EMA21=1.41, EMA50=1.40, EMA200=1.27;[FAIL] RSI 30m: RSI=73.05;[PASS] MACD 30m: MACD_hist=0.0043;[FAIL] Smart Pullback: price=1.4359 EMA=1.4081 RSI=73.0 BS=0.629;[FAIL] ADX: ADX=18.07 [>22], DI+=35.07, DI-=14.28;[FAIL] CCI Momentum: CCI=181.87;[PASS] SAR: SAR=1.4266, price=1.4359;[FAIL] Stochastic: K=77.67 D=77.67;[FAIL] EMA Rejection: No rejection;[FAIL] Resistance Test: No test;[PASS] Pullback: Detected;[FAIL] Double Top/Bottom: No pattern;[FAIL] Range Filter: EMA diff=0.0038 [>0.005];[PASS] Combined Range Filter: diff=0.0038, ADX=18.07, mode=AND",,,,,,,,,,
XRP-USDT,LONG,B1,هایپریون (Hyperion),1.43586000,1.37842560,0.00000000,2026-09-08 20:15:26,CLOSED,TRAIL_STOP,2026-09-09 12:16:35,1.44526500,0.200000,0.455008,10.00,0.655008,"[PASS] Candle Strength 15m: BS15=0.629 [>= 0.6];[PASS] Candle Strength 5m: BS5=0.629 [>= 0.6];[PASS] EMA Trend 1h: EMA21=1.40, EMA50=1.40;[PASS] EMA Trend 4h: EMA21=1.41, EMA50=1.40, EMA200=1.27;[FAIL] RSI 30m: RSI=73.05;[PASS] MACD 30m: MACD_hist=0.0043;[FAIL] Smart Pullback: price=1.4359 EMA=1.4081 RSI=73.0 BS=0.629;[FAIL] ADX: ADX=18.07 [>22], DI+=35.07, DI-=14.28;[FAIL] CCI Momentum: CCI=181.87;[PASS] SAR: SAR=1.4266, price=1.4359;[FAIL] Stochastic: K=77.67 D=77.67;[FAIL] EMA Rejection: No rejection;[FAIL] Resistance Test: No test;[PASS] Pullback: Detected;[FAIL] Double Top/Bottom: No pattern;[FAIL] Range Filter: EMA diff=0.0038 [>0.005];[FAIL] Combined Range Filter: diff=0.0038, ADX=18.07, mode=OR",,,,,,,,,,
NEAR-USDT,LONG,S3,کرونوس (Cronus),2.39130000,2.29564800,0.00000000,2026-09-08 20:15:29,CLOSED,STOP_HIT,2026-09-09 12:16:35,2.29564800,0.200000,-4.200000,10.00,-4.000000,"[FAIL] Candle Strength 15m: BS15=0.000 [>= 0.6];[FAIL] Candle Strength 5m: BS5=0.000 [>= 0.6];[PASS] EMA Trend 1h: EMA21=2.33, EMA50=2.32;[PASS] EMA Trend 4h: EMA21=2.29, EMA50=2.16, EMA200=1.90;[PASS] RSI 30m: RSI=63.77;[PASS] MACD 30m: MACD_hist=0.0119;[FAIL] Smart Pullback: price=2.3913 EMA=2.3364 RSI=63.8 BS=0.000;[FAIL] ADX: ADX=18.29 [>22], DI+=31.63, DI-=18.25;[FAIL] CCI Momentum: CCI=139.48;[PASS] SAR: SAR=2.3676, price=2.3913;[FAIL] Stochastic: K=75.04 D=75.04;[FAIL] EMA Rejection: No rejection;[FAIL] Resistance Test: No test;[PASS] Pullback: Detected;[FAIL] Double Top/Bottom: No pattern;[FAIL] Range Filter: EMA diff=0.0036 [>0.005];[PASS] Combined Range Filter: diff=0.0036, ADX=18.29, mode=AND",,,,,,,,,,
DOT-USDT,LONG,S3,کرونوس (Cronus),1.19700000,1.14912000,0.00000000,2026-09-08 20:15:30,CLOSED,TRAIL_STOP,2026-09-09 12:16:36,1.22472000,0.200000,2.115789,10.00,2.315789,"[FAIL] Candle Strength 15m: BS15=0.869 [too high - likely end of move];[FAIL] Candle Strength 5m: BS5=0.869 [too high];[PASS] EMA Trend 1h: EMA21=1.09, EMA50=1.05;[PASS] EMA Trend 4h: EMA21=1.03, EMA50=0.96, EMA200=0.87;[FAIL] RSI 30m: RSI=77.32;[PASS] MACD 30m: MACD_hist=0.0126;[FAIL] Smart Pullback: price=1.1970 EMA=1.1147 RSI=77.3 BS=0.869;[PASS] ADX: ADX=28.36 [>22], DI+=37.73, DI-=9.29;[FAIL] CCI Momentum: CCI=178.36;[PASS] SAR: SAR=1.1755, price=1.1970;[FAIL] Stochastic: K=97.37 D=97.37;[FAIL] EMA Rejection: No rejection;[FAIL] Resistance Test: No test;[PASS] Pullback: Detected;[FAIL] Double Top/Bottom: No pattern;[PASS] Range Filter: EMA diff=0.0279 [>0.005];[PASS] Combined Range Filter: diff=0.0279, ADX=28.36, mode=AND",,,,,,,,,,
DOT-USDT,LONG,B1,هایپریون (Hyperion),1.19700000,1.14912000,0.00000000,2026-09-08 20:15:32,CLOSED,TRAIL_STOP,2026-09-09 12:16:36,1.22472000,0.200000,2.115789,10.00,2.315789,"[FAIL] Candle Strength 15m: BS15=0.869 [too high - likely end of move];[FAIL] Candle Strength 5m: BS5=0.869 [too high];[PASS] EMA Trend 1h: EMA21=1.09, EMA50=1.05;[PASS] EMA Trend 4h: EMA21=1.03, EMA50=0.96, EMA200=0.87;[FAIL] RSI 30m: RSI=77.32;[PASS] MACD 30m: MACD_hist=0.0126;[FAIL] Smart Pullback: price=1.1970 EMA=1.1147 RSI=77.3 BS=0.869;[PASS] ADX: ADX=28.36 [>22], DI+=37.73, DI-=9.29;[FAIL] CCI Momentum: CCI=178.36;[PASS] SAR: SAR=1.1755, price=1.1970;[FAIL] Stochastic: K=97.37 D=97.37;[FAIL] EMA Rejection: No rejection;[FAIL] Resistance Test: No test;[PASS] Pullback: Detected;[FAIL] Double Top/Bottom: No pattern;[PASS] Range Filter: EMA diff=0.0279 [>0.005];[PASS] Combined Range Filter: diff=0.0279, ADX=28.36, mode=OR",,,,,,,,,,
DOT-USDT,LONG,S3,کرونوس (Cronus),1.22040000,1.17158400,0.00000000,2026-09-08 20:47:44,CLOSED,TRAIL_STOP,2026-09-09 12:16:37,1.22814000,0.200000,0.434218,10.00,0.634218,"[FAIL] Candle Strength 15m: BS15=0.060 [>= 0.6];[FAIL] Candle Strength 5m: BS5=0.060 [>= 0.6];[PASS] EMA Trend 1h: EMA21=1.10, EMA50=1.05;[PASS] EMA Trend 4h: EMA21=1.03, EMA50=0.96, EMA200=0.87;[FAIL] RSI 30m: RSI=80.15;[PASS] MACD 30m: MACD_hist=0.0134;[FAIL] Smart Pullback: price=1.2204 EMA=1.1237 RSI=80.2 BS=0.060;[PASS] ADX: ADX=31.08 [>22], DI+=41.29, DI-=8.33;[FAIL] CCI Momentum: CCI=170.39;[PASS] SAR: SAR=1.1788, price=1.2204;[FAIL] Stochastic: K=97.81 D=97.81;[FAIL] EMA Rejection: No rejection;[FAIL] Resistance Test: No test;[PASS] Pullback: Detected;[FAIL] Double Top/Bottom: No pattern;[PASS] Range Filter: EMA diff=0.0305 [>0.005];[PASS] Combined Range Filter: diff=0.0305, ADX=31.08, mode=AND",,,,,,,,,,
DOT-USDT,LONG,B1,هایپریون (Hyperion),1.22040000,1.17158400,0.00000000,2026-09-08 20:47:45,CLOSED,TRAIL_STOP,2026-09-09 12:16:37,1.22814000,0.200000,0.434218,10.00,0.634218,"[FAIL] Candle Strength 15m: BS15=0.060 [>= 0.6];[FAIL] Candle Strength 5m: BS5=0.060 [>= 0.6];[PASS] EMA Trend 1h: EMA21=1.10, EMA50=1.05;[PASS] EMA Trend 4h: EMA21=1.03, EMA50=0.96, EMA200=0.87;[FAIL] RSI 30m: RSI=80.15;[PASS] MACD 30m: MACD_hist=0.0134;[FAIL] Smart Pullback: price=1.2204 EMA=1.1237 RSI=80.2 BS=0.060;[PASS] ADX: ADX=31.08 [>22], DI+=41.29, DI-=8.33;[FAIL] CCI Momentum: CCI=170.39;[PASS] SAR: SAR=1.1788, price=1.2204;[FAIL] Stochastic: K=97.81 D=97.81;[FAIL] EMA Rejection: No rejection;[FAIL] Resistance Test: No test;[PASS] Pullback: Detected;[FAIL] Double Top/Bottom: No pattern;[PASS] Range Filter: EMA diff=0.0305 [>0.005];[PASS] Combined Range Filter: diff=0.0305, ADX=31.08, mode=OR",,,,,,,,,,
ADA-USDT,LONG,B1,هایپریون (Hyperion),0.22630000,0.21724800,0.00000000,2026-09-08 20:47:47,CLOSED,STOP_HIT,2026-09-09 12:16:38,0.21724800,0.200000,-4.200000,10.00,-4.000000,"[FAIL] Candle Strength 15m: BS15=0.333 [>= 0.6];[FAIL] Candle Strength 5m: BS5=0.333 [>= 0.6];[PASS] EMA Trend 1h: EMA21=0.22, EMA50=0.22;[PASS] EMA Trend 4h: EMA21=0.22, EMA50=0.21, EMA200=0.20;[PASS] RSI 30m: RSI=64.88;[FAIL] MACD 30m: MACD_hist=0.0009;[FAIL] Smart Pullback: price=0.2263 EMA=0.2221 RSI=64.9 BS=0.333;[FAIL] ADX: ADX=20.80 [>22], DI+=37.23, DI-=15.84;[FAIL] CCI Momentum: CCI=112.33;[PASS] SAR: SAR=0.2260, price=0.2263;[FAIL] Stochastic: K=66.08 D=66.08;[FAIL] EMA Rejection: No rejection;[FAIL] Resistance Test: No test;[PASS] Pullback: Detected;[FAIL] Double Top/Bottom: No pattern;[PASS] Range Filter: EMA diff=0.0065 [>0.005];[FAIL] Combined Range Filter: diff=0.0065, ADX=20.80, mode=OR",,,,,,,,,,
ATOM-USDT,LONG,S3,کرونوس (Cronus),1.81300000,1.74048000,0.00000000,2026-09-08 20:47:49,CLOSED,TRAIL_STOP,2026-09-09 12:16:38,1.81840000,0.200000,0.097849,10.00,0.297849,"[FAIL] Candle Strength 15m: BS15=0.135 [>= 0.6];[FAIL] Candle Strength 5m: BS5=0.135 [>= 0.6];[PASS] EMA Trend 1h: EMA21=1.71, EMA50=1.66;[PASS] EMA Trend 4h: EMA21=1.64, EMA50=1.58, EMA200=1.48;[FAIL] RSI 30m: RSI=71.94;[PASS] MACD 30m: MACD_hist=0.0085;[FAIL] Smart Pullback: price=1.8130 EMA=1.7356 RSI=71.9 BS=0.135;[PASS] ADX: ADX=24.09 [>22], DI+=38.00, DI-=16.14;[FAIL] CCI Momentum: CCI=121.35;[PASS] SAR: SAR=1.7808, price=1.8130;[FAIL] Stochastic: K=97.59 D=97.59;[FAIL] EMA Rejection: No rejection;[FAIL] Resistance Test: No test;[PASS] Pullback: Detected;[FAIL] Double Top/Bottom: No pattern;[PASS] Range Filter: EMA diff=0.0251 [>0.005];[PASS] Combined Range Filter: diff=0.0251, ADX=24.09, mode=AND",,,,,,,,,,
ATOM-USDT,LONG,B1,هایپریون (Hyperion),1.81300000,1.74048000,0.00000000,2026-09-08 20:47:50,CLOSED,TRAIL_STOP,2026-09-09 12:16:39,1.81840000,0.200000,0.097849,10.00,0.297849,"[FAIL] Candle Strength 15m: BS15=0.135 [>= 0.6];[FAIL] Candle Strength 5m: BS5=0.135 [>= 0.6];[PASS] EMA Trend 1h: EMA21=1.71, EMA50=1.66;[PASS] EMA Trend 4h: EMA21=1.64, EMA50=1.58, EMA200=1.48;[FAIL] RSI 30m: RSI=71.94;[PASS] MACD 30m: MACD_hist=0.0085;[FAIL] Smart Pullback: price=1.8130 EMA=1.7356 RSI=71.9 BS=0.135;[PASS] ADX: ADX=24.09 [>22], DI+=38.00, DI-=16.14;[FAIL] CCI Momentum: CCI=121.35;[PASS] SAR: SAR=1.7808, price=1.8130;[FAIL] Stochastic: K=97.59 D=97.59;[FAIL] EMA Rejection: No rejection;[FAIL] Resistance Test: No test;[PASS] Pullback: Detected;[FAIL] Double Top/Bottom: No pattern;[PASS] Range Filter: EMA diff=0.0251 [>0.005];[PASS] Combined Range Filter: diff=0.0251, ADX=24.09, mode=OR",,,,,,,,,,
OP-USDT,SHORT,S3,کرونوس (Cronus),0.10700000,0.11128000,0.00000000,2026-09-08 20:47:54,CLOSED,TRAIL_STOP,2026-09-09 12:16:39,0.10583000,0.200000,0.893458,10.00,1.093458,"[FAIL] Candle Strength 15m: BS15=1.000 [too high - likely end of move];[FAIL] Candle Strength 5m: BS5=1.000 [too high];[FAIL] EMA Trend 1h: EMA21=0.11, EMA50=0.11;[FAIL] EMA Trend 4h: EMA21=0.11, EMA50=0.10, EMA200=0.10;[PASS] RSI 30m: RSI=39.92;[FAIL] MACD 30m: MACD_hist=-0.0001;[FAIL] Smart Pullback: price=0.1070 EMA=0.1082 RSI=39.9 BS=1.000;[FAIL] ADX: ADX=10.85 [>22], DI+=21.60, DI-=28.23;[FAIL] CCI Momentum: CCI=-103.76;[PASS] SAR: SAR=0.1072, price=0.1070;[FAIL] Stochastic: K=32.00 D=32.00;[PASS] EMA Rejection: Rejected;[FAIL] Resistance Test: No test;[PASS] Pullback: Detected;[FAIL] Double Top/Bottom: No pattern;[PASS] Range Filter: EMA diff=0.0063 [>0.005];[PASS] Combined Range Filter: diff=0.0063, ADX=10.85, mode=AND",,,,,,,,,,
SHIB-USDT,LONG,S3,کرونوس (Cronus),0.00000548,0.00000526,0.00000000,2026-09-08 20:47:55,CLOSED,TRAIL_STOP,2026-09-09 12:16:40,0.00000550,0.200000,0.095620,10.00,0.295620,"[FAIL] Candle Strength 15m: BS15=0.001 [>= 0.6];[FAIL] Candle Strength 5m: BS5=0.001 [>= 0.6];[PASS] EMA Trend 1h: EMA21=0.00, EMA50=0.00;[PASS] EMA Trend 4h: EMA21=0.00, EMA50=0.00, EMA200=0.00;[PASS] RSI 30m: RSI=53.79;[FAIL] MACD 30m: MACD_hist=0.0000;[FAIL] Smart Pullback: price=0.0000 EMA=0.0000 RSI=53.8 BS=0.100;[FAIL] ADX: ADX=8.36 [>22], DI+=23.43, DI-=23.69;[PASS] CCI Momentum: CCI=77.78;[PASS] SAR: SAR=0.0000, price=0.0000;[FAIL] Stochastic: K=73.56 D=73.56;[FAIL] EMA Rejection: No rejection;[PASS] Resistance Test: Tested;[PASS] Pullback: Detected;[FAIL] Double Top/Bottom: No pattern;[FAIL] Range Filter: EMA diff=0.0005 [>0.005];[FAIL] Combined Range Filter: diff=0.0005, ADX=8.36, mode=AND",,,,,,,,,,
SHIB-USDT,LONG,B1,هایپریون (Hyperion),0.00000548,0.00000526,0.00000000,2026-09-08 20:47:57,CLOSED,TRAIL_STOP,2026-09-09 12:16:40,0.00000550,0.200000,0.095620,10.00,0.295620,"[FAIL] Candle Strength 15m: BS15=0.001 [>= 0.6];[FAIL] Candle Strength 5m: BS5=0.001 [>= 0.6];[PASS] EMA Trend 1h: EMA21=0.00, EMA50=0.00;[PASS] EMA Trend 4h: EMA21=0.00, EMA50=0.00, EMA200=0.00;[PASS] RSI 30m: RSI=53.79;[FAIL] MACD 30m: MACD_hist=0.0000;[FAIL] Smart Pullback: price=0.0000 EMA=0.0000 RSI=53.8 BS=0.100;[FAIL] ADX: ADX=8.36 [>22], DI+=23.43, DI-=23.69;[PASS] CCI Momentum: CCI=77.78;[PASS] SAR: SAR=0.0000, price=0.0000;[FAIL] Stochastic: K=73.56 D=73.56;[FAIL] EMA Rejection: No rejection;[PASS] Resistance Test: Tested;[PASS] Pullback: Detected;[FAIL] Double Top/Bottom: No pattern;[FAIL] Range Filter: EMA diff=0.0005 [>0.005];[FAIL] Combined Range Filter: diff=0.0005, ADX=8.36, mode=OR",,,,,,,,,,
NEAR-USDT,LONG,B1,هایپریون (Hyperion),2.34880000,2.25484800,0.00000000,2026-09-08 21:12:22,CLOSED,TRAIL_STOP,2026-09-09 12:16:41,2.37481000,0.200000,0.907374,10.00,1.107374,"[FAIL] Candle Strength 15m: BS15=0.895 [too high - likely end of move];[FAIL] Candle Strength 5m: BS5=0.860 [too high];[PASS] EMA Trend 1h: EMA21=2.33, EMA50=2.32;[PASS] EMA Trend 4h: EMA21=2.29, EMA50=2.16, EMA200=1.90;[PASS] RSI 30m: RSI=53.24;[PASS] MACD 30m: MACD_hist=0.0056;[FAIL] Smart Pullback: price=2.3488 EMA=2.3396 RSI=53.2 BS=0.895;[FAIL] ADX: ADX=17.72 [>22], DI+=28.34, DI-=22.34;[PASS] CCI Momentum: CCI=47.73;[FAIL] SAR: SAR=2.3578, price=2.3488;[FAIL] Stochastic: K=53.34 D=53.34;[FAIL] EMA Rejection: No rejection;[FAIL] Resistance Test: No test;[PASS] Pullback: Detected;[PASS] Double Top/Bottom: Pattern=double_top;[FAIL] Range Filter: EMA diff=0.0042 [>0.005];[FAIL] Combined Range Filter: diff=0.0042, ADX=17.72, mode=OR",,,,,,,,,,
DOT-USDT,LONG,S3,کرونوس (Cronus),1.21770000,1.16899200,0.00000000,2026-09-08 21:12:24,CLOSED,TRAIL_STOP,2026-09-09 12:16:41,1.23975000,0.200000,1.610791,10.00,1.810791,"[FAIL] Candle Strength 15m: BS15=0.032 [>= 0.6];[PASS] Candle Strength 5m: BS5=0.741 [>= 0.6];[PASS] EMA Trend 1h: EMA21=1.10, EMA50=1.05;[PASS] EMA Trend 4h: EMA21=1.03, EMA50=0.96, EMA200=0.87;[FAIL] RSI 30m: RSI=79.87;[PASS] MACD 30m: MACD_hist=0.0130;[FAIL] Smart Pullback: price=1.2177 EMA=1.1320 RSI=79.9 BS=0.032;[PASS] ADX: ADX=33.72 [>22], DI+=40.72, DI-=7.92;[FAIL] CCI Momentum: CCI=151.47;[PASS] SAR: SAR=1.1907, price=1.2177;[FAIL] Stochastic: K=93.32 D=93.32;[FAIL] EMA Rejection: No rejection;[FAIL] Resistance Test: No test;[PASS] Pullback: Detected;[FAIL] Double Top/Bottom: No pattern;[PASS] Range Filter: EMA diff=0.0332 [>0.005];[PASS] Combined Range Filter: diff=0.0332, ADX=33.72, mode=AND",,,,,,,,,,
DOT-USDT,LONG,B1,هایپریون (Hyperion),1.21770000,1.16899200,0.00000000,2026-09-08 21:12:25,CLOSED,TRAIL_STOP,2026-09-09 12:16:42,1.23975000,0.200000,1.610791,10.00,1.810791,"[FAIL] Candle Strength 15m: BS15=0.032 [>= 0.6];[PASS] Candle Strength 5m: BS5=0.741 [>= 0.6];[PASS] EMA Trend 1h: EMA21=1.10, EMA50=1.05;[PASS] EMA Trend 4h: EMA21=1.03, EMA50=0.96, EMA200=0.87;[FAIL] RSI 30m: RSI=79.87;[PASS] MACD 30m: MACD_hist=0.0130;[FAIL] Smart Pullback: price=1.2177 EMA=1.1320 RSI=79.9 BS=0.032;[PASS] ADX: ADX=33.72 [>22], DI+=40.72, DI-=7.92;[FAIL] CCI Momentum: CCI=151.47;[PASS] SAR: SAR=1.1907, price=1.2177;[FAIL] Stochastic: K=93.32 D=93.32;[FAIL] EMA Rejection: No rejection;[FAIL] Resistance Test: No test;[PASS] Pullback: Detected;[FAIL] Double Top/Bottom: No pattern;[PASS] Range Filter: EMA diff=0.0332 [>0.005];[PASS] Combined Range Filter: diff=0.0332, ADX=33.72, mode=OR",,,,,,,,,,
OP-USDT,SHORT,S3,کرونوس (Cronus),0.10600000,0.11024000,0.00000000,2026-09-08 21:12:30,CLOSED,TRAIL_STOP,2026-09-09 12:16:42,0.10492000,0.200000,0.818868,10.00,1.018868,"[PASS] Candle Strength 15m: BS15=0.778 [>= 0.6];[PASS] Candle Strength 5m: BS5=0.667 [>= 0.6];[FAIL] EMA Trend 1h: EMA21=0.11, EMA50=0.11;[FAIL] EMA Trend 4h: EMA21=0.11, EMA50=0.10, EMA200=0.10;[PASS] RSI 30m: RSI=35.12;[FAIL] MACD 30m: MACD_hist=-0.0002;[FAIL] Smart Pullback: price=0.1060 EMA=0.1080 RSI=35.1 BS=0.778;[FAIL] ADX: ADX=12.14 [>22], DI+=19.68, DI-=32.00;[FAIL] CCI Momentum: CCI=-150.99;[PASS] SAR: SAR=0.1064, price=0.1060;[FAIL] Stochastic: K=13.64 D=13.64;[PASS] EMA Rejection: Rejected;[FAIL] Resistance Test: No test;[PASS] Pullback: Detected;[PASS] Double Top/Bottom: Pattern=double_top;[PASS] Range Filter: EMA diff=0.0074 [>0.005];[PASS] Combined Range Filter: diff=0.0074, ADX=12.14, mode=AND",,,,,,,,,,
ETH-USDT,LONG,S3,کرونوس (Cronus),2502.27000000,2402.17920000,0.00000000,2026-09-08 21:51:21,CLOSED,TRAIL_STOP,2026-09-09 12:16:43,2512.53000000,0.200000,0.210028,10.00,0.410028,"[FAIL] Candle Strength 15m: BS15=0.936 [too high - likely end of move];[PASS] Candle Strength 5m: BS5=0.692 [>= 0.6];[FAIL] EMA Trend 1h: EMA21=2486.50, EMA50=2487.13;[PASS] EMA Trend 4h: EMA21=2485.23, EMA50=2469.41, EMA200=2249.81;[PASS] RSI 30m: RSI=59.59;[PASS] MACD 30m: MACD_hist=2.5719;[FAIL] Smart Pullback: price=2502.2700 EMA=2485.7033 RSI=59.6 BS=0.936;[FAIL] ADX: ADX=16.82 [>22], DI+=29.55, DI-=17.08;[FAIL] CCI Momentum: CCI=106.34;[PASS] SAR: SAR=2488.2040, price=2502.2700;[FAIL] Stochastic: K=83.28 D=83.28;[FAIL] EMA Rejection: No rejection;[PASS] Resistance Test: Tested;[PASS] Pullback: Detected;[PASS] Double Top/Bottom: Pattern=double_top;[FAIL] Range Filter: EMA diff=0.0000 [>0.005];[FAIL] Combined Range Filter: diff=0.0000, ADX=16.82, mode=AND",,,,,,,,,,
ETH-USDT,LONG,B1,هایپریون (Hyperion),2502.27000000,2402.17920000,0.00000000,2026-09-08 21:51:23,CLOSED,TRAIL_STOP,2026-09-09 12:16:43,2512.53000000,0.200000,0.210028,10.00,0.410028,"[FAIL] Candle Strength 15m: BS15=0.936 [too high - likely end of move];[PASS] Candle Strength 5m: BS5=0.692 [>= 0.6];[FAIL] EMA Trend 1h: EMA21=2486.50, EMA50=2487.13;[PASS] EMA Trend 4h: EMA21=2485.23, EMA50=2469.41, EMA200=2249.81;[PASS] RSI 30m: RSI=59.59;[PASS] MACD 30m: MACD_hist=2.5719;[FAIL] Smart Pullback: price=2502.2700 EMA=2485.7033 RSI=59.6 BS=0.936;[FAIL] ADX: ADX=16.82 [>22], DI+=29.55, DI-=17.08;[FAIL] CCI Momentum: CCI=106.34;[PASS] SAR: SAR=2488.2040, price=2502.2700;[FAIL] Stochastic: K=83.28 D=83.28;[FAIL] EMA Rejection: No rejection;[PASS] Resistance Test: Tested;[PASS] Pullback: Detected;[PASS] Double Top/Bottom: Pattern=double_top;[FAIL] Range Filter: EMA diff=0.0000 [>0.005];[FAIL] Combined Range Filter: diff=0.0000, ADX=16.82, mode=OR",,,,,,,,,,
XRP-USDT,LONG,S3,کرونوس (Cronus),1.44227000,1.38457920,0.00000000,2026-09-08 21:51:25,OPEN,,,,,,10.00,,"[PASS] Candle Strength 15m: BS15=0.698 [>= 0.6];[FAIL] Candle Strength 5m: BS5=0.522 [>= 0.6];[PASS] EMA Trend 1h: EMA21=1.41, EMA50=1.41;[PASS] EMA Trend 4h: EMA21=1.41, EMA50=1.40, EMA200=1.27;[FAIL] RSI 30m: RSI=71.20;[PASS] MACD 30m: MACD_hist=0.0034;[FAIL] Smart Pullback: price=1.4423 EMA=1.4142 RSI=71.2 BS=0.698;[PASS] ADX: ADX=23.12 [>22], DI+=33.12, DI-=11.37;[FAIL] CCI Momentum: CCI=127.18;[PASS] SAR: SAR=1.4269, price=1.4423;[FAIL] Stochastic: K=87.32 D=87.32;[FAIL] EMA Rejection: No rejection;[PASS] Resistance Test: Tested;[PASS] Pullback: Detected;[PASS] Double Top/Bottom: Pattern=double_top;[PASS] Range Filter: EMA diff=0.0057 [>0.005];[PASS] Combined Range Filter: diff=0.0057, ADX=23.12, mode=AND",,,,,,,,,,
XRP-USDT,LONG,B1,هایپریون (Hyperion),1.44227000,1.38457920,0.00000000,2026-09-08 21:51:27,OPEN,,,,,,10.00,,"[PASS] Candle Strength 15m: BS15=0.698 [>= 0.6];[FAIL] Candle Strength 5m: BS5=0.522 [>= 0.6];[PASS] EMA Trend 1h: EMA21=1.41, EMA50=1.41;[PASS] EMA Trend 4h: EMA21=1.41, EMA50=1.40, EMA200=1.27;[FAIL] RSI 30m: RSI=71.20;[PASS] MACD 30m: MACD_hist=0.0034;[FAIL] Smart Pullback: price=1.4423 EMA=1.4142 RSI=71.2 BS=0.698;[PASS] ADX: ADX=23.12 [>22], DI+=33.12, DI-=11.37;[FAIL] CCI Momentum: CCI=127.18;[PASS] SAR: SAR=1.4269, price=1.4423;[FAIL] Stochastic: K=87.32 D=87.32;[FAIL] EMA Rejection: No rejection;[PASS] Resistance Test: Tested;[PASS] Pullback: Detected;[PASS] Double Top/Bottom: Pattern=double_top;[PASS] Range Filter: EMA diff=0.0057 [>0.005];[PASS] Combined Range Filter: diff=0.0057, ADX=23.12, mode=OR",,,,,,,,,,
DOGE-USDT,LONG,S3,کرونوس (Cronus),0.09075000,0.08712000,0.00000000,2026-09-08 21:51:29,CLOSED,TRAIL_STOP,2026-09-09 12:16:44,0.09119100,0.200000,0.285950,10.00,0.485950,"[FAIL] Candle Strength 15m: BS15=1.000 [too high - likely end of move];[PASS] Candle Strength 5m: BS5=0.750 [>= 0.6];[PASS] EMA Trend 1h: EMA21=0.09, EMA50=0.09;[PASS] EMA Trend 4h: EMA21=0.09, EMA50=0.09, EMA200=0.08;[PASS] RSI 30m: RSI=57.74;[FAIL] MACD 30m: MACD_hist=0.0001;[FAIL] Smart Pullback: price=0.0907 EMA=0.0900 RSI=57.7 BS=1.000;[FAIL] ADX: ADX=10.37 [>22], DI+=18.93, DI-=17.63;[PASS] CCI Momentum: CCI=89.30;[PASS] SAR: SAR=0.0900, price=0.0907;[FAIL] Stochastic: K=96.82 D=96.82;[PASS] EMA Rejection: Rejected;[PASS] Resistance Test: Tested;[PASS] Pullback: Detected;[PASS] Double Top/Bottom: Pattern=double_top;[FAIL] Range Filter: EMA diff=0.0002 [>0.005];[FAIL] Combined Range Filter: diff=0.0002, ADX=10.37, mode=AND",,,,,,,,,,
DOGE-USDT,LONG,B1,هایپریون (Hyperion),0.09075000,0.08712000,0.00000000,2026-09-08 21:51:30,CLOSED,TRAIL_STOP,2026-09-09 12:16:45,0.09119100,0.200000,0.285950,10.00,0.485950,"[FAIL] Candle Strength 15m: BS15=1.000 [too high - likely end of move];[PASS] Candle Strength 5m: BS5=0.750 [>= 0.6];[PASS] EMA Trend 1h: EMA21=0.09, EMA50=0.09;[PASS] EMA Trend 4h: EMA21=0.09, EMA50=0.09, EMA200=0.08;[PASS] RSI 30m: RSI=57.74;[FAIL] MACD 30m: MACD_hist=0.0001;[FAIL] Smart Pullback: price=0.0907 EMA=0.0900 RSI=57.7 BS=1.000;[FAIL] ADX: ADX=10.37 [>22], DI+=18.93, DI-=17.63;[PASS] CCI Momentum: CCI=89.30;[PASS] SAR: SAR=0.0900, price=0.0907;[FAIL] Stochastic: K=96.82 D=96.82;[PASS] EMA Rejection: Rejected;[PASS] Resistance Test: Tested;[PASS] Pullback: Detected;[PASS] Double Top/Bottom: Pattern=double_top;[FAIL] Range Filter: EMA diff=0.0002 [>0.005];[FAIL] Combined Range Filter: diff=0.0002, ADX=10.37, mode=OR",,,,,,,,,,
SUI-USDT,LONG,S3,کرونوس (Cronus),0.82550000,0.79248000,0.00000000,2026-09-08 21:51:33,CLOSED,TRAIL_STOP,2026-09-09 12:16:45,0.82865000,0.200000,0.181587,10.00,0.381587,"[FAIL] Candle Strength 15m: BS15=0.577 [>= 0.6];[PASS] Candle Strength 5m: BS5=0.667 [>= 0.6];[PASS] EMA Trend 1h: EMA21=0.82, EMA50=0.81;[PASS] EMA Trend 4h: EMA21=0.81, EMA50=0.79, EMA200=0.74;[PASS] RSI 30m: RSI=54.34;[FAIL] MACD 30m: MACD_hist=0.0011;[FAIL] Smart Pullback: price=0.8255 EMA=0.8198 RSI=54.3 BS=0.577;[FAIL] ADX: ADX=16.21 [>22], DI+=15.49, DI-=23.33;[PASS] CCI Momentum: CCI=55.45;[PASS] SAR: SAR=0.8191, price=0.8255;[FAIL] Stochastic: K=78.22 D=78.22;[PASS] EMA Rejection: Rejected;[PASS] Resistance Test: Tested;[PASS] Pullback: Detected;[PASS] Double Top/Bottom: Pattern=double_top;[FAIL] Range Filter: EMA diff=0.0017 [>0.005];[FAIL] Combined Range Filter: diff=0.0017, ADX=16.21, mode=AND",,,,,,,,,,
SUI-USDT,LONG,B1,هایپریون (Hyperion),0.82550000,0.79248000,0.00000000,2026-09-08 21:51:34,CLOSED,TRAIL_STOP,2026-09-09 12:16:46,0.82865000,0.200000,0.181587,10.00,0.381587,"[FAIL] Candle Strength 15m: BS15=0.577 [>= 0.6];[PASS] Candle Strength 5m: BS5=0.667 [>= 0.6];[PASS] EMA Trend 1h: EMA21=0.82, EMA50=0.81;[PASS] EMA Trend 4h: EMA21=0.81, EMA50=0.79, EMA200=0.74;[PASS] RSI 30m: RSI=54.34;[FAIL] MACD 30m: MACD_hist=0.0011;[FAIL] Smart Pullback: price=0.8255 EMA=0.8198 RSI=54.3 BS=0.577;[FAIL] ADX: ADX=16.21 [>22], DI+=15.49, DI-=23.33;[PASS] CCI Momentum: CCI=55.45;[PASS] SAR: SAR=0.8191, price=0.8255;[FAIL] Stochastic: K=78.22 D=78.22;[PASS] EMA Rejection: Rejected;[PASS] Resistance Test: Tested;[PASS] Pullback: Detected;[PASS] Double Top/Bottom: Pattern=double_top;[FAIL] Range Filter: EMA diff=0.0017 [>0.005];[FAIL] Combined Range Filter: diff=0.0017, ADX=16.21, mode=OR",,,,,,,,,,
NEAR-USDT,LONG,B1,هایپریون (Hyperion),2.36860000,2.27385600,0.00000000,2026-09-08 21:51:36,CLOSED,STOP_HIT,2026-09-09 12:16:46,2.27385600,0.200000,-4.200000,10.00,-4.000000,"[PASS] Candle Strength 15m: BS15=0.700 [>= 0.6];[PASS] Candle Strength 5m: BS5=0.767 [>= 0.6];[PASS] EMA Trend 1h: EMA21=2.33, EMA50=2.32;[PASS] EMA Trend 4h: EMA21=2.29, EMA50=2.16, EMA200=1.90;[PASS] RSI 30m: RSI=57.08;[PASS] MACD 30m: MACD_hist=0.0043;[FAIL] Smart Pullback: price=2.3686 EMA=2.3421 RSI=57.1 BS=0.700;[FAIL] ADX: ADX=17.18 [>22], DI+=28.21, DI-=21.86;[PASS] CCI Momentum: CCI=59.48;[PASS] SAR: SAR=2.3423, price=2.3686;[FAIL] Stochastic: K=63.45 D=63.45;[FAIL] EMA Rejection: No rejection;[FAIL] Resistance Test: No test;[PASS] Pullback: Detected;[FAIL] Double Top/Bottom: No pattern;[FAIL] Range Filter: EMA diff=0.0046 [>0.005];[FAIL] Combined Range Filter: diff=0.0046, ADX=17.18, mode=OR",,,,,,,,,,
DOT-USDT,LONG,S3,کرونوس (Cronus),1.23170000,1.18243200,0.00000000,2026-09-08 21:51:37,CLOSED,TRAIL_STOP,2026-09-09 12:16:47,1.23989000,0.200000,0.464935,10.00,0.664935,"[PASS] Candle Strength 15m: BS15=0.784 [>= 0.6];[FAIL] Candle Strength 5m: BS5=0.845 [too high];[PASS] EMA Trend 1h: EMA21=1.12, EMA50=1.06;[PASS] EMA Trend 4h: EMA21=1.03, EMA50=0.96, EMA200=0.87;[FAIL] RSI 30m: RSI=81.43;[PASS] MACD 30m: MACD_hist=0.0131;[FAIL] Smart Pullback: price=1.2317 EMA=1.1415 RSI=81.4 BS=0.784;[PASS] ADX: ADX=36.32 [>22], DI+=42.02, DI-=7.38;[FAIL] CCI Momentum: CCI=139.21;[PASS] SAR: SAR=1.2136, price=1.2317;[FAIL] Stochastic: K=94.24 D=94.24;[FAIL] EMA Rejection: No rejection;[FAIL] Resistance Test: No test;[PASS] Pullback: Detected;[FAIL] Double Top/Bottom: No pattern;[PASS] Range Filter: EMA diff=0.0360 [>0.005];[PASS] Combined Range Filter: diff=0.0360, ADX=36.32, mode=AND",,,,,,,,,,
DOT-USDT,LONG,B1,هایپریون (Hyperion),1.23170000,1.18243200,0.00000000,2026-09-08 21:51:39,CLOSED,TRAIL_STOP,2026-09-09 12:16:47,1.23989000,0.200000,0.464935,10.00,0.664935,"[PASS] Candle Strength 15m: BS15=0.784 [>= 0.6];[FAIL] Candle Strength 5m: BS5=0.845 [too high];[PASS] EMA Trend 1h: EMA21=1.12, EMA50=1.06;[PASS] EMA Trend 4h: EMA21=1.03, EMA50=0.96, EMA200=0.87;[FAIL] RSI 30m: RSI=81.43;[PASS] MACD 30m: MACD_hist=0.0131;[FAIL] Smart Pullback: price=1.2317 EMA=1.1415 RSI=81.4 BS=0.784;[PASS] ADX: ADX=36.32 [>22], DI+=42.02, DI-=7.38;[FAIL] CCI Momentum: CCI=139.21;[PASS] SAR: SAR=1.2136, price=1.2317;[FAIL] Stochastic: K=94.24 D=94.24;[FAIL] EMA Rejection: No rejection;[FAIL] Resistance Test: No test;[PASS] Pullback: Detected;[FAIL] Double Top/Bottom: No pattern;[PASS] Range Filter: EMA diff=0.0360 [>0.005];[PASS] Combined Range Filter: diff=0.0360, ADX=36.32, mode=OR",,,,,,,,,,
ATOM-USDT,LONG,S3,کرونوس (Cronus),1.80000000,1.72800000,0.00000000,2026-09-08 21:51:42,CLOSED,TRAIL_STOP,2026-09-09 12:16:48,1.81224000,0.200000,0.480000,10.00,0.680000,"[FAIL] Candle Strength 15m: BS15=1.000 [too high - likely end of move];[FAIL] Candle Strength 5m: BS5=1.000 [too high];[PASS] EMA Trend 1h: EMA21=1.71, EMA50=1.66;[PASS] EMA Trend 4h: EMA21=1.64, EMA50=1.58, EMA200=1.48;[FAIL] RSI 30m: RSI=68.18;[PASS] MACD 30m: MACD_hist=0.0047;[FAIL] Smart Pullback: price=1.8000 EMA=1.7457 RSI=68.2 BS=1.000;[PASS] ADX: ADX=26.38 [>22], DI+=33.53, DI-=14.05;[PASS] CCI Momentum: CCI=96.72;[PASS] SAR: SAR=1.7982, price=1.8000;[FAIL] Stochastic: K=85.89 D=85.89;[FAIL] EMA Rejection: No rejection;[FAIL] Resistance Test: No test;[PASS] Pullback: Detected;[PASS] Double Top/Bottom: Pattern=double_top;[PASS] Range Filter: EMA diff=0.0265 [>0.005];[PASS] Combined Range Filter: diff=0.0265, ADX=26.38, mode=AND",,,,,,,,,,
ATOM-USDT,LONG,B1,هایپریون (Hyperion),1.80000000,1.72800000,0.00000000,2026-09-08 21:51:43,CLOSED,TRAIL_STOP,2026-09-09 12:16:48,1.81224000,0.200000,0.480000,10.00,0.680000,"[FAIL] Candle Strength 15m: BS15=1.000 [too high - likely end of move];[FAIL] Candle Strength 5m: BS5=1.000 [too high];[PASS] EMA Trend 1h: EMA21=1.71, EMA50=1.66;[PASS] EMA Trend 4h: EMA21=1.64, EMA50=1.58, EMA200=1.48;[FAIL] RSI 30m: RSI=68.18;[PASS] MACD 30m: MACD_hist=0.0047;[FAIL] Smart Pullback: price=1.8000 EMA=1.7457 RSI=68.2 BS=1.000;[PASS] ADX: ADX=26.38 [>22], DI+=33.53, DI-=14.05;[PASS] CCI Momentum: CCI=96.72;[PASS] SAR: SAR=1.7982, price=1.8000;[FAIL] Stochastic: K=85.89 D=85.89;[FAIL] EMA Rejection: No rejection;[FAIL] Resistance Test: No test;[PASS] Pullback: Detected;[PASS] Double Top/Bottom: Pattern=double_top;[PASS] Range Filter: EMA diff=0.0265 [>0.005];[PASS] Combined Range Filter: diff=0.0265, ADX=26.38, mode=OR",,,,,,,,,,
PEPE-USDT,LONG,S3,کرونوس (Cronus),0.00000367,0.00000353,0.00000000,2026-09-08 21:51:47,CLOSED,TRAIL_STOP,2026-09-09 12:16:49,0.00000368,0.200000,0.094278,10.00,0.294278,"[FAIL] Candle Strength 15m: BS15=0.013 [>= 0.6];[FAIL] Candle Strength 5m: BS5=0.006 [>= 0.6];[PASS] EMA Trend 1h: EMA21=0.00, EMA50=0.00;[PASS] EMA Trend 4h: EMA21=0.00, EMA50=0.00, EMA200=0.00;[PASS] RSI 30m: RSI=59.19;[FAIL] MACD 30m: MACD_hist=0.0000;[FAIL] Smart Pullback: price=0.0000 EMA=0.0000 RSI=59.2 BS=1.000;[FAIL] ADX: ADX=12.82 [>22], DI+=24.83, DI-=16.70;[FAIL] CCI Momentum: CCI=103.55;[PASS] SAR: SAR=0.0000, price=0.0000;[FAIL] Stochastic: K=90.51 D=90.51;[FAIL] EMA Rejection: No rejection;[FAIL] Resistance Test: No test;[PASS] Pullback: Detected;[PASS] Double Top/Bottom: Pattern=double_top;[FAIL] Range Filter: EMA diff=0.0031 [>0.005];[PASS] Combined Range Filter: diff=0.0031, ADX=12.82, mode=AND",,,,,,,,,,
BTC-USDT,SHORT,B2,اطلس (Atlas),78544.10000000,81685.86400000,0.00000000,2026-09-08 22:17:58,CLOSED,TRAIL_STOP,2026-09-09 18:47:42,78312.44000000,0.200000,0.094943,10.00,0.294943,"[PASS] Candle Strength 15m: BS15=0.590 [>= 0.48];[PASS] Candle Strength 5m: BS5=0.590 [>= 0.48];[PASS] EMA Trend 1h: EMA21=78709.30, EMA50=79042.98;[FAIL] EMA Trend 4h: EMA21=79182.89, EMA50=78987.71, EMA200=73178.88;[PASS] RSI 30m: RSI=48.42;[FAIL] MACD 30m: MACD_hist=38.4987;[FAIL] Smart Pullback: price=78544.1000 EMA=78584.7382 RSI=48.4 BS=0.590;[PASS] ADX: ADX=23.09 [>22], DI+=19.22, DI-=20.86;[FAIL] CCI Momentum: CCI=35.24;[FAIL] SAR: SAR=78509.6040, price=78544.1000;[FAIL] Stochastic: K=67.94 D=67.94;[PASS] EMA Rejection: Rejected;[PASS] Resistance Test: Tested;[PASS] Pullback: Detected;[PASS] Double Top/Bottom: Pattern=double_top;[FAIL] Range Filter: EMA diff=0.0023 [>0.005];[FAIL] Combined Range Filter: diff=0.0023, ADX=23.09, mode=OR",,,,,,,,,,
LTC-USDT,SHORT,S3,کرونوس (Cronus),54.21000000,56.37840000,0.00000000,2026-09-08 22:18:01,CLOSED,TRAIL_STOP,2026-09-09 12:16:50,53.94000000,0.200000,0.298063,10.00,0.498063,"[PASS] Candle Strength 15m: BS15=0.800 [>= 0.6];[PASS] Candle Strength 5m: BS5=0.800 [>= 0.6];[FAIL] EMA Trend 1h: EMA21=55.01, EMA50=54.92;[FAIL] EMA Trend 4h: EMA21=54.30, EMA50=52.77, EMA200=49.11;[PASS] RSI 30m: RSI=36.34;[PASS] MACD 30m: MACD_hist=-0.0816;[FAIL] Smart Pullback: price=54.2100 EMA=54.8145 RSI=36.3 BS=0.800;[FAIL] ADX: ADX=24.10 [>22], DI+=29.79, DI-=18.35;[FAIL] CCI Momentum: CCI=-101.95;[FAIL] SAR: SAR=54.1904, price=54.2100;[FAIL] Stochastic: K=1.62 D=1.62;[FAIL] EMA Rejection: No rejection;[PASS] Resistance Test: Tested;[PASS] Pullback: Detected;[FAIL] Double Top/Bottom: No pattern;[FAIL] Range Filter: EMA diff=0.0047 [>0.005];[PASS] Combined Range Filter: diff=0.0047, ADX=24.10, mode=AND",,,,,,,,,,
ATOM-USDT,LONG,S3,کرونوس (Cronus),1.80000000,1.72800000,0.00000000,2026-09-08 22:18:05,CLOSED,TRAIL_STOP,2026-09-09 12:16:50,1.81584000,0.200000,0.680000,10.00,0.880000,"[FAIL] Candle Strength 15m: BS15=1.000 [too high - likely end of move];[FAIL] Candle Strength 5m: BS5=1.000 [too high];[PASS] EMA Trend 1h: EMA21=1.71, EMA50=1.66;[PASS] EMA Trend 4h: EMA21=1.64, EMA50=1.58, EMA200=1.48;[FAIL] RSI 30m: RSI=67.32;[PASS] MACD 30m: MACD_hist=0.0034;[FAIL] Smart Pullback: price=1.8000 EMA=1.7511 RSI=67.3 BS=1.000;[PASS] ADX: ADX=27.19 [>22], DI+=31.76, DI-=14.38;[PASS] CCI Momentum: CCI=83.88;[PASS] SAR: SAR=1.7998, price=1.8000;[FAIL] Stochastic: K=84.44 D=84.44;[FAIL] EMA Rejection: No rejection;[FAIL] Resistance Test: No test;[PASS] Pullback: Detected;[PASS] Double Top/Bottom: Pattern=double_top;[PASS] Range Filter: EMA diff=0.0272 [>0.005];[PASS] Combined Range Filter: diff=0.0272, ADX=27.19, mode=AND",,,,,,,,,,
ATOM-USDT,LONG,B1,هایپریون (Hyperion),1.80000000,1.72800000,0.00000000,2026-09-08 22:18:06,CLOSED,TRAIL_STOP,2026-09-09 12:16:51,1.81584000,0.200000,0.680000,10.00,0.880000,"[FAIL] Candle Strength 15m: BS15=1.000 [too high - likely end of move];[FAIL] Candle Strength 5m: BS5=1.000 [too high];[PASS] EMA Trend 1h: EMA21=1.71, EMA50=1.66;[PASS] EMA Trend 4h: EMA21=1.64, EMA50=1.58, EMA200=1.48;[FAIL] RSI 30m: RSI=67.32;[PASS] MACD 30m: MACD_hist=0.0034;[FAIL] Smart Pullback: price=1.8000 EMA=1.7511 RSI=67.3 BS=1.000;[PASS] ADX: ADX=27.19 [>22], DI+=31.76, DI-=14.38;[PASS] CCI Momentum: CCI=83.88;[PASS] SAR: SAR=1.7998, price=1.8000;[FAIL] Stochastic: K=84.44 D=84.44;[FAIL] EMA Rejection: No rejection;[FAIL] Resistance Test: No test;[PASS] Pullback: Detected;[PASS] Double Top/Bottom: Pattern=double_top;[PASS] Range Filter: EMA diff=0.0272 [>0.005];[PASS] Combined Range Filter: diff=0.0272, ADX=27.19, mode=OR",,,,,,,,,,
TIA-USDT,SHORT,S3,کرونوس (Cronus),0.41140000,0.42785600,0.00000000,2026-09-08 22:18:09,CLOSED,TRAIL_STOP,2026-09-09 12:16:51,0.40816000,0.200000,0.587555,10.00,0.787555,"[FAIL] Candle Strength 15m: BS15=1.000 [too high - likely end of move];[FAIL] Candle Strength 5m: BS5=1.000 [too high];[FAIL] EMA Trend 1h: EMA21=0.42, EMA50=0.42;[FAIL] EMA Trend 4h: EMA21=0.41, EMA50=0.39, EMA200=0.35;[PASS] RSI 30m: RSI=37.91;[FAIL] MACD 30m: MACD_hist=-0.0004;[FAIL] Smart Pullback: price=0.4114 EMA=0.4179 RSI=37.9 BS=1.000;[FAIL] ADX: ADX=17.94 [>22], DI+=16.35, DI-=27.10;[FAIL] CCI Momentum: CCI=-125.67;[PASS] SAR: SAR=0.4120, price=0.4114;[FAIL] Stochastic: K=18.60 D=18.60;[PASS] EMA Rejection: Rejected;[FAIL] Resistance Test: No test;[PASS] Pullback: Detected;[PASS] Double Top/Bottom: Pattern=double_top;[PASS] Range Filter: EMA diff=0.0086 [>0.005];[PASS] Combined Range Filter: diff=0.0086, ADX=17.94, mode=AND",,,,,,,,,,
PEPE-USDT,LONG,B1,هایپریون (Hyperion),0.00000364,0.00000350,0.00000000,2026-09-08 22:18:11,CLOSED,TRAIL_STOP,2026-09-09 12:16:52,0.00000367,0.200000,0.566484,10.00,0.766484,"[FAIL] Candle Strength 15m: BS15=0.016 [>= 0.6];[FAIL] Candle Strength 5m: BS5=0.016 [>= 0.6];[PASS] EMA Trend 1h: EMA21=0.00, EMA50=0.00;[PASS] EMA Trend 4h: EMA21=0.00, EMA50=0.00, EMA200=0.00;[PASS] RSI 30m: RSI=52.52;[FAIL] MACD 30m: MACD_hist=0.0000;[FAIL] Smart Pullback: price=0.0000 EMA=0.0000 RSI=52.5 BS=0.762;[FAIL] ADX: ADX=14.23 [>22], DI+=26.27, DI-=15.65;[PASS] CCI Momentum: CCI=58.98;[PASS] SAR: SAR=0.0000, price=0.0000;[FAIL] Stochastic: K=65.97 D=65.97;[FAIL] EMA Rejection: No rejection;[FAIL] Resistance Test: No test;[PASS] Pullback: Detected;[PASS] Double Top/Bottom: Pattern=double_top;[FAIL] Range Filter: EMA diff=0.0030 [>0.005];[FAIL] Combined Range Filter: diff=0.0030, ADX=14.23, mode=OR",,,,,,,,,,
