symbol,direction,scenario_id,scenario_name,entry_price,stop_loss,take_profit,issued_at_tehran,status,outcome,hit_time_tehran,hit_price,broker_fee,final_pnl_usd,position_size_usd,return_pct,signal_source
BTC-USDT,LONG,S3,کرونوس (Cronus),80025.90000000,76824.86400000,0.00000000,2026-09-06 07:12:33,OPEN,,,,,,10.00,,"[FAIL] Candle Strength 15m: BS15=0.999 [too high - likely end of move];[FAIL] Candle Strength 5m: BS5=0.997 [too high];[PASS] EMA Trend 1h: EMA21=79844.08, EMA50=79737.23;[PASS] EMA Trend 4h: EMA21=79557.14, EMA50=78799.89, EMA200=72567.80;[PASS] RSI 30m: RSI=61.74;[PASS] MACD 30m: MACD_hist=7.8120;[FAIL] Smart Pullback: price=80025.9000 EMA=79878.5946 RSI=61.7 BS=0.999;[FAIL] ADX: ADX=17.05 [>22], DI+=27.45, DI-=15.08;[PASS] CCI Momentum: CCI=97.63;[PASS] SAR: SAR=79906.1460, price=80025.9000;[FAIL] Stochastic: K=92.47 D=92.47;[FAIL] EMA Rejection: No rejection;[PASS] Resistance Test: Tested;[PASS] Pullback: Detected;[PASS] Double Top/Bottom: Pattern=double_top;[FAIL] Range Filter: EMA diff=0.0005 [>0.005];[FAIL] Combined Range Filter: diff=0.0005, ADX=17.05, mode=AND"
BTC-USDT,LONG,B1,هایپریون (Hyperion),80025.90000000,76824.86400000,0.00000000,2026-09-06 07:12:35,OPEN,,,,,,10.00,,"[FAIL] Candle Strength 15m: BS15=0.999 [too high - likely end of move];[FAIL] Candle Strength 5m: BS5=0.997 [too high];[PASS] EMA Trend 1h: EMA21=79844.08, EMA50=79737.23;[PASS] EMA Trend 4h: EMA21=79557.14, EMA50=78799.89, EMA200=72567.80;[PASS] RSI 30m: RSI=61.74;[PASS] MACD 30m: MACD_hist=7.8120;[FAIL] Smart Pullback: price=80025.9000 EMA=79878.5946 RSI=61.7 BS=0.999;[FAIL] ADX: ADX=17.05 [>22], DI+=27.45, DI-=15.08;[PASS] CCI Momentum: CCI=97.63;[PASS] SAR: SAR=79906.1460, price=80025.9000;[FAIL] Stochastic: K=92.47 D=92.47;[FAIL] EMA Rejection: No rejection;[PASS] Resistance Test: Tested;[PASS] Pullback: Detected;[PASS] Double Top/Bottom: Pattern=double_top;[FAIL] Range Filter: EMA diff=0.0005 [>0.005];[FAIL] Combined Range Filter: diff=0.0005, ADX=17.05, mode=OR"
ETH-USDT,LONG,S3,کرونوس (Cronus),2512.61000000,2412.10560000,0.00000000,2026-09-06 07:12:36,OPEN,,,,,,10.00,,"[FAIL] Candle Strength 15m: BS15=0.860 [too high - likely end of move];[PASS] Candle Strength 5m: BS5=0.632 [>= 0.6];[PASS] EMA Trend 1h: EMA21=2480.58, EMA50=2470.41;[PASS] EMA Trend 4h: EMA21=2466.78, EMA50=2450.36, EMA200=2222.93;[FAIL] RSI 30m: RSI=76.95;[PASS] MACD 30m: MACD_hist=1.9074;[FAIL] Smart Pullback: price=2512.6100 EMA=2488.7311 RSI=76.9 BS=0.860;[PASS] ADX: ADX=52.28 [>22], DI+=39.53, DI-=4.79;[FAIL] CCI Momentum: CCI=159.43;[PASS] SAR: SAR=2500.4208, price=2512.6100;[FAIL] Stochastic: K=95.79 D=95.79;[FAIL] EMA Rejection: No rejection;[PASS] Resistance Test: Tested;[PASS] Pullback: Detected;[FAIL] Double Top/Bottom: No pattern;[FAIL] Range Filter: EMA diff=0.0046 [>0.005];[PASS] Combined Range Filter: diff=0.0046, ADX=52.28, mode=AND"
ETH-USDT,LONG,B1,هایپریون (Hyperion),2512.61000000,2412.10560000,0.00000000,2026-09-06 07:12:38,OPEN,,,,,,10.00,,"[FAIL] Candle Strength 15m: BS15=0.860 [too high - likely end of move];[PASS] Candle Strength 5m: BS5=0.632 [>= 0.6];[PASS] EMA Trend 1h: EMA21=2480.58, EMA50=2470.41;[PASS] EMA Trend 4h: EMA21=2466.78, EMA50=2450.36, EMA200=2222.93;[FAIL] RSI 30m: RSI=76.95;[PASS] MACD 30m: MACD_hist=1.9074;[FAIL] Smart Pullback: price=2512.6100 EMA=2488.7311 RSI=76.9 BS=0.860;[PASS] ADX: ADX=52.28 [>22], DI+=39.53, DI-=4.79;[FAIL] CCI Momentum: CCI=159.43;[PASS] SAR: SAR=2500.4208, price=2512.6100;[FAIL] Stochastic: K=95.79 D=95.79;[FAIL] EMA Rejection: No rejection;[PASS] Resistance Test: Tested;[PASS] Pullback: Detected;[FAIL] Double Top/Bottom: No pattern;[FAIL] Range Filter: EMA diff=0.0046 [>0.005];[PASS] Combined Range Filter: diff=0.0046, ADX=52.28, mode=OR"
BNB-USDT,LONG,S3,کرونوس (Cronus),765.14100000,734.53536000,0.00000000,2026-09-06 07:12:39,OPEN,,,,,,10.00,,"[PASS] Candle Strength 15m: BS15=0.695 [>= 0.6];[FAIL] Candle Strength 5m: BS5=0.294 [>= 0.6];[PASS] EMA Trend 1h: EMA21=760.05, EMA50=743.53;[PASS] EMA Trend 4h: EMA21=732.51, EMA50=713.23, EMA200=657.31;[PASS] RSI 30m: RSI=51.26;[FAIL] MACD 30m: MACD_hist=-1.7120;[FAIL] Smart Pullback: price=765.1410 EMA=765.8016 RSI=51.3 BS=0.695;[FAIL] ADX: ADX=30.88 [>22], DI+=18.58, DI-=20.61;[FAIL] CCI Momentum: CCI=-78.50;[PASS] SAR: SAR=763.6286, price=765.1410;[FAIL] Stochastic: K=38.55 D=38.55;[FAIL] EMA Rejection: No rejection;[FAIL] Resistance Test: No test;[PASS] Pullback: Detected;[FAIL] Double Top/Bottom: No pattern;[PASS] Range Filter: EMA diff=0.0113 [>0.005];[PASS] Combined Range Filter: diff=0.0113, ADX=30.88, mode=AND"
BNB-USDT,LONG,B1,هایپریون (Hyperion),765.14100000,734.53536000,0.00000000,2026-09-06 07:12:41,OPEN,,,,,,10.00,,"[PASS] Candle Strength 15m: BS15=0.695 [>= 0.6];[FAIL] Candle Strength 5m: BS5=0.294 [>= 0.6];[PASS] EMA Trend 1h: EMA21=760.05, EMA50=743.53;[PASS] EMA Trend 4h: EMA21=732.51, EMA50=713.23, EMA200=657.31;[PASS] RSI 30m: RSI=51.26;[FAIL] MACD 30m: MACD_hist=-1.7120;[FAIL] Smart Pullback: price=765.1410 EMA=765.8016 RSI=51.3 BS=0.695;[FAIL] ADX: ADX=30.88 [>22], DI+=18.58, DI-=20.61;[FAIL] CCI Momentum: CCI=-78.50;[PASS] SAR: SAR=763.6286, price=765.1410;[FAIL] Stochastic: K=38.55 D=38.55;[FAIL] EMA Rejection: No rejection;[FAIL] Resistance Test: No test;[PASS] Pullback: Detected;[FAIL] Double Top/Bottom: No pattern;[PASS] Range Filter: EMA diff=0.0113 [>0.005];[PASS] Combined Range Filter: diff=0.0113, ADX=30.88, mode=OR"
SOL-USDT,LONG,S3,کرونوس (Cronus),106.62000000,102.35520000,0.00000000,2026-09-06 07:12:43,OPEN,,,,,,10.00,,"[PASS] Candle Strength 15m: BS15=0.777 [>= 0.6];[FAIL] Candle Strength 5m: BS5=0.413 [>= 0.6];[PASS] EMA Trend 1h: EMA21=103.56, EMA50=102.96;[PASS] EMA Trend 4h: EMA21=102.87, EMA50=101.90, EMA200=90.40;[FAIL] RSI 30m: RSI=81.22;[PASS] MACD 30m: MACD_hist=0.2328;[FAIL] Smart Pullback: price=106.6200 EMA=103.9470 RSI=81.2 BS=0.777;[PASS] ADX: ADX=28.80 [>22], DI+=51.06, DI-=8.58;[FAIL] CCI Momentum: CCI=343.19;[PASS] SAR: SAR=104.4340, price=106.6200;[FAIL] Stochastic: K=88.73 D=88.73;[FAIL] EMA Rejection: No rejection;[PASS] Resistance Test: Tested;[PASS] Pullback: Detected;[FAIL] Double Top/Bottom: No pattern;[PASS] Range Filter: EMA diff=0.0056 [>0.005];[PASS] Combined Range Filter: diff=0.0056, ADX=28.80, mode=AND"
SOL-USDT,LONG,B1,هایپریون (Hyperion),106.62000000,102.35520000,0.00000000,2026-09-06 07:12:44,OPEN,,,,,,10.00,,"[PASS] Candle Strength 15m: BS15=0.777 [>= 0.6];[FAIL] Candle Strength 5m: BS5=0.413 [>= 0.6];[PASS] EMA Trend 1h: EMA21=103.56, EMA50=102.96;[PASS] EMA Trend 4h: EMA21=102.87, EMA50=101.90, EMA200=90.40;[FAIL] RSI 30m: RSI=81.22;[PASS] MACD 30m: MACD_hist=0.2328;[FAIL] Smart Pullback: price=106.6200 EMA=103.9470 RSI=81.2 BS=0.777;[PASS] ADX: ADX=28.80 [>22], DI+=51.06, DI-=8.58;[FAIL] CCI Momentum: CCI=343.19;[PASS] SAR: SAR=104.4340, price=106.6200;[FAIL] Stochastic: K=88.73 D=88.73;[FAIL] EMA Rejection: No rejection;[PASS] Resistance Test: Tested;[PASS] Pullback: Detected;[FAIL] Double Top/Bottom: No pattern;[PASS] Range Filter: EMA diff=0.0056 [>0.005];[PASS] Combined Range Filter: diff=0.0056, ADX=28.80, mode=OR"
LTC-USDT,LONG,S1,پرومتئوس (Prometheus),54.99000000,52.79040000,0.00000000,2026-09-06 07:12:47,OPEN,,,,,,10.00,,"[FAIL] Candle Strength 15m: BS15=0.485 [>= 0.6];[FAIL] Candle Strength 5m: BS5=0.937 [too high];[PASS] EMA Trend 1h: EMA21=53.99, EMA50=52.83;[PASS] EMA Trend 4h: EMA21=52.13, EMA50=50.89, EMA200=48.28;[PASS] RSI 30m: RSI=63.76;[FAIL] MACD 30m: MACD_hist=-0.0259;[FAIL] Smart Pullback: price=54.9900 EMA=54.5046 RSI=63.8 BS=0.485;[PASS] ADX: ADX=32.33 [>22], DI+=29.71, DI-=15.73;[FAIL] CCI Momentum: CCI=113.17;[PASS] SAR: SAR=54.5816, price=54.9900;[FAIL] Stochastic: K=78.34 D=78.34;[FAIL] EMA Rejection: No rejection;[FAIL] Resistance Test: No test;[PASS] Pullback: Detected;[FAIL] Double Top/Bottom: No pattern;[PASS] Range Filter: EMA diff=0.0131 [>0.005];[PASS] Combined Range Filter: diff=0.0131, ADX=32.33, mode=AND"
LTC-USDT,LONG,S3,کرونوس (Cronus),54.99000000,52.79040000,0.00000000,2026-09-06 07:12:48,OPEN,,,,,,10.00,,"[FAIL] Candle Strength 15m: BS15=0.485 [>= 0.6];[FAIL] Candle Strength 5m: BS5=0.937 [too high];[PASS] EMA Trend 1h: EMA21=53.99, EMA50=52.83;[PASS] EMA Trend 4h: EMA21=52.13, EMA50=50.89, EMA200=48.28;[PASS] RSI 30m: RSI=63.76;[FAIL] MACD 30m: MACD_hist=-0.0259;[FAIL] Smart Pullback: price=54.9900 EMA=54.5046 RSI=63.8 BS=0.485;[PASS] ADX: ADX=32.33 [>22], DI+=29.71, DI-=15.73;[FAIL] CCI Momentum: CCI=113.17;[PASS] SAR: SAR=54.5816, price=54.9900;[FAIL] Stochastic: K=78.34 D=78.34;[FAIL] EMA Rejection: No rejection;[FAIL] Resistance Test: No test;[PASS] Pullback: Detected;[FAIL] Double Top/Bottom: No pattern;[PASS] Range Filter: EMA diff=0.0131 [>0.005];[PASS] Combined Range Filter: diff=0.0131, ADX=32.33, mode=AND"
LTC-USDT,LONG,B1,هایپریون (Hyperion),54.99000000,52.79040000,0.00000000,2026-09-06 07:12:50,OPEN,,,,,,10.00,,"[FAIL] Candle Strength 15m: BS15=0.485 [>= 0.6];[FAIL] Candle Strength 5m: BS5=0.937 [too high];[PASS] EMA Trend 1h: EMA21=53.99, EMA50=52.83;[PASS] EMA Trend 4h: EMA21=52.13, EMA50=50.89, EMA200=48.28;[PASS] RSI 30m: RSI=63.76;[FAIL] MACD 30m: MACD_hist=-0.0259;[FAIL] Smart Pullback: price=54.9900 EMA=54.5046 RSI=63.8 BS=0.485;[PASS] ADX: ADX=32.33 [>22], DI+=29.71, DI-=15.73;[FAIL] CCI Momentum: CCI=113.17;[PASS] SAR: SAR=54.5816, price=54.9900;[FAIL] Stochastic: K=78.34 D=78.34;[FAIL] EMA Rejection: No rejection;[FAIL] Resistance Test: No test;[PASS] Pullback: Detected;[FAIL] Double Top/Bottom: No pattern;[PASS] Range Filter: EMA diff=0.0131 [>0.005];[PASS] Combined Range Filter: diff=0.0131, ADX=32.33, mode=OR"
DOGE-USDT,LONG,S3,کرونوس (Cronus),0.09159000,0.08792640,0.00000000,2026-09-06 07:12:51,OPEN,,,,,,10.00,,"[FAIL] Candle Strength 15m: BS15=0.845 [too high - likely end of move];[FAIL] Candle Strength 5m: BS5=0.567 [>= 0.6];[PASS] EMA Trend 1h: EMA21=0.09, EMA50=0.09;[PASS] EMA Trend 4h: EMA21=0.09, EMA50=0.09, EMA200=0.08;[FAIL] RSI 30m: RSI=65.99;[FAIL] MACD 30m: MACD_hist=-0.0001;[FAIL] Smart Pullback: price=0.0916 EMA=0.0903 RSI=66.0 BS=0.845;[PASS] ADX: ADX=43.00 [>22], DI+=35.07, DI-=13.80;[PASS] CCI Momentum: CCI=80.10;[PASS] SAR: SAR=0.0908, price=0.0916;[FAIL] Stochastic: K=94.58 D=94.58;[FAIL] EMA Rejection: No rejection;[FAIL] Resistance Test: No test;[PASS] Pullback: Detected;[FAIL] Double Top/Bottom: No pattern;[PASS] Range Filter: EMA diff=0.0154 [>0.005];[PASS] Combined Range Filter: diff=0.0154, ADX=43.00, mode=AND"
DOGE-USDT,LONG,B1,هایپریون (Hyperion),0.09159000,0.08792640,0.00000000,2026-09-06 07:12:53,OPEN,,,,,,10.00,,"[FAIL] Candle Strength 15m: BS15=0.845 [too high - likely end of move];[FAIL] Candle Strength 5m: BS5=0.567 [>= 0.6];[PASS] EMA Trend 1h: EMA21=0.09, EMA50=0.09;[PASS] EMA Trend 4h: EMA21=0.09, EMA50=0.09, EMA200=0.08;[FAIL] RSI 30m: RSI=65.99;[FAIL] MACD 30m: MACD_hist=-0.0001;[FAIL] Smart Pullback: price=0.0916 EMA=0.0903 RSI=66.0 BS=0.845;[PASS] ADX: ADX=43.00 [>22], DI+=35.07, DI-=13.80;[PASS] CCI Momentum: CCI=80.10;[PASS] SAR: SAR=0.0908, price=0.0916;[FAIL] Stochastic: K=94.58 D=94.58;[FAIL] EMA Rejection: No rejection;[FAIL] Resistance Test: No test;[PASS] Pullback: Detected;[FAIL] Double Top/Bottom: No pattern;[PASS] Range Filter: EMA diff=0.0154 [>0.005];[PASS] Combined Range Filter: diff=0.0154, ADX=43.00, mode=OR"
SUI-USDT,LONG,S1,پرومتئوس (Prometheus),0.80490000,0.77270400,0.00000000,2026-09-06 07:12:55,OPEN,,,,,,10.00,,"[FAIL] Candle Strength 15m: BS15=1.000 [too high - likely end of move];[FAIL] Candle Strength 5m: BS5=1.000 [too high];[PASS] EMA Trend 1h: EMA21=0.79, EMA50=0.78;[PASS] EMA Trend 4h: EMA21=0.77, EMA50=0.76, EMA200=0.73;[PASS] RSI 30m: RSI=58.21;[FAIL] MACD 30m: MACD_hist=-0.0006;[FAIL] Smart Pullback: price=0.8049 EMA=0.7989 RSI=58.2 BS=1.000;[PASS] ADX: ADX=32.99 [>22], DI+=27.79, DI-=10.52;[PASS] CCI Momentum: CCI=21.01;[PASS] SAR: SAR=0.7962, price=0.8049;[FAIL] Stochastic: K=61.50 D=61.50;[PASS] EMA Rejection: Rejected;[FAIL] Resistance Test: No test;[PASS] Pullback: Detected;[PASS] Double Top/Bottom: Pattern=double_top;[PASS] Range Filter: EMA diff=0.0086 [>0.005];[PASS] Combined Range Filter: diff=0.0086, ADX=32.99, mode=AND"
SUI-USDT,LONG,S3,کرونوس (Cronus),0.80490000,0.77270400,0.00000000,2026-09-06 07:12:57,OPEN,,,,,,10.00,,"[FAIL] Candle Strength 15m: BS15=1.000 [too high - likely end of move];[FAIL] Candle Strength 5m: BS5=1.000 [too high];[PASS] EMA Trend 1h: EMA21=0.79, EMA50=0.78;[PASS] EMA Trend 4h: EMA21=0.77, EMA50=0.76, EMA200=0.73;[PASS] RSI 30m: RSI=58.21;[FAIL] MACD 30m: MACD_hist=-0.0006;[FAIL] Smart Pullback: price=0.8049 EMA=0.7989 RSI=58.2 BS=1.000;[PASS] ADX: ADX=32.99 [>22], DI+=27.79, DI-=10.52;[PASS] CCI Momentum: CCI=21.01;[PASS] SAR: SAR=0.7962, price=0.8049;[FAIL] Stochastic: K=61.50 D=61.50;[PASS] EMA Rejection: Rejected;[FAIL] Resistance Test: No test;[PASS] Pullback: Detected;[PASS] Double Top/Bottom: Pattern=double_top;[PASS] Range Filter: EMA diff=0.0086 [>0.005];[PASS] Combined Range Filter: diff=0.0086, ADX=32.99, mode=AND"
SUI-USDT,LONG,B1,هایپریون (Hyperion),0.80490000,0.77270400,0.00000000,2026-09-06 07:12:58,OPEN,,,,,,10.00,,"[FAIL] Candle Strength 15m: BS15=1.000 [too high - likely end of move];[FAIL] Candle Strength 5m: BS5=1.000 [too high];[PASS] EMA Trend 1h: EMA21=0.79, EMA50=0.78;[PASS] EMA Trend 4h: EMA21=0.77, EMA50=0.76, EMA200=0.73;[PASS] RSI 30m: RSI=58.21;[FAIL] MACD 30m: MACD_hist=-0.0006;[FAIL] Smart Pullback: price=0.8049 EMA=0.7989 RSI=58.2 BS=1.000;[PASS] ADX: ADX=32.99 [>22], DI+=27.79, DI-=10.52;[PASS] CCI Momentum: CCI=21.01;[PASS] SAR: SAR=0.7962, price=0.8049;[FAIL] Stochastic: K=61.50 D=61.50;[PASS] EMA Rejection: Rejected;[FAIL] Resistance Test: No test;[PASS] Pullback: Detected;[PASS] Double Top/Bottom: Pattern=double_top;[PASS] Range Filter: EMA diff=0.0086 [>0.005];[PASS] Combined Range Filter: diff=0.0086, ADX=32.99, mode=OR"
NEAR-USDT,LONG,S3,کرونوس (Cronus),2.21930000,2.13052800,0.00000000,2026-09-06 07:13:00,OPEN,,,,,,10.00,,"[FAIL] Candle Strength 15m: BS15=0.547 [>= 0.6];[FAIL] Candle Strength 5m: BS5=0.407 [>= 0.6];[PASS] EMA Trend 1h: EMA21=2.20, EMA50=2.14;[PASS] EMA Trend 4h: EMA21=2.09, EMA50=1.99, EMA200=1.83;[PASS] RSI 30m: RSI=54.76;[PASS] MACD 30m: MACD_hist=0.0035;[FAIL] Smart Pullback: price=2.2193 EMA=2.2044 RSI=54.8 BS=0.547;[FAIL] ADX: ADX=13.82 [>22], DI+=20.15, DI-=14.40;[PASS] CCI Momentum: CCI=67.14;[PASS] SAR: SAR=2.2033, price=2.2193;[FAIL] Stochastic: K=75.91 D=75.91;[FAIL] EMA Rejection: No rejection;[PASS] Resistance Test: Tested;[PASS] Pullback: Detected;[FAIL] Double Top/Bottom: No pattern;[PASS] Range Filter: EMA diff=0.0071 [>0.005];[PASS] Combined Range Filter: diff=0.0071, ADX=13.82, mode=AND"
NEAR-USDT,LONG,B1,هایپریون (Hyperion),2.21930000,2.13052800,0.00000000,2026-09-06 07:13:02,OPEN,,,,,,10.00,,"[FAIL] Candle Strength 15m: BS15=0.547 [>= 0.6];[FAIL] Candle Strength 5m: BS5=0.407 [>= 0.6];[PASS] EMA Trend 1h: EMA21=2.20, EMA50=2.14;[PASS] EMA Trend 4h: EMA21=2.09, EMA50=1.99, EMA200=1.83;[PASS] RSI 30m: RSI=54.76;[PASS] MACD 30m: MACD_hist=0.0035;[FAIL] Smart Pullback: price=2.2193 EMA=2.2044 RSI=54.8 BS=0.547;[FAIL] ADX: ADX=13.82 [>22], DI+=20.15, DI-=14.40;[PASS] CCI Momentum: CCI=67.14;[PASS] SAR: SAR=2.2033, price=2.2193;[FAIL] Stochastic: K=75.91 D=75.91;[FAIL] EMA Rejection: No rejection;[PASS] Resistance Test: Tested;[PASS] Pullback: Detected;[FAIL] Double Top/Bottom: No pattern;[PASS] Range Filter: EMA diff=0.0071 [>0.005];[FAIL] Combined Range Filter: diff=0.0071, ADX=13.82, mode=OR"
DOT-USDT,LONG,S1,پرومتئوس (Prometheus),0.92720000,0.89011200,0.00000000,2026-09-06 07:13:03,OPEN,,,,,,10.00,,"[PASS] Candle Strength 15m: BS15=0.797 [>= 0.6];[FAIL] Candle Strength 5m: BS5=0.893 [too high];[PASS] EMA Trend 1h: EMA21=0.91, EMA50=0.90;[PASS] EMA Trend 4h: EMA21=0.89, EMA50=0.88, EMA200=0.84;[PASS] RSI 30m: RSI=60.20;[FAIL] MACD 30m: MACD_hist=0.0002;[FAIL] Smart Pullback: price=0.9272 EMA=0.9204 RSI=60.2 BS=0.797;[PASS] ADX: ADX=42.51 [>22], DI+=26.75, DI-=13.12;[PASS] CCI Momentum: CCI=71.70;[PASS] SAR: SAR=0.9207, price=0.9272;[FAIL] Stochastic: K=71.65 D=71.65;[FAIL] EMA Rejection: No rejection;[FAIL] Resistance Test: No test;[PASS] Pullback: Detected;[FAIL] Double Top/Bottom: No pattern;[PASS] Range Filter: EMA diff=0.0102 [>0.005];[PASS] Combined Range Filter: diff=0.0102, ADX=42.51, mode=AND"
DOT-USDT,LONG,S3,کرونوس (Cronus),0.92720000,0.89011200,0.00000000,2026-09-06 07:13:05,OPEN,,,,,,10.00,,"[PASS] Candle Strength 15m: BS15=0.797 [>= 0.6];[FAIL] Candle Strength 5m: BS5=0.893 [too high];[PASS] EMA Trend 1h: EMA21=0.91, EMA50=0.90;[PASS] EMA Trend 4h: EMA21=0.89, EMA50=0.88, EMA200=0.84;[PASS] RSI 30m: RSI=60.20;[FAIL] MACD 30m: MACD_hist=0.0002;[FAIL] Smart Pullback: price=0.9272 EMA=0.9204 RSI=60.2 BS=0.797;[PASS] ADX: ADX=42.51 [>22], DI+=26.75, DI-=13.12;[PASS] CCI Momentum: CCI=71.70;[PASS] SAR: SAR=0.9207, price=0.9272;[FAIL] Stochastic: K=71.65 D=71.65;[FAIL] EMA Rejection: No rejection;[FAIL] Resistance Test: No test;[PASS] Pullback: Detected;[FAIL] Double Top/Bottom: No pattern;[PASS] Range Filter: EMA diff=0.0102 [>0.005];[PASS] Combined Range Filter: diff=0.0102, ADX=42.51, mode=AND"
DOT-USDT,LONG,B1,هایپریون (Hyperion),0.92720000,0.89011200,0.00000000,2026-09-06 07:13:06,OPEN,,,,,,10.00,,"[PASS] Candle Strength 15m: BS15=0.797 [>= 0.6];[FAIL] Candle Strength 5m: BS5=0.893 [too high];[PASS] EMA Trend 1h: EMA21=0.91, EMA50=0.90;[PASS] EMA Trend 4h: EMA21=0.89, EMA50=0.88, EMA200=0.84;[PASS] RSI 30m: RSI=60.20;[FAIL] MACD 30m: MACD_hist=0.0002;[FAIL] Smart Pullback: price=0.9272 EMA=0.9204 RSI=60.2 BS=0.797;[PASS] ADX: ADX=42.51 [>22], DI+=26.75, DI-=13.12;[PASS] CCI Momentum: CCI=71.70;[PASS] SAR: SAR=0.9207, price=0.9272;[FAIL] Stochastic: K=71.65 D=71.65;[FAIL] EMA Rejection: No rejection;[FAIL] Resistance Test: No test;[PASS] Pullback: Detected;[FAIL] Double Top/Bottom: No pattern;[PASS] Range Filter: EMA diff=0.0102 [>0.005];[PASS] Combined Range Filter: diff=0.0102, ADX=42.51, mode=OR"
ADA-USDT,LONG,S3,کرونوس (Cronus),0.22320000,0.21427200,0.00000000,2026-09-06 07:13:24,OPEN,,,,,,10.00,,"[FAIL] Candle Strength 15m: BS15=0.913 [too high - likely end of move];[PASS] Candle Strength 5m: BS5=0.750 [>= 0.6];[PASS] EMA Trend 1h: EMA21=0.22, EMA50=0.22;[PASS] EMA Trend 4h: EMA21=0.21, EMA50=0.21, EMA200=0.20;[FAIL] RSI 30m: RSI=68.40;[FAIL] MACD 30m: MACD_hist=0.0001;[FAIL] Smart Pullback: price=0.2232 EMA=0.2200 RSI=68.4 BS=0.913;[PASS] ADX: ADX=35.19 [>22], DI+=29.04, DI-=11.54;[FAIL] CCI Momentum: CCI=193.30;[PASS] SAR: SAR=0.2207, price=0.2232;[FAIL] Stochastic: K=96.30 D=96.30;[FAIL] EMA Rejection: No rejection;[FAIL] Resistance Test: No test;[PASS] Pullback: Detected;[PASS] Double Top/Bottom: Pattern=double_top;[PASS] Range Filter: EMA diff=0.0091 [>0.005];[PASS] Combined Range Filter: diff=0.0091, ADX=35.19, mode=AND"
ADA-USDT,LONG,B1,هایپریون (Hyperion),0.22320000,0.21427200,0.00000000,2026-09-06 07:13:37,OPEN,,,,,,10.00,,"[FAIL] Candle Strength 15m: BS15=0.913 [too high - likely end of move];[PASS] Candle Strength 5m: BS5=0.750 [>= 0.6];[PASS] EMA Trend 1h: EMA21=0.22, EMA50=0.22;[PASS] EMA Trend 4h: EMA21=0.21, EMA50=0.21, EMA200=0.20;[FAIL] RSI 30m: RSI=68.40;[FAIL] MACD 30m: MACD_hist=0.0001;[FAIL] Smart Pullback: price=0.2232 EMA=0.2200 RSI=68.4 BS=0.913;[PASS] ADX: ADX=35.19 [>22], DI+=29.04, DI-=11.54;[FAIL] CCI Momentum: CCI=193.30;[PASS] SAR: SAR=0.2207, price=0.2232;[FAIL] Stochastic: K=96.30 D=96.30;[FAIL] EMA Rejection: No rejection;[FAIL] Resistance Test: No test;[PASS] Pullback: Detected;[PASS] Double Top/Bottom: Pattern=double_top;[PASS] Range Filter: EMA diff=0.0091 [>0.005];[PASS] Combined Range Filter: diff=0.0091, ADX=35.19, mode=OR"
LINK-USDT,LONG,S1,پرومتئوس (Prometheus),12.25890000,11.76854400,0.00000000,2026-09-06 07:13:40,OPEN,,,,,,10.00,,"[PASS] Candle Strength 15m: BS15=0.753 [>= 0.6];[FAIL] Candle Strength 5m: BS5=0.835 [too high];[PASS] EMA Trend 1h: EMA21=12.02, EMA50=11.86;[PASS] EMA Trend 4h: EMA21=11.75, EMA50=11.56, EMA200=10.31;[PASS] RSI 30m: RSI=64.29;[PASS] MACD 30m: MACD_hist=0.0086;[FAIL] Smart Pullback: price=12.2589 EMA=12.1159 RSI=64.3 BS=0.753;[PASS] ADX: ADX=46.07 [>22], DI+=36.76, DI-=12.45;[PASS] CCI Momentum: CCI=96.53;[PASS] SAR: SAR=12.1952, price=12.2589;[FAIL] Stochastic: K=58.72 D=58.72;[FAIL] EMA Rejection: No rejection;[FAIL] Resistance Test: No test;[PASS] Pullback: Detected;[FAIL] Double Top/Bottom: No pattern;[PASS] Range Filter: EMA diff=0.0111 [>0.005];[PASS] Combined Range Filter: diff=0.0111, ADX=46.07, mode=AND"
LINK-USDT,LONG,S3,کرونوس (Cronus),12.25890000,11.76854400,0.00000000,2026-09-06 07:13:42,OPEN,,,,,,10.00,,"[PASS] Candle Strength 15m: BS15=0.753 [>= 0.6];[FAIL] Candle Strength 5m: BS5=0.835 [too high];[PASS] EMA Trend 1h: EMA21=12.02, EMA50=11.86;[PASS] EMA Trend 4h: EMA21=11.75, EMA50=11.56, EMA200=10.31;[PASS] RSI 30m: RSI=64.29;[PASS] MACD 30m: MACD_hist=0.0086;[FAIL] Smart Pullback: price=12.2589 EMA=12.1159 RSI=64.3 BS=0.753;[PASS] ADX: ADX=46.07 [>22], DI+=36.76, DI-=12.45;[PASS] CCI Momentum: CCI=96.53;[PASS] SAR: SAR=12.1952, price=12.2589;[FAIL] Stochastic: K=58.72 D=58.72;[FAIL] EMA Rejection: No rejection;[FAIL] Resistance Test: No test;[PASS] Pullback: Detected;[FAIL] Double Top/Bottom: No pattern;[PASS] Range Filter: EMA diff=0.0111 [>0.005];[PASS] Combined Range Filter: diff=0.0111, ADX=46.07, mode=AND"
LINK-USDT,LONG,B1,هایپریون (Hyperion),12.25890000,11.76854400,0.00000000,2026-09-06 07:13:43,OPEN,,,,,,10.00,,"[PASS] Candle Strength 15m: BS15=0.753 [>= 0.6];[FAIL] Candle Strength 5m: BS5=0.835 [too high];[PASS] EMA Trend 1h: EMA21=12.02, EMA50=11.86;[PASS] EMA Trend 4h: EMA21=11.75, EMA50=11.56, EMA200=10.31;[PASS] RSI 30m: RSI=64.29;[PASS] MACD 30m: MACD_hist=0.0086;[FAIL] Smart Pullback: price=12.2589 EMA=12.1159 RSI=64.3 BS=0.753;[PASS] ADX: ADX=46.07 [>22], DI+=36.76, DI-=12.45;[PASS] CCI Momentum: CCI=96.53;[PASS] SAR: SAR=12.1952, price=12.2589;[FAIL] Stochastic: K=58.72 D=58.72;[FAIL] EMA Rejection: No rejection;[FAIL] Resistance Test: No test;[PASS] Pullback: Detected;[FAIL] Double Top/Bottom: No pattern;[PASS] Range Filter: EMA diff=0.0111 [>0.005];[PASS] Combined Range Filter: diff=0.0111, ADX=46.07, mode=OR"
AVAX-USDT,LONG,S3,کرونوس (Cronus),7.73600000,7.42656000,0.00000000,2026-09-06 07:13:45,OPEN,,,,,,10.00,,"[FAIL] Candle Strength 15m: BS15=0.882 [too high - likely end of move];[FAIL] Candle Strength 5m: BS5=0.400 [>= 0.6];[PASS] EMA Trend 1h: EMA21=7.59, EMA50=7.51;[PASS] EMA Trend 4h: EMA21=7.46, EMA50=7.38, EMA200=7.00;[FAIL] RSI 30m: RSI=76.70;[PASS] MACD 30m: MACD_hist=0.0070;[FAIL] Smart Pullback: price=7.7360 EMA=7.6316 RSI=76.7 BS=0.882;[PASS] ADX: ADX=46.62 [>22], DI+=34.50, DI-=9.41;[FAIL] CCI Momentum: CCI=182.20;[PASS] SAR: SAR=7.6587, price=7.7360;[FAIL] Stochastic: K=97.69 D=97.69;[FAIL] EMA Rejection: No rejection;[FAIL] Resistance Test: No test;[PASS] Pullback: Detected;[FAIL] Double Top/Bottom: No pattern;[PASS] Range Filter: EMA diff=0.0083 [>0.005];[PASS] Combined Range Filter: diff=0.0083, ADX=46.62, mode=AND"
AVAX-USDT,LONG,B1,هایپریون (Hyperion),7.73600000,7.42656000,0.00000000,2026-09-06 07:13:46,OPEN,,,,,,10.00,,"[FAIL] Candle Strength 15m: BS15=0.882 [too high - likely end of move];[FAIL] Candle Strength 5m: BS5=0.400 [>= 0.6];[PASS] EMA Trend 1h: EMA21=7.59, EMA50=7.51;[PASS] EMA Trend 4h: EMA21=7.46, EMA50=7.38, EMA200=7.00;[FAIL] RSI 30m: RSI=76.70;[PASS] MACD 30m: MACD_hist=0.0070;[FAIL] Smart Pullback: price=7.7360 EMA=7.6316 RSI=76.7 BS=0.882;[PASS] ADX: ADX=46.62 [>22], DI+=34.50, DI-=9.41;[FAIL] CCI Momentum: CCI=182.20;[PASS] SAR: SAR=7.6587, price=7.7360;[FAIL] Stochastic: K=97.69 D=97.69;[FAIL] EMA Rejection: No rejection;[FAIL] Resistance Test: No test;[PASS] Pullback: Detected;[FAIL] Double Top/Bottom: No pattern;[PASS] Range Filter: EMA diff=0.0083 [>0.005];[PASS] Combined Range Filter: diff=0.0083, ADX=46.62, mode=OR"
ATOM-USDT,LONG,S3,کرونوس (Cronus),1.58820000,1.52467200,0.00000000,2026-09-06 07:13:48,OPEN,,,,,,10.00,,"[FAIL] Candle Strength 15m: BS15=0.961 [too high - likely end of move];[FAIL] Candle Strength 5m: BS5=0.000 [>= 0.6];[PASS] EMA Trend 1h: EMA21=1.56, EMA50=1.54;[PASS] EMA Trend 4h: EMA21=1.52, EMA50=1.51, EMA200=1.45;[FAIL] RSI 30m: RSI=66.27;[PASS] MACD 30m: MACD_hist=0.0025;[FAIL] Smart Pullback: price=1.5882 EMA=1.5670 RSI=66.3 BS=0.961;[PASS] ADX: ADX=36.42 [>22], DI+=29.61, DI-=10.52;[FAIL] CCI Momentum: CCI=141.71;[PASS] SAR: SAR=1.5778, price=1.5882;[FAIL] Stochastic: K=89.03 D=89.03;[FAIL] EMA Rejection: No rejection;[FAIL] Resistance Test: No test;[PASS] Pullback: Detected;[FAIL] Double Top/Bottom: No pattern;[PASS] Range Filter: EMA diff=0.0096 [>0.005];[PASS] Combined Range Filter: diff=0.0096, ADX=36.42, mode=AND"
ATOM-USDT,LONG,B1,هایپریون (Hyperion),1.58820000,1.52467200,0.00000000,2026-09-06 07:13:49,OPEN,,,,,,10.00,,"[FAIL] Candle Strength 15m: BS15=0.961 [too high - likely end of move];[FAIL] Candle Strength 5m: BS5=0.000 [>= 0.6];[PASS] EMA Trend 1h: EMA21=1.56, EMA50=1.54;[PASS] EMA Trend 4h: EMA21=1.52, EMA50=1.51, EMA200=1.45;[FAIL] RSI 30m: RSI=66.27;[PASS] MACD 30m: MACD_hist=0.0025;[FAIL] Smart Pullback: price=1.5882 EMA=1.5670 RSI=66.3 BS=0.961;[PASS] ADX: ADX=36.42 [>22], DI+=29.61, DI-=10.52;[FAIL] CCI Momentum: CCI=141.71;[PASS] SAR: SAR=1.5778, price=1.5882;[FAIL] Stochastic: K=89.03 D=89.03;[FAIL] EMA Rejection: No rejection;[FAIL] Resistance Test: No test;[PASS] Pullback: Detected;[FAIL] Double Top/Bottom: No pattern;[PASS] Range Filter: EMA diff=0.0096 [>0.005];[PASS] Combined Range Filter: diff=0.0096, ADX=36.42, mode=OR"
FIL-USDT,LONG,S3,کرونوس (Cronus),0.81640000,0.78374400,0.00000000,2026-09-06 07:13:51,OPEN,,,,,,10.00,,"[FAIL] Candle Strength 15m: BS15=0.127 [>= 0.6];[FAIL] Candle Strength 5m: BS5=1.000 [too high];[PASS] EMA Trend 1h: EMA21=0.79, EMA50=0.78;[PASS] EMA Trend 4h: EMA21=0.77, EMA50=0.75, EMA200=0.72;[FAIL] RSI 30m: RSI=65.67;[PASS] MACD 30m: MACD_hist=0.0025;[FAIL] Smart Pullback: price=0.8164 EMA=0.8007 RSI=65.7 BS=0.127;[PASS] ADX: ADX=43.44 [>22], DI+=38.96, DI-=19.43;[PASS] CCI Momentum: CCI=91.83;[PASS] SAR: SAR=0.8144, price=0.8164;[FAIL] Stochastic: K=57.14 D=57.14;[FAIL] EMA Rejection: No rejection;[PASS] Resistance Test: Tested;[PASS] Pullback: Detected;[FAIL] Double Top/Bottom: No pattern;[PASS] Range Filter: EMA diff=0.0159 [>0.005];[PASS] Combined Range Filter: diff=0.0159, ADX=43.44, mode=AND"
FIL-USDT,LONG,B1,هایپریون (Hyperion),0.81640000,0.78374400,0.00000000,2026-09-06 07:13:52,OPEN,,,,,,10.00,,"[FAIL] Candle Strength 15m: BS15=0.127 [>= 0.6];[FAIL] Candle Strength 5m: BS5=1.000 [too high];[PASS] EMA Trend 1h: EMA21=0.79, EMA50=0.78;[PASS] EMA Trend 4h: EMA21=0.77, EMA50=0.75, EMA200=0.72;[FAIL] RSI 30m: RSI=65.67;[PASS] MACD 30m: MACD_hist=0.0025;[FAIL] Smart Pullback: price=0.8164 EMA=0.8007 RSI=65.7 BS=0.127;[PASS] ADX: ADX=43.44 [>22], DI+=38.96, DI-=19.43;[PASS] CCI Momentum: CCI=91.83;[PASS] SAR: SAR=0.8144, price=0.8164;[FAIL] Stochastic: K=57.14 D=57.14;[FAIL] EMA Rejection: No rejection;[PASS] Resistance Test: Tested;[PASS] Pullback: Detected;[FAIL] Double Top/Bottom: No pattern;[PASS] Range Filter: EMA diff=0.0159 [>0.005];[PASS] Combined Range Filter: diff=0.0159, ADX=43.44, mode=OR"
INJ-USDT,LONG,S3,کرونوس (Cronus),5.11100000,4.90656000,0.00000000,2026-09-06 07:13:55,OPEN,,,,,,10.00,,"[PASS] Candle Strength 15m: BS15=0.635 [>= 0.6];[PASS] Candle Strength 5m: BS5=0.714 [>= 0.6];[PASS] EMA Trend 1h: EMA21=4.95, EMA50=4.90;[FAIL] EMA Trend 4h: EMA21=4.91, EMA50=4.96, EMA200=4.89;[FAIL] RSI 30m: RSI=73.60;[PASS] MACD 30m: MACD_hist=0.0141;[FAIL] Smart Pullback: price=5.1110 EMA=4.9987 RSI=73.6 BS=0.635;[PASS] ADX: ADX=34.38 [>22], DI+=39.99, DI-=15.51;[FAIL] CCI Momentum: CCI=112.00;[PASS] SAR: SAR=5.0426, price=5.1110;[FAIL] Stochastic: K=82.58 D=82.58;[FAIL] EMA Rejection: No rejection;[FAIL] Resistance Test: No test;[PASS] Pullback: Detected;[FAIL] Double Top/Bottom: No pattern;[PASS] Range Filter: EMA diff=0.0121 [>0.005];[PASS] Combined Range Filter: diff=0.0121, ADX=34.38, mode=AND"
INJ-USDT,LONG,B1,هایپریون (Hyperion),5.11100000,4.90656000,0.00000000,2026-09-06 07:13:57,OPEN,,,,,,10.00,,"[PASS] Candle Strength 15m: BS15=0.635 [>= 0.6];[PASS] Candle Strength 5m: BS5=0.714 [>= 0.6];[PASS] EMA Trend 1h: EMA21=4.95, EMA50=4.90;[FAIL] EMA Trend 4h: EMA21=4.91, EMA50=4.96, EMA200=4.89;[FAIL] RSI 30m: RSI=73.60;[PASS] MACD 30m: MACD_hist=0.0141;[FAIL] Smart Pullback: price=5.1110 EMA=4.9987 RSI=73.6 BS=0.635;[PASS] ADX: ADX=34.38 [>22], DI+=39.99, DI-=15.51;[FAIL] CCI Momentum: CCI=112.00;[PASS] SAR: SAR=5.0426, price=5.1110;[FAIL] Stochastic: K=82.58 D=82.58;[FAIL] EMA Rejection: No rejection;[FAIL] Resistance Test: No test;[PASS] Pullback: Detected;[FAIL] Double Top/Bottom: No pattern;[PASS] Range Filter: EMA diff=0.0121 [>0.005];[PASS] Combined Range Filter: diff=0.0121, ADX=34.38, mode=OR"
SEI-USDT,LONG,S1,پرومتئوس (Prometheus),0.04879000,0.04683840,0.00000000,2026-09-06 07:13:58,OPEN,,,,,,10.00,,"[FAIL] Candle Strength 15m: BS15=0.975 [too high - likely end of move];[FAIL] Candle Strength 5m: BS5=0.875 [too high];[PASS] EMA Trend 1h: EMA21=0.05, EMA50=0.05;[PASS] EMA Trend 4h: EMA21=0.05, EMA50=0.05, EMA200=0.04;[PASS] RSI 30m: RSI=62.30;[FAIL] MACD 30m: MACD_hist=0.0001;[FAIL] Smart Pullback: price=0.0488 EMA=0.0482 RSI=62.3 BS=0.975;[PASS] ADX: ADX=27.93 [>22], DI+=26.67, DI-=13.87;[FAIL] CCI Momentum: CCI=101.40;[PASS] SAR: SAR=0.0483, price=0.0488;[FAIL] Stochastic: K=87.20 D=87.20;[FAIL] EMA Rejection: No rejection;[FAIL] Resistance Test: No test;[PASS] Pullback: Detected;[PASS] Double Top/Bottom: Pattern=double_top;[PASS] Range Filter: EMA diff=0.0053 [>0.005];[PASS] Combined Range Filter: diff=0.0053, ADX=27.93, mode=AND"
SEI-USDT,LONG,S3,کرونوس (Cronus),0.04879000,0.04683840,0.00000000,2026-09-06 07:14:00,OPEN,,,,,,10.00,,"[FAIL] Candle Strength 15m: BS15=0.975 [too high - likely end of move];[FAIL] Candle Strength 5m: BS5=0.875 [too high];[PASS] EMA Trend 1h: EMA21=0.05, EMA50=0.05;[PASS] EMA Trend 4h: EMA21=0.05, EMA50=0.05, EMA200=0.04;[PASS] RSI 30m: RSI=62.30;[FAIL] MACD 30m: MACD_hist=0.0001;[FAIL] Smart Pullback: price=0.0488 EMA=0.0482 RSI=62.3 BS=0.975;[PASS] ADX: ADX=27.93 [>22], DI+=26.67, DI-=13.87;[FAIL] CCI Momentum: CCI=101.40;[PASS] SAR: SAR=0.0483, price=0.0488;[FAIL] Stochastic: K=87.20 D=87.20;[FAIL] EMA Rejection: No rejection;[FAIL] Resistance Test: No test;[PASS] Pullback: Detected;[PASS] Double Top/Bottom: Pattern=double_top;[PASS] Range Filter: EMA diff=0.0053 [>0.005];[PASS] Combined Range Filter: diff=0.0053, ADX=27.93, mode=AND"
SEI-USDT,LONG,B1,هایپریون (Hyperion),0.04879000,0.04683840,0.00000000,2026-09-06 07:14:01,OPEN,,,,,,10.00,,"[FAIL] Candle Strength 15m: BS15=0.975 [too high - likely end of move];[FAIL] Candle Strength 5m: BS5=0.875 [too high];[PASS] EMA Trend 1h: EMA21=0.05, EMA50=0.05;[PASS] EMA Trend 4h: EMA21=0.05, EMA50=0.05, EMA200=0.04;[PASS] RSI 30m: RSI=62.30;[FAIL] MACD 30m: MACD_hist=0.0001;[FAIL] Smart Pullback: price=0.0488 EMA=0.0482 RSI=62.3 BS=0.975;[PASS] ADX: ADX=27.93 [>22], DI+=26.67, DI-=13.87;[FAIL] CCI Momentum: CCI=101.40;[PASS] SAR: SAR=0.0483, price=0.0488;[FAIL] Stochastic: K=87.20 D=87.20;[FAIL] EMA Rejection: No rejection;[FAIL] Resistance Test: No test;[PASS] Pullback: Detected;[PASS] Double Top/Bottom: Pattern=double_top;[PASS] Range Filter: EMA diff=0.0053 [>0.005];[PASS] Combined Range Filter: diff=0.0053, ADX=27.93, mode=OR"
TIA-USDT,LONG,S1,پرومتئوس (Prometheus),0.38160000,0.36633600,0.00000000,2026-09-06 07:14:03,OPEN,,,,,,10.00,,"[PASS] Candle Strength 15m: BS15=0.667 [>= 0.6];[FAIL] Candle Strength 5m: BS5=1.000 [too high];[PASS] EMA Trend 1h: EMA21=0.37, EMA50=0.37;[PASS] EMA Trend 4h: EMA21=0.36, EMA50=0.36, EMA200=0.34;[PASS] RSI 30m: RSI=61.49;[FAIL] MACD 30m: MACD_hist=-0.0005;[FAIL] Smart Pullback: price=0.3816 EMA=0.3787 RSI=61.5 BS=0.667;[PASS] ADX: ADX=43.02 [>22], DI+=31.80, DI-=16.87;[PASS] CCI Momentum: CCI=30.56;[PASS] SAR: SAR=0.3802, price=0.3816;[FAIL] Stochastic: K=61.84 D=61.84;[FAIL] EMA Rejection: No rejection;[FAIL] Resistance Test: No test;[PASS] Pullback: Detected;[PASS] Double Top/Bottom: Pattern=double_top;[PASS] Range Filter: EMA diff=0.0175 [>0.005];[PASS] Combined Range Filter: diff=0.0175, ADX=43.02, mode=AND"
TIA-USDT,LONG,S3,کرونوس (Cronus),0.38160000,0.36633600,0.00000000,2026-09-06 07:14:05,OPEN,,,,,,10.00,,"[PASS] Candle Strength 15m: BS15=0.667 [>= 0.6];[FAIL] Candle Strength 5m: BS5=1.000 [too high];[PASS] EMA Trend 1h: EMA21=0.37, EMA50=0.37;[PASS] EMA Trend 4h: EMA21=0.36, EMA50=0.36, EMA200=0.34;[PASS] RSI 30m: RSI=61.49;[FAIL] MACD 30m: MACD_hist=-0.0005;[FAIL] Smart Pullback: price=0.3816 EMA=0.3787 RSI=61.5 BS=0.667;[PASS] ADX: ADX=43.02 [>22], DI+=31.80, DI-=16.87;[PASS] CCI Momentum: CCI=30.56;[PASS] SAR: SAR=0.3802, price=0.3816;[FAIL] Stochastic: K=61.84 D=61.84;[FAIL] EMA Rejection: No rejection;[FAIL] Resistance Test: No test;[PASS] Pullback: Detected;[PASS] Double Top/Bottom: Pattern=double_top;[PASS] Range Filter: EMA diff=0.0175 [>0.005];[PASS] Combined Range Filter: diff=0.0175, ADX=43.02, mode=AND"
TIA-USDT,LONG,B1,هایپریون (Hyperion),0.38160000,0.36633600,0.00000000,2026-09-06 07:14:06,OPEN,,,,,,10.00,,"[PASS] Candle Strength 15m: BS15=0.667 [>= 0.6];[FAIL] Candle Strength 5m: BS5=1.000 [too high];[PASS] EMA Trend 1h: EMA21=0.37, EMA50=0.37;[PASS] EMA Trend 4h: EMA21=0.36, EMA50=0.36, EMA200=0.34;[PASS] RSI 30m: RSI=61.49;[FAIL] MACD 30m: MACD_hist=-0.0005;[FAIL] Smart Pullback: price=0.3816 EMA=0.3787 RSI=61.5 BS=0.667;[PASS] ADX: ADX=43.02 [>22], DI+=31.80, DI-=16.87;[PASS] CCI Momentum: CCI=30.56;[PASS] SAR: SAR=0.3802, price=0.3816;[FAIL] Stochastic: K=61.84 D=61.84;[FAIL] EMA Rejection: No rejection;[FAIL] Resistance Test: No test;[PASS] Pullback: Detected;[PASS] Double Top/Bottom: Pattern=double_top;[PASS] Range Filter: EMA diff=0.0175 [>0.005];[PASS] Combined Range Filter: diff=0.0175, ADX=43.02, mode=OR"
POL-USDT,LONG,S3,کرونوس (Cronus),0.09940000,0.09542400,0.00000000,2026-09-06 07:14:08,OPEN,,,,,,10.00,,"[FAIL] Candle Strength 15m: BS15=0.857 [too high - likely end of move];[PASS] Candle Strength 5m: BS5=0.667 [>= 0.6];[PASS] EMA Trend 1h: EMA21=0.10, EMA50=0.10;[FAIL] EMA Trend 4h: EMA21=0.10, EMA50=0.10, EMA200=0.09;[FAIL] RSI 30m: RSI=77.18;[FAIL] MACD 30m: MACD_hist=0.0001;[FAIL] Smart Pullback: price=0.0994 EMA=0.0975 RSI=77.2 BS=0.857;[PASS] ADX: ADX=39.55 [>22], DI+=23.85, DI-=10.35;[FAIL] CCI Momentum: CCI=103.05;[PASS] SAR: SAR=0.0980, price=0.0994;[FAIL] Stochastic: K=97.44 D=97.44;[FAIL] EMA Rejection: No rejection;[FAIL] Resistance Test: No test;[PASS] Pullback: Detected;[PASS] Double Top/Bottom: Pattern=double_top;[PASS] Range Filter: EMA diff=0.0135 [>0.005];[PASS] Combined Range Filter: diff=0.0135, ADX=39.55, mode=AND"
POL-USDT,LONG,B1,هایپریون (Hyperion),0.09940000,0.09542400,0.00000000,2026-09-06 07:14:09,OPEN,,,,,,10.00,,"[FAIL] Candle Strength 15m: BS15=0.857 [too high - likely end of move];[PASS] Candle Strength 5m: BS5=0.667 [>= 0.6];[PASS] EMA Trend 1h: EMA21=0.10, EMA50=0.10;[FAIL] EMA Trend 4h: EMA21=0.10, EMA50=0.10, EMA200=0.09;[FAIL] RSI 30m: RSI=77.18;[FAIL] MACD 30m: MACD_hist=0.0001;[FAIL] Smart Pullback: price=0.0994 EMA=0.0975 RSI=77.2 BS=0.857;[PASS] ADX: ADX=39.55 [>22], DI+=23.85, DI-=10.35;[FAIL] CCI Momentum: CCI=103.05;[PASS] SAR: SAR=0.0980, price=0.0994;[FAIL] Stochastic: K=97.44 D=97.44;[FAIL] EMA Rejection: No rejection;[FAIL] Resistance Test: No test;[PASS] Pullback: Detected;[PASS] Double Top/Bottom: Pattern=double_top;[PASS] Range Filter: EMA diff=0.0135 [>0.005];[PASS] Combined Range Filter: diff=0.0135, ADX=39.55, mode=OR"
OP-USDT,LONG,S1,پرومتئوس (Prometheus),0.11020000,0.10579200,0.00000000,2026-09-06 07:14:28,OPEN,,,,,,10.00,,"[FAIL] Candle Strength 15m: BS15=0.923 [too high - likely end of move];[FAIL] Candle Strength 5m: BS5=0.800 [too high];[PASS] EMA Trend 1h: EMA21=0.11, EMA50=0.10;[PASS] EMA Trend 4h: EMA21=0.10, EMA50=0.10, EMA200=0.09;[PASS] RSI 30m: RSI=60.51;[FAIL] MACD 30m: MACD_hist=-0.0002;[FAIL] Smart Pullback: price=0.1102 EMA=0.1081 RSI=60.5 BS=0.923;[PASS] ADX: ADX=47.40 [>22], DI+=32.34, DI-=17.00;[PASS] CCI Momentum: CCI=36.79;[PASS] SAR: SAR=0.1085, price=0.1102;[FAIL] Stochastic: K=62.86 D=62.86;[FAIL] EMA Rejection: No rejection;[FAIL] Resistance Test: No test;[PASS] Pullback: Detected;[PASS] Double Top/Bottom: Pattern=double_top;[PASS] Range Filter: EMA diff=0.0295 [>0.005];[PASS] Combined Range Filter: diff=0.0295, ADX=47.40, mode=AND"
OP-USDT,LONG,S3,کرونوس (Cronus),0.11020000,0.10579200,0.00000000,2026-09-06 07:14:38,OPEN,,,,,,10.00,,"[FAIL] Candle Strength 15m: BS15=0.923 [too high - likely end of move];[FAIL] Candle Strength 5m: BS5=0.800 [too high];[PASS] EMA Trend 1h: EMA21=0.11, EMA50=0.10;[PASS] EMA Trend 4h: EMA21=0.10, EMA50=0.10, EMA200=0.09;[PASS] RSI 30m: RSI=60.51;[FAIL] MACD 30m: MACD_hist=-0.0002;[FAIL] Smart Pullback: price=0.1102 EMA=0.1081 RSI=60.5 BS=0.923;[PASS] ADX: ADX=47.40 [>22], DI+=32.34, DI-=17.00;[PASS] CCI Momentum: CCI=36.79;[PASS] SAR: SAR=0.1085, price=0.1102;[FAIL] Stochastic: K=62.86 D=62.86;[FAIL] EMA Rejection: No rejection;[FAIL] Resistance Test: No test;[PASS] Pullback: Detected;[PASS] Double Top/Bottom: Pattern=double_top;[PASS] Range Filter: EMA diff=0.0295 [>0.005];[PASS] Combined Range Filter: diff=0.0295, ADX=47.40, mode=AND"
OP-USDT,LONG,B1,هایپریون (Hyperion),0.11020000,0.10579200,0.00000000,2026-09-06 07:14:39,OPEN,,,,,,10.00,,"[FAIL] Candle Strength 15m: BS15=0.923 [too high - likely end of move];[FAIL] Candle Strength 5m: BS5=0.800 [too high];[PASS] EMA Trend 1h: EMA21=0.11, EMA50=0.10;[PASS] EMA Trend 4h: EMA21=0.10, EMA50=0.10, EMA200=0.09;[PASS] RSI 30m: RSI=60.51;[FAIL] MACD 30m: MACD_hist=-0.0002;[FAIL] Smart Pullback: price=0.1102 EMA=0.1081 RSI=60.5 BS=0.923;[PASS] ADX: ADX=47.40 [>22], DI+=32.34, DI-=17.00;[PASS] CCI Momentum: CCI=36.79;[PASS] SAR: SAR=0.1085, price=0.1102;[FAIL] Stochastic: K=62.86 D=62.86;[FAIL] EMA Rejection: No rejection;[FAIL] Resistance Test: No test;[PASS] Pullback: Detected;[PASS] Double Top/Bottom: Pattern=double_top;[PASS] Range Filter: EMA diff=0.0295 [>0.005];[PASS] Combined Range Filter: diff=0.0295, ADX=47.40, mode=OR"
PEPE-USDT,LONG,S3,کرونوس (Cronus),0.00000369,0.00000354,0.00000000,2026-09-06 07:14:41,OPEN,,,,,,10.00,,"[FAIL] Candle Strength 15m: BS15=0.030 [>= 0.6];[FAIL] Candle Strength 5m: BS5=0.002 [>= 0.6];[PASS] EMA Trend 1h: EMA21=0.00, EMA50=0.00;[FAIL] EMA Trend 4h: EMA21=0.00, EMA50=0.00, EMA200=0.00;[FAIL] RSI 30m: RSI=68.53;[FAIL] MACD 30m: MACD_hist=0.0000;[FAIL] Smart Pullback: price=0.0000 EMA=0.0000 RSI=68.5 BS=0.909;[PASS] ADX: ADX=35.32 [>22], DI+=30.14, DI-=9.22;[FAIL] CCI Momentum: CCI=203.65;[PASS] SAR: SAR=0.0000, price=0.0000;[FAIL] Stochastic: K=96.59 D=96.59;[FAIL] EMA Rejection: No rejection;[FAIL] Resistance Test: No test;[PASS] Pullback: Detected;[FAIL] Double Top/Bottom: No pattern;[PASS] Range Filter: EMA diff=0.0081 [>0.005];[PASS] Combined Range Filter: diff=0.0081, ADX=35.32, mode=AND"
PEPE-USDT,LONG,B1,هایپریون (Hyperion),0.00000369,0.00000354,0.00000000,2026-09-06 07:14:42,OPEN,,,,,,10.00,,"[FAIL] Candle Strength 15m: BS15=0.030 [>= 0.6];[FAIL] Candle Strength 5m: BS5=0.002 [>= 0.6];[PASS] EMA Trend 1h: EMA21=0.00, EMA50=0.00;[FAIL] EMA Trend 4h: EMA21=0.00, EMA50=0.00, EMA200=0.00;[FAIL] RSI 30m: RSI=68.53;[FAIL] MACD 30m: MACD_hist=0.0000;[FAIL] Smart Pullback: price=0.0000 EMA=0.0000 RSI=68.5 BS=0.909;[PASS] ADX: ADX=35.32 [>22], DI+=30.14, DI-=9.22;[FAIL] CCI Momentum: CCI=203.65;[PASS] SAR: SAR=0.0000, price=0.0000;[FAIL] Stochastic: K=96.59 D=96.59;[FAIL] EMA Rejection: No rejection;[FAIL] Resistance Test: No test;[PASS] Pullback: Detected;[FAIL] Double Top/Bottom: No pattern;[PASS] Range Filter: EMA diff=0.0081 [>0.005];[PASS] Combined Range Filter: diff=0.0081, ADX=35.32, mode=OR"
SHIB-USDT,LONG,S3,کرونوس (Cronus),0.00000553,0.00000531,0.00000000,2026-09-06 07:14:44,OPEN,,,,,,10.00,,"[FAIL] Candle Strength 15m: BS15=0.030 [>= 0.6];[FAIL] Candle Strength 5m: BS5=0.009 [>= 0.6];[PASS] EMA Trend 1h: EMA21=0.00, EMA50=0.00;[PASS] EMA Trend 4h: EMA21=0.00, EMA50=0.00, EMA200=0.00;[FAIL] RSI 30m: RSI=65.04;[FAIL] MACD 30m: MACD_hist=-0.0000;[FAIL] Smart Pullback: price=0.0000 EMA=0.0000 RSI=65.0 BS=0.909;[PASS] ADX: ADX=31.77 [>22], DI+=30.87, DI-=15.78;[FAIL] CCI Momentum: CCI=164.31;[PASS] SAR: SAR=0.0000, price=0.0000;[FAIL] Stochastic: K=97.14 D=97.14;[PASS] EMA Rejection: Rejected;[FAIL] Resistance Test: No test;[PASS] Pullback: Detected;[PASS] Double Top/Bottom: Pattern=double_top;[PASS] Range Filter: EMA diff=0.0081 [>0.005];[PASS] Combined Range Filter: diff=0.0081, ADX=31.77, mode=AND"
SHIB-USDT,LONG,B1,هایپریون (Hyperion),0.00000553,0.00000531,0.00000000,2026-09-06 07:14:45,OPEN,,,,,,10.00,,"[FAIL] Candle Strength 15m: BS15=0.030 [>= 0.6];[FAIL] Candle Strength 5m: BS5=0.009 [>= 0.6];[PASS] EMA Trend 1h: EMA21=0.00, EMA50=0.00;[PASS] EMA Trend 4h: EMA21=0.00, EMA50=0.00, EMA200=0.00;[FAIL] RSI 30m: RSI=65.04;[FAIL] MACD 30m: MACD_hist=-0.0000;[FAIL] Smart Pullback: price=0.0000 EMA=0.0000 RSI=65.0 BS=0.909;[PASS] ADX: ADX=31.77 [>22], DI+=30.87, DI-=15.78;[FAIL] CCI Momentum: CCI=164.31;[PASS] SAR: SAR=0.0000, price=0.0000;[FAIL] Stochastic: K=97.14 D=97.14;[PASS] EMA Rejection: Rejected;[FAIL] Resistance Test: No test;[PASS] Pullback: Detected;[PASS] Double Top/Bottom: Pattern=double_top;[PASS] Range Filter: EMA diff=0.0081 [>0.005];[PASS] Combined Range Filter: diff=0.0081, ADX=31.77, mode=OR"
XRP-USDT,LONG,S3,کرونوس (Cronus),1.42266000,1.36575360,0.00000000,2026-09-06 07:47:32,OPEN,,,,,,10.00,,"[FAIL] Candle Strength 15m: BS15=0.448 [>= 0.6];[FAIL] Candle Strength 5m: BS5=0.448 [>= 0.6];[PASS] EMA Trend 1h: EMA21=1.42, EMA50=1.41;[PASS] EMA Trend 4h: EMA21=1.41, EMA50=1.40, EMA200=1.26;[PASS] RSI 30m: RSI=61.17;[FAIL] MACD 30m: MACD_hist=0.0005;[FAIL] Smart Pullback: price=1.4227 EMA=1.4172 RSI=61.2 BS=0.448;[FAIL] ADX: ADX=18.10 [>22], DI+=29.52, DI-=15.32;[FAIL] CCI Momentum: CCI=141.46;[PASS] SAR: SAR=1.4195, price=1.4227;[FAIL] Stochastic: K=67.91 D=67.91;[PASS] EMA Rejection: Rejected;[PASS] Resistance Test: Tested;[PASS] Pullback: Detected;[PASS] Double Top/Bottom: Pattern=double_top;[FAIL] Range Filter: EMA diff=0.0021 [>0.005];[FAIL] Combined Range Filter: diff=0.0021, ADX=18.10, mode=AND"
XRP-USDT,LONG,B1,هایپریون (Hyperion),1.42266000,1.36575360,0.00000000,2026-09-06 07:47:34,OPEN,,,,,,10.00,,"[FAIL] Candle Strength 15m: BS15=0.448 [>= 0.6];[FAIL] Candle Strength 5m: BS5=0.448 [>= 0.6];[PASS] EMA Trend 1h: EMA21=1.42, EMA50=1.41;[PASS] EMA Trend 4h: EMA21=1.41, EMA50=1.40, EMA200=1.26;[PASS] RSI 30m: RSI=61.17;[FAIL] MACD 30m: MACD_hist=0.0005;[FAIL] Smart Pullback: price=1.4227 EMA=1.4172 RSI=61.2 BS=0.448;[FAIL] ADX: ADX=18.10 [>22], DI+=29.52, DI-=15.32;[FAIL] CCI Momentum: CCI=141.46;[PASS] SAR: SAR=1.4195, price=1.4227;[FAIL] Stochastic: K=67.91 D=67.91;[PASS] EMA Rejection: Rejected;[PASS] Resistance Test: Tested;[PASS] Pullback: Detected;[PASS] Double Top/Bottom: Pattern=double_top;[FAIL] Range Filter: EMA diff=0.0021 [>0.005];[FAIL] Combined Range Filter: diff=0.0021, ADX=18.10, mode=OR"
DOGE-USDT,LONG,S1,پرومتئوس (Prometheus),0.09099000,0.08735040,0.00000000,2026-09-06 07:47:35,OPEN,,,,,,10.00,,"[FAIL] Candle Strength 15m: BS15=0.417 [>= 0.6];[FAIL] Candle Strength 5m: BS5=0.417 [>= 0.6];[PASS] EMA Trend 1h: EMA21=0.09, EMA50=0.09;[PASS] EMA Trend 4h: EMA21=0.09, EMA50=0.09, EMA200=0.08;[PASS] RSI 30m: RSI=60.26;[FAIL] MACD 30m: MACD_hist=-0.0001;[FAIL] Smart Pullback: price=0.0910 EMA=0.0903 RSI=60.3 BS=0.417;[PASS] ADX: ADX=43.04 [>22], DI+=33.60, DI-=13.22;[PASS] CCI Momentum: CCI=61.32;[PASS] SAR: SAR=0.0909, price=0.0910;[FAIL] Stochastic: K=69.58 D=69.58;[FAIL] EMA Rejection: No rejection;[FAIL] Resistance Test: No test;[PASS] Pullback: Detected;[PASS] Double Top/Bottom: Pattern=double_top;[PASS] Range Filter: EMA diff=0.0152 [>0.005];[PASS] Combined Range Filter: diff=0.0152, ADX=43.04, mode=AND"
DOT-USDT,LONG,S1,پرومتئوس (Prometheus),0.92810000,0.89097600,0.00000000,2026-09-06 07:47:38,OPEN,,,,,,10.00,,"[FAIL] Candle Strength 15m: BS15=0.038 [>= 0.6];[FAIL] Candle Strength 5m: BS5=0.038 [>= 0.6];[PASS] EMA Trend 1h: EMA21=0.92, EMA50=0.90;[PASS] EMA Trend 4h: EMA21=0.90, EMA50=0.88, EMA200=0.84;[PASS] RSI 30m: RSI=59.83;[FAIL] MACD 30m: MACD_hist=0.0003;[FAIL] Smart Pullback: price=0.9281 EMA=0.9214 RSI=59.8 BS=0.038;[PASS] ADX: ADX=42.55 [>22], DI+=27.82, DI-=11.93;[FAIL] CCI Momentum: CCI=100.15;[PASS] SAR: SAR=0.9218, price=0.9281;[FAIL] Stochastic: K=67.66 D=67.66;[FAIL] EMA Rejection: No rejection;[FAIL] Resistance Test: No test;[PASS] Pullback: Detected;[PASS] Double Top/Bottom: Pattern=double_bottom;[PASS] Range Filter: EMA diff=0.0103 [>0.005];[PASS] Combined Range Filter: diff=0.0103, ADX=42.55, mode=AND"
DOT-USDT,LONG,S3,کرونوس (Cronus),0.92810000,0.89097600,0.00000000,2026-09-06 07:47:39,OPEN,,,,,,10.00,,"[FAIL] Candle Strength 15m: BS15=0.038 [>= 0.6];[FAIL] Candle Strength 5m: BS5=0.038 [>= 0.6];[PASS] EMA Trend 1h: EMA21=0.92, EMA50=0.90;[PASS] EMA Trend 4h: EMA21=0.90, EMA50=0.88, EMA200=0.84;[PASS] RSI 30m: RSI=59.83;[FAIL] MACD 30m: MACD_hist=0.0003;[FAIL] Smart Pullback: price=0.9281 EMA=0.9214 RSI=59.8 BS=0.038;[PASS] ADX: ADX=42.55 [>22], DI+=27.82, DI-=11.93;[FAIL] CCI Momentum: CCI=100.15;[PASS] SAR: SAR=0.9218, price=0.9281;[FAIL] Stochastic: K=67.66 D=67.66;[FAIL] EMA Rejection: No rejection;[FAIL] Resistance Test: No test;[PASS] Pullback: Detected;[PASS] Double Top/Bottom: Pattern=double_bottom;[PASS] Range Filter: EMA diff=0.0103 [>0.005];[PASS] Combined Range Filter: diff=0.0103, ADX=42.55, mode=AND"
DOT-USDT,LONG,B1,هایپریون (Hyperion),0.92810000,0.89097600,0.00000000,2026-09-06 07:47:41,OPEN,,,,,,10.00,,"[FAIL] Candle Strength 15m: BS15=0.038 [>= 0.6];[FAIL] Candle Strength 5m: BS5=0.038 [>= 0.6];[PASS] EMA Trend 1h: EMA21=0.92, EMA50=0.90;[PASS] EMA Trend 4h: EMA21=0.90, EMA50=0.88, EMA200=0.84;[PASS] RSI 30m: RSI=59.83;[FAIL] MACD 30m: MACD_hist=0.0003;[FAIL] Smart Pullback: price=0.9281 EMA=0.9214 RSI=59.8 BS=0.038;[PASS] ADX: ADX=42.55 [>22], DI+=27.82, DI-=11.93;[FAIL] CCI Momentum: CCI=100.15;[PASS] SAR: SAR=0.9218, price=0.9281;[FAIL] Stochastic: K=67.66 D=67.66;[FAIL] EMA Rejection: No rejection;[FAIL] Resistance Test: No test;[PASS] Pullback: Detected;[PASS] Double Top/Bottom: Pattern=double_bottom;[PASS] Range Filter: EMA diff=0.0103 [>0.005];[PASS] Combined Range Filter: diff=0.0103, ADX=42.55, mode=OR"
ADA-USDT,LONG,S1,پرومتئوس (Prometheus),0.22140000,0.21254400,0.00000000,2026-09-06 07:47:42,OPEN,,,,,,10.00,,"[FAIL] Candle Strength 15m: BS15=0.286 [>= 0.6];[FAIL] Candle Strength 5m: BS5=0.286 [>= 0.6];[PASS] EMA Trend 1h: EMA21=0.22, EMA50=0.22;[PASS] EMA Trend 4h: EMA21=0.21, EMA50=0.21, EMA200=0.20;[PASS] RSI 30m: RSI=58.66;[FAIL] MACD 30m: MACD_hist=-0.0000;[FAIL] Smart Pullback: price=0.2214 EMA=0.2201 RSI=58.7 BS=0.286;[PASS] ADX: ADX=36.01 [>22], DI+=27.39, DI-=10.40;[FAIL] CCI Momentum: CCI=116.00;[PASS] SAR: SAR=0.2211, price=0.2214;[FAIL] Stochastic: K=58.18 D=58.18;[FAIL] EMA Rejection: No rejection;[FAIL] Resistance Test: No test;[PASS] Pullback: Detected;[PASS] Double Top/Bottom: Pattern=double_top;[PASS] Range Filter: EMA diff=0.0090 [>0.005];[PASS] Combined Range Filter: diff=0.0090, ADX=36.01, mode=AND"
AVAX-USDT,LONG,S1,پرومتئوس (Prometheus),7.67400000,7.36704000,0.00000000,2026-09-06 07:47:45,OPEN,,,,,,10.00,,"[FAIL] Candle Strength 15m: BS15=0.000 [>= 0.6];[FAIL] Candle Strength 5m: BS5=0.000 [>= 0.6];[PASS] EMA Trend 1h: EMA21=7.59, EMA50=7.51;[PASS] EMA Trend 4h: EMA21=7.48, EMA50=7.39, EMA200=7.00;[PASS] RSI 30m: RSI=62.36;[PASS] MACD 30m: MACD_hist=0.0031;[FAIL] Smart Pullback: price=7.6740 EMA=7.6336 RSI=62.4 BS=0.000;[PASS] ADX: ADX=46.13 [>22], DI+=30.87, DI-=13.30;[PASS] CCI Momentum: CCI=97.14;[FAIL] SAR: SAR=7.6885, price=7.6740;[FAIL] Stochastic: K=59.76 D=59.76;[FAIL] EMA Rejection: No rejection;[FAIL] Resistance Test: No test;[PASS] Pullback: Detected;[PASS] Double Top/Bottom: Pattern=double_top;[PASS] Range Filter: EMA diff=0.0082 [>0.005];[PASS] Combined Range Filter: diff=0.0082, ADX=46.13, mode=AND"
ATOM-USDT,LONG,S1,پرومتئوس (Prometheus),1.57340000,1.51046400,0.00000000,2026-09-06 07:48:03,OPEN,,,,,,10.00,,"[FAIL] Candle Strength 15m: BS15=0.000 [>= 0.6];[FAIL] Candle Strength 5m: BS5=0.000 [>= 0.6];[PASS] EMA Trend 1h: EMA21=1.56, EMA50=1.54;[PASS] EMA Trend 4h: EMA21=1.53, EMA50=1.51, EMA200=1.45;[PASS] RSI 30m: RSI=55.29;[FAIL] MACD 30m: MACD_hist=0.0013;[FAIL] Smart Pullback: price=1.5734 EMA=1.5677 RSI=55.3 BS=0.000;[PASS] ADX: ADX=35.38 [>22], DI+=25.23, DI-=16.15;[PASS] CCI Momentum: CCI=86.49;[FAIL] SAR: SAR=1.5835, price=1.5734;[FAIL] Stochastic: K=50.39 D=50.39;[FAIL] EMA Rejection: No rejection;[FAIL] Resistance Test: No test;[PASS] Pullback: Detected;[FAIL] Double Top/Bottom: No pattern;[PASS] Range Filter: EMA diff=0.0095 [>0.005];[PASS] Combined Range Filter: diff=0.0095, ADX=35.38, mode=AND"
FIL-USDT,LONG,S1,پرومتئوس (Prometheus),0.81070000,0.77827200,0.00000000,2026-09-06 07:48:15,OPEN,,,,,,10.00,,"[FAIL] Candle Strength 15m: BS15=0.306 [>= 0.6];[FAIL] Candle Strength 5m: BS5=0.306 [>= 0.6];[PASS] EMA Trend 1h: EMA21=0.79, EMA50=0.78;[PASS] EMA Trend 4h: EMA21=0.78, EMA50=0.76, EMA200=0.72;[PASS] RSI 30m: RSI=59.79;[FAIL] MACD 30m: MACD_hist=0.0016;[FAIL] Smart Pullback: price=0.8107 EMA=0.8017 RSI=59.8 BS=0.306;[PASS] ADX: ADX=42.31 [>22], DI+=35.43, DI-=20.13;[PASS] CCI Momentum: CCI=65.30;[FAIL] SAR: SAR=0.8116, price=0.8107;[FAIL] Stochastic: K=46.43 D=46.43;[FAIL] EMA Rejection: No rejection;[FAIL] Resistance Test: No test;[PASS] Pullback: Detected;[FAIL] Double Top/Bottom: No pattern;[PASS] Range Filter: EMA diff=0.0161 [>0.005];[PASS] Combined Range Filter: diff=0.0161, ADX=42.31, mode=AND"
INJ-USDT,LONG,S3,کرونوس (Cronus),5.09900000,4.89504000,0.00000000,2026-09-06 07:48:18,OPEN,,,,,,10.00,,"[FAIL] Candle Strength 15m: BS15=0.000 [>= 0.6];[FAIL] Candle Strength 5m: BS5=0.000 [>= 0.6];[PASS] EMA Trend 1h: EMA21=4.97, EMA50=4.91;[FAIL] EMA Trend 4h: EMA21=4.93, EMA50=4.97, EMA200=4.89;[FAIL] RSI 30m: RSI=70.53;[PASS] MACD 30m: MACD_hist=0.0122;[FAIL] Smart Pullback: price=5.0990 EMA=5.0078 RSI=70.5 BS=0.000;[PASS] ADX: ADX=35.20 [>22], DI+=39.38, DI-=14.66;[FAIL] CCI Momentum: CCI=108.22;[PASS] SAR: SAR=5.0584, price=5.0990;[FAIL] Stochastic: K=78.03 D=78.03;[FAIL] EMA Rejection: No rejection;[FAIL] Resistance Test: No test;[PASS] Pullback: Detected;[FAIL] Double Top/Bottom: No pattern;[PASS] Range Filter: EMA diff=0.0127 [>0.005];[PASS] Combined Range Filter: diff=0.0127, ADX=35.20, mode=AND"
INJ-USDT,LONG,B1,هایپریون (Hyperion),5.09900000,4.89504000,0.00000000,2026-09-06 07:48:19,OPEN,,,,,,10.00,,"[FAIL] Candle Strength 15m: BS15=0.000 [>= 0.6];[FAIL] Candle Strength 5m: BS5=0.000 [>= 0.6];[PASS] EMA Trend 1h: EMA21=4.97, EMA50=4.91;[FAIL] EMA Trend 4h: EMA21=4.93, EMA50=4.97, EMA200=4.89;[FAIL] RSI 30m: RSI=70.53;[PASS] MACD 30m: MACD_hist=0.0122;[FAIL] Smart Pullback: price=5.0990 EMA=5.0078 RSI=70.5 BS=0.000;[PASS] ADX: ADX=35.20 [>22], DI+=39.38, DI-=14.66;[FAIL] CCI Momentum: CCI=108.22;[PASS] SAR: SAR=5.0584, price=5.0990;[FAIL] Stochastic: K=78.03 D=78.03;[FAIL] EMA Rejection: No rejection;[FAIL] Resistance Test: No test;[PASS] Pullback: Detected;[FAIL] Double Top/Bottom: No pattern;[PASS] Range Filter: EMA diff=0.0127 [>0.005];[PASS] Combined Range Filter: diff=0.0127, ADX=35.20, mode=OR"
TIA-USDT,LONG,S1,پرومتئوس (Prometheus),0.38160000,0.36633600,0.00000000,2026-09-06 07:48:20,OPEN,,,,,,10.00,,"[PASS] Candle Strength 15m: BS15=0.750 [>= 0.6];[FAIL] Candle Strength 5m: BS5=1.000 [too high];[PASS] EMA Trend 1h: EMA21=0.37, EMA50=0.37;[PASS] EMA Trend 4h: EMA21=0.36, EMA50=0.36, EMA200=0.34;[PASS] RSI 30m: RSI=60.54;[FAIL] MACD 30m: MACD_hist=-0.0006;[FAIL] Smart Pullback: price=0.3816 EMA=0.3790 RSI=60.5 BS=0.750;[PASS] ADX: ADX=42.49 [>22], DI+=33.10, DI-=15.71;[PASS] CCI Momentum: CCI=40.84;[PASS] SAR: SAR=0.3811, price=0.3816;[FAIL] Stochastic: K=48.21 D=48.21;[FAIL] EMA Rejection: No rejection;[FAIL] Resistance Test: No test;[PASS] Pullback: Detected;[PASS] Double Top/Bottom: Pattern=double_top;[PASS] Range Filter: EMA diff=0.0173 [>0.005];[PASS] Combined Range Filter: diff=0.0173, ADX=42.49, mode=AND"
TIA-USDT,LONG,S3,کرونوس (Cronus),0.38160000,0.36633600,0.00000000,2026-09-06 07:48:22,OPEN,,,,,,10.00,,"[PASS] Candle Strength 15m: BS15=0.750 [>= 0.6];[FAIL] Candle Strength 5m: BS5=1.000 [too high];[PASS] EMA Trend 1h: EMA21=0.37, EMA50=0.37;[PASS] EMA Trend 4h: EMA21=0.36, EMA50=0.36, EMA200=0.34;[PASS] RSI 30m: RSI=60.54;[FAIL] MACD 30m: MACD_hist=-0.0006;[FAIL] Smart Pullback: price=0.3816 EMA=0.3790 RSI=60.5 BS=0.750;[PASS] ADX: ADX=42.49 [>22], DI+=33.10, DI-=15.71;[PASS] CCI Momentum: CCI=40.84;[PASS] SAR: SAR=0.3811, price=0.3816;[FAIL] Stochastic: K=48.21 D=48.21;[FAIL] EMA Rejection: No rejection;[FAIL] Resistance Test: No test;[PASS] Pullback: Detected;[PASS] Double Top/Bottom: Pattern=double_top;[PASS] Range Filter: EMA diff=0.0173 [>0.005];[PASS] Combined Range Filter: diff=0.0173, ADX=42.49, mode=AND"
TIA-USDT,LONG,B1,هایپریون (Hyperion),0.38160000,0.36633600,0.00000000,2026-09-06 07:48:23,OPEN,,,,,,10.00,,"[PASS] Candle Strength 15m: BS15=0.750 [>= 0.6];[FAIL] Candle Strength 5m: BS5=1.000 [too high];[PASS] EMA Trend 1h: EMA21=0.37, EMA50=0.37;[PASS] EMA Trend 4h: EMA21=0.36, EMA50=0.36, EMA200=0.34;[PASS] RSI 30m: RSI=60.54;[FAIL] MACD 30m: MACD_hist=-0.0006;[FAIL] Smart Pullback: price=0.3816 EMA=0.3790 RSI=60.5 BS=0.750;[PASS] ADX: ADX=42.49 [>22], DI+=33.10, DI-=15.71;[PASS] CCI Momentum: CCI=40.84;[PASS] SAR: SAR=0.3811, price=0.3816;[FAIL] Stochastic: K=48.21 D=48.21;[FAIL] EMA Rejection: No rejection;[FAIL] Resistance Test: No test;[PASS] Pullback: Detected;[PASS] Double Top/Bottom: Pattern=double_top;[PASS] Range Filter: EMA diff=0.0173 [>0.005];[PASS] Combined Range Filter: diff=0.0173, ADX=42.49, mode=OR"
POL-USDT,LONG,S3,کرونوس (Cronus),0.09930000,0.09532800,0.00000000,2026-09-06 07:48:25,OPEN,,,,,,10.00,,"[FAIL] Candle Strength 15m: BS15=0.400 [>= 0.6];[FAIL] Candle Strength 5m: BS5=0.400 [>= 0.6];[PASS] EMA Trend 1h: EMA21=0.10, EMA50=0.10;[FAIL] EMA Trend 4h: EMA21=0.10, EMA50=0.10, EMA200=0.09;[FAIL] RSI 30m: RSI=69.54;[FAIL] MACD 30m: MACD_hist=0.0001;[FAIL] Smart Pullback: price=0.0993 EMA=0.0977 RSI=69.5 BS=0.400;[PASS] ADX: ADX=40.71 [>22], DI+=25.53, DI-=8.84;[FAIL] CCI Momentum: CCI=102.86;[PASS] SAR: SAR=0.0988, price=0.0993;[FAIL] Stochastic: K=79.55 D=79.55;[FAIL] EMA Rejection: No rejection;[FAIL] Resistance Test: No test;[PASS] Pullback: Detected;[PASS] Double Top/Bottom: Pattern=double_top;[PASS] Range Filter: EMA diff=0.0142 [>0.005];[PASS] Combined Range Filter: diff=0.0142, ADX=40.71, mode=AND"
POL-USDT,LONG,B1,هایپریون (Hyperion),0.09930000,0.09532800,0.00000000,2026-09-06 07:48:26,OPEN,,,,,,10.00,,"[FAIL] Candle Strength 15m: BS15=0.400 [>= 0.6];[FAIL] Candle Strength 5m: BS5=0.400 [>= 0.6];[PASS] EMA Trend 1h: EMA21=0.10, EMA50=0.10;[FAIL] EMA Trend 4h: EMA21=0.10, EMA50=0.10, EMA200=0.09;[FAIL] RSI 30m: RSI=69.54;[FAIL] MACD 30m: MACD_hist=0.0001;[FAIL] Smart Pullback: price=0.0993 EMA=0.0977 RSI=69.5 BS=0.400;[PASS] ADX: ADX=40.71 [>22], DI+=25.53, DI-=8.84;[FAIL] CCI Momentum: CCI=102.86;[PASS] SAR: SAR=0.0988, price=0.0993;[FAIL] Stochastic: K=79.55 D=79.55;[FAIL] EMA Rejection: No rejection;[FAIL] Resistance Test: No test;[PASS] Pullback: Detected;[PASS] Double Top/Bottom: Pattern=double_top;[PASS] Range Filter: EMA diff=0.0142 [>0.005];[PASS] Combined Range Filter: diff=0.0142, ADX=40.71, mode=OR"
OP-USDT,LONG,S1,پرومتئوس (Prometheus),0.10870000,0.10435200,0.00000000,2026-09-06 07:48:29,OPEN,,,,,,10.00,,"[FAIL] Candle Strength 15m: BS15=1.000 [too high - likely end of move];[FAIL] Candle Strength 5m: BS5=1.000 [too high];[PASS] EMA Trend 1h: EMA21=0.11, EMA50=0.10;[PASS] EMA Trend 4h: EMA21=0.10, EMA50=0.10, EMA200=0.09;[PASS] RSI 30m: RSI=54.45;[FAIL] MACD 30m: MACD_hist=-0.0003;[FAIL] Smart Pullback: price=0.1087 EMA=0.1082 RSI=54.4 BS=1.000;[PASS] ADX: ADX=46.82 [>22], DI+=33.09, DI-=15.06;[PASS] CCI Momentum: CCI=27.97;[FAIL] SAR: SAR=0.1091, price=0.1087;[FAIL] Stochastic: K=18.18 D=18.18;[FAIL] EMA Rejection: No rejection;[FAIL] Resistance Test: No test;[PASS] Pullback: Detected;[FAIL] Double Top/Bottom: No pattern;[PASS] Range Filter: EMA diff=0.0293 [>0.005];[PASS] Combined Range Filter: diff=0.0293, ADX=46.82, mode=AND"
OP-USDT,LONG,S3,کرونوس (Cronus),0.10870000,0.10435200,0.00000000,2026-09-06 07:48:31,OPEN,,,,,,10.00,,"[FAIL] Candle Strength 15m: BS15=1.000 [too high - likely end of move];[FAIL] Candle Strength 5m: BS5=1.000 [too high];[PASS] EMA Trend 1h: EMA21=0.11, EMA50=0.10;[PASS] EMA Trend 4h: EMA21=0.10, EMA50=0.10, EMA200=0.09;[PASS] RSI 30m: RSI=54.45;[FAIL] MACD 30m: MACD_hist=-0.0003;[FAIL] Smart Pullback: price=0.1087 EMA=0.1082 RSI=54.4 BS=1.000;[PASS] ADX: ADX=46.82 [>22], DI+=33.09, DI-=15.06;[PASS] CCI Momentum: CCI=27.97;[FAIL] SAR: SAR=0.1091, price=0.1087;[FAIL] Stochastic: K=18.18 D=18.18;[FAIL] EMA Rejection: No rejection;[FAIL] Resistance Test: No test;[PASS] Pullback: Detected;[FAIL] Double Top/Bottom: No pattern;[PASS] Range Filter: EMA diff=0.0293 [>0.005];[PASS] Combined Range Filter: diff=0.0293, ADX=46.82, mode=AND"
OP-USDT,LONG,B1,هایپریون (Hyperion),0.10870000,0.10435200,0.00000000,2026-09-06 07:48:32,OPEN,,,,,,10.00,,"[FAIL] Candle Strength 15m: BS15=1.000 [too high - likely end of move];[FAIL] Candle Strength 5m: BS5=1.000 [too high];[PASS] EMA Trend 1h: EMA21=0.11, EMA50=0.10;[PASS] EMA Trend 4h: EMA21=0.10, EMA50=0.10, EMA200=0.09;[PASS] RSI 30m: RSI=54.45;[FAIL] MACD 30m: MACD_hist=-0.0003;[FAIL] Smart Pullback: price=0.1087 EMA=0.1082 RSI=54.4 BS=1.000;[PASS] ADX: ADX=46.82 [>22], DI+=33.09, DI-=15.06;[PASS] CCI Momentum: CCI=27.97;[FAIL] SAR: SAR=0.1091, price=0.1087;[FAIL] Stochastic: K=18.18 D=18.18;[FAIL] EMA Rejection: No rejection;[FAIL] Resistance Test: No test;[PASS] Pullback: Detected;[FAIL] Double Top/Bottom: No pattern;[PASS] Range Filter: EMA diff=0.0293 [>0.005];[PASS] Combined Range Filter: diff=0.0293, ADX=46.82, mode=OR"
PEPE-USDT,LONG,S1,پرومتئوس (Prometheus),0.00000365,0.00000350,0.00000000,2026-09-06 07:48:34,OPEN,,,,,,10.00,,"[FAIL] Candle Strength 15m: BS15=0.006 [>= 0.6];[FAIL] Candle Strength 5m: BS5=0.006 [>= 0.6];[PASS] EMA Trend 1h: EMA21=0.00, EMA50=0.00;[FAIL] EMA Trend 4h: EMA21=0.00, EMA50=0.00, EMA200=0.00;[PASS] RSI 30m: RSI=57.66;[FAIL] MACD 30m: MACD_hist=-0.0000;[FAIL] Smart Pullback: price=0.0000 EMA=0.0000 RSI=57.7 BS=0.429;[PASS] ADX: ADX=35.45 [>22], DI+=27.97, DI-=12.83;[PASS] CCI Momentum: CCI=87.96;[PASS] SAR: SAR=0.0000, price=0.0000;[FAIL] Stochastic: K=50.00 D=50.00;[FAIL] EMA Rejection: No rejection;[FAIL] Resistance Test: No test;[PASS] Pullback: Detected;[FAIL] Double Top/Bottom: No pattern;[PASS] Range Filter: EMA diff=0.0079 [>0.005];[PASS] Combined Range Filter: diff=0.0079, ADX=35.45, mode=AND"
SHIB-USDT,LONG,S1,پرومتئوس (Prometheus),0.00000550,0.00000528,0.00000000,2026-09-06 07:48:35,OPEN,,,,,,10.00,,"[FAIL] Candle Strength 15m: BS15=0.007 [>= 0.6];[FAIL] Candle Strength 5m: BS5=0.007 [>= 0.6];[PASS] EMA Trend 1h: EMA21=0.00, EMA50=0.00;[PASS] EMA Trend 4h: EMA21=0.00, EMA50=0.00, EMA200=0.00;[PASS] RSI 30m: RSI=56.52;[FAIL] MACD 30m: MACD_hist=-0.0000;[FAIL] Smart Pullback: price=0.0000 EMA=0.0000 RSI=56.5 BS=0.700;[PASS] ADX: ADX=31.41 [>22], DI+=29.66, DI-=17.12;[PASS] CCI Momentum: CCI=75.86;[PASS] SAR: SAR=0.0000, price=0.0000;[FAIL] Stochastic: K=62.86 D=62.86;[PASS] EMA Rejection: Rejected;[FAIL] Resistance Test: No test;[PASS] Pullback: Detected;[PASS] Double Top/Bottom: Pattern=double_top;[PASS] Range Filter: EMA diff=0.0078 [>0.005];[PASS] Combined Range Filter: diff=0.0078, ADX=31.41, mode=AND"
POL-USDT,LONG,S3,کرونوس (Cronus),0.10000000,0.09600000,0.00000000,2026-09-06 08:12:54,OPEN,,,,,,10.00,,"[PASS] Candle Strength 15m: BS15=0.667 [>= 0.6];[FAIL] Candle Strength 5m: BS5=1.000 [too high];[PASS] EMA Trend 1h: EMA21=0.10, EMA50=0.10;[FAIL] EMA Trend 4h: EMA21=0.10, EMA50=0.10, EMA200=0.09;[FAIL] RSI 30m: RSI=79.88;[FAIL] MACD 30m: MACD_hist=0.0002;[FAIL] Smart Pullback: price=0.1000 EMA=0.0980 RSI=79.9 BS=0.667;[PASS] ADX: ADX=41.11 [>22], DI+=23.77, DI-=8.49;[FAIL] CCI Momentum: CCI=119.12;[PASS] SAR: SAR=0.0987, price=0.1000;[FAIL] Stochastic: K=95.45 D=95.45;[FAIL] EMA Rejection: No rejection;[FAIL] Resistance Test: No test;[PASS] Pullback: Detected;[FAIL] Double Top/Bottom: No pattern;[PASS] Range Filter: EMA diff=0.0150 [>0.005];[PASS] Combined Range Filter: diff=0.0150, ADX=41.11, mode=AND"
POL-USDT,LONG,B1,هایپریون (Hyperion),0.10000000,0.09600000,0.00000000,2026-09-06 08:12:56,OPEN,,,,,,10.00,,"[PASS] Candle Strength 15m: BS15=0.667 [>= 0.6];[FAIL] Candle Strength 5m: BS5=1.000 [too high];[PASS] EMA Trend 1h: EMA21=0.10, EMA50=0.10;[FAIL] EMA Trend 4h: EMA21=0.10, EMA50=0.10, EMA200=0.09;[FAIL] RSI 30m: RSI=79.88;[FAIL] MACD 30m: MACD_hist=0.0002;[FAIL] Smart Pullback: price=0.1000 EMA=0.0980 RSI=79.9 BS=0.667;[PASS] ADX: ADX=41.11 [>22], DI+=23.77, DI-=8.49;[FAIL] CCI Momentum: CCI=119.12;[PASS] SAR: SAR=0.0987, price=0.1000;[FAIL] Stochastic: K=95.45 D=95.45;[FAIL] EMA Rejection: No rejection;[FAIL] Resistance Test: No test;[PASS] Pullback: Detected;[FAIL] Double Top/Bottom: No pattern;[PASS] Range Filter: EMA diff=0.0150 [>0.005];[PASS] Combined Range Filter: diff=0.0150, ADX=41.11, mode=OR"
OP-USDT,LONG,S1,پرومتئوس (Prometheus),0.11010000,0.10569600,0.00000000,2026-09-06 08:12:58,OPEN,,,,,,10.00,,"[FAIL] Candle Strength 15m: BS15=0.824 [too high - likely end of move];[FAIL] Candle Strength 5m: BS5=0.875 [too high];[PASS] EMA Trend 1h: EMA21=0.11, EMA50=0.10;[PASS] EMA Trend 4h: EMA21=0.10, EMA50=0.10, EMA200=0.09;[PASS] RSI 30m: RSI=58.24;[FAIL] MACD 30m: MACD_hist=-0.0003;[FAIL] Smart Pullback: price=0.1101 EMA=0.1083 RSI=58.2 BS=0.824;[PASS] ADX: ADX=46.15 [>22], DI+=30.70, DI-=13.97;[PASS] CCI Momentum: CCI=18.76;[PASS] SAR: SAR=0.1083, price=0.1101;[FAIL] Stochastic: K=39.39 D=39.39;[FAIL] EMA Rejection: No rejection;[FAIL] Resistance Test: No test;[PASS] Pullback: Detected;[FAIL] Double Top/Bottom: No pattern;[PASS] Range Filter: EMA diff=0.0287 [>0.005];[PASS] Combined Range Filter: diff=0.0287, ADX=46.15, mode=AND"
OP-USDT,LONG,S3,کرونوس (Cronus),0.11010000,0.10569600,0.00000000,2026-09-06 08:12:59,OPEN,,,,,,10.00,,"[FAIL] Candle Strength 15m: BS15=0.824 [too high - likely end of move];[FAIL] Candle Strength 5m: BS5=0.875 [too high];[PASS] EMA Trend 1h: EMA21=0.11, EMA50=0.10;[PASS] EMA Trend 4h: EMA21=0.10, EMA50=0.10, EMA200=0.09;[PASS] RSI 30m: RSI=58.24;[FAIL] MACD 30m: MACD_hist=-0.0003;[FAIL] Smart Pullback: price=0.1101 EMA=0.1083 RSI=58.2 BS=0.824;[PASS] ADX: ADX=46.15 [>22], DI+=30.70, DI-=13.97;[PASS] CCI Momentum: CCI=18.76;[PASS] SAR: SAR=0.1083, price=0.1101;[FAIL] Stochastic: K=39.39 D=39.39;[FAIL] EMA Rejection: No rejection;[FAIL] Resistance Test: No test;[PASS] Pullback: Detected;[FAIL] Double Top/Bottom: No pattern;[PASS] Range Filter: EMA diff=0.0287 [>0.005];[PASS] Combined Range Filter: diff=0.0287, ADX=46.15, mode=AND"
OP-USDT,LONG,B1,هایپریون (Hyperion),0.11010000,0.10569600,0.00000000,2026-09-06 08:13:01,OPEN,,,,,,10.00,,"[FAIL] Candle Strength 15m: BS15=0.824 [too high - likely end of move];[FAIL] Candle Strength 5m: BS5=0.875 [too high];[PASS] EMA Trend 1h: EMA21=0.11, EMA50=0.10;[PASS] EMA Trend 4h: EMA21=0.10, EMA50=0.10, EMA200=0.09;[PASS] RSI 30m: RSI=58.24;[FAIL] MACD 30m: MACD_hist=-0.0003;[FAIL] Smart Pullback: price=0.1101 EMA=0.1083 RSI=58.2 BS=0.824;[PASS] ADX: ADX=46.15 [>22], DI+=30.70, DI-=13.97;[PASS] CCI Momentum: CCI=18.76;[PASS] SAR: SAR=0.1083, price=0.1101;[FAIL] Stochastic: K=39.39 D=39.39;[FAIL] EMA Rejection: No rejection;[FAIL] Resistance Test: No test;[PASS] Pullback: Detected;[FAIL] Double Top/Bottom: No pattern;[PASS] Range Filter: EMA diff=0.0287 [>0.005];[PASS] Combined Range Filter: diff=0.0287, ADX=46.15, mode=OR"
ETH-USDT,LONG,S1,پرومتئوس (Prometheus),2502.17000000,2402.08320000,0.00000000,2026-09-06 08:45:20,OPEN,,,,,,10.00,,"[FAIL] Candle Strength 15m: BS15=1.000 [too high - likely end of move];[FAIL] Candle Strength 5m: BS5=1.000 [too high];[PASS] EMA Trend 1h: EMA21=2484.28, EMA50=2472.83;[PASS] EMA Trend 4h: EMA21=2469.75, EMA50=2452.28, EMA200=2224.62;[PASS] RSI 30m: RSI=64.50;[PASS] MACD 30m: MACD_hist=0.4194;[FAIL] Smart Pullback: price=2502.1700 EMA=2492.1037 RSI=64.5 BS=1.000;[PASS] ADX: ADX=54.96 [>22], DI+=33.18, DI-=6.77;[PASS] CCI Momentum: CCI=78.10;[PASS] SAR: SAR=2501.6580, price=2502.1700;[FAIL] Stochastic: K=67.01 D=67.01;[FAIL] EMA Rejection: No rejection;[FAIL] Resistance Test: No test;[PASS] Pullback: Detected;[PASS] Double Top/Bottom: Pattern=double_top;[FAIL] Range Filter: EMA diff=0.0048 [>0.005];[PASS] Combined Range Filter: diff=0.0048, ADX=54.96, mode=AND"
XAUT-USDT,SHORT,S3,کرونوس (Cronus),4424.52000000,4601.50080000,0.00000000,2026-09-06 08:45:23,OPEN,,,,,,10.00,,"[PASS] Candle Strength 15m: BS15=0.750 [>= 0.6];[FAIL] Candle Strength 5m: BS5=0.963 [too high];[PASS] EMA Trend 1h: EMA21=4426.21, EMA50=4427.84;[FAIL] EMA Trend 4h: EMA21=4428.04, EMA50=4441.87, EMA200=4365.22;[PASS] RSI 30m: RSI=43.42;[PASS] MACD 30m: MACD_hist=-0.0991;[FAIL] Smart Pullback: price=4424.5200 EMA=4425.4111 RSI=43.4 BS=0.750;[FAIL] ADX: ADX=15.28 [>22], DI+=34.65, DI-=34.06;[PASS] CCI Momentum: CCI=-72.22;[PASS] SAR: SAR=4424.7746, price=4424.5200;[FAIL] Stochastic: K=42.27 D=42.27;[FAIL] EMA Rejection: No rejection;[PASS] Resistance Test: Tested;[PASS] Pullback: Detected;[PASS] Double Top/Bottom: Pattern=double_top;[FAIL] Range Filter: EMA diff=0.0003 [>0.005];[FAIL] Combined Range Filter: diff=0.0003, ADX=15.28, mode=AND"
DOT-USDT,LONG,S1,پرومتئوس (Prometheus),0.92730000,0.89020800,0.00000000,2026-09-06 08:45:25,OPEN,,,,,,10.00,,"[FAIL] Candle Strength 15m: BS15=1.000 [too high - likely end of move];[FAIL] Candle Strength 5m: BS5=1.000 [too high];[PASS] EMA Trend 1h: EMA21=0.92, EMA50=0.90;[PASS] EMA Trend 4h: EMA21=0.90, EMA50=0.88, EMA200=0.84;[PASS] RSI 30m: RSI=58.72;[FAIL] MACD 30m: MACD_hist=-0.0001;[FAIL] Smart Pullback: price=0.9273 EMA=0.9224 RSI=58.7 BS=1.000;[PASS] ADX: ADX=42.19 [>22], DI+=24.13, DI-=10.35;[PASS] CCI Momentum: CCI=70.62;[PASS] SAR: SAR=0.9250, price=0.9273;[FAIL] Stochastic: K=63.68 D=63.68;[FAIL] EMA Rejection: No rejection;[FAIL] Resistance Test: No test;[PASS] Pullback: Detected;[PASS] Double Top/Bottom: Pattern=double_top;[PASS] Range Filter: EMA diff=0.0102 [>0.005];[PASS] Combined Range Filter: diff=0.0102, ADX=42.19, mode=AND"
DOT-USDT,LONG,S3,کرونوس (Cronus),0.92730000,0.89020800,0.00000000,2026-09-06 08:45:27,OPEN,,,,,,10.00,,"[FAIL] Candle Strength 15m: BS15=1.000 [too high - likely end of move];[FAIL] Candle Strength 5m: BS5=1.000 [too high];[PASS] EMA Trend 1h: EMA21=0.92, EMA50=0.90;[PASS] EMA Trend 4h: EMA21=0.90, EMA50=0.88, EMA200=0.84;[PASS] RSI 30m: RSI=58.72;[FAIL] MACD 30m: MACD_hist=-0.0001;[FAIL] Smart Pullback: price=0.9273 EMA=0.9224 RSI=58.7 BS=1.000;[PASS] ADX: ADX=42.19 [>22], DI+=24.13, DI-=10.35;[PASS] CCI Momentum: CCI=70.62;[PASS] SAR: SAR=0.9250, price=0.9273;[FAIL] Stochastic: K=63.68 D=63.68;[FAIL] EMA Rejection: No rejection;[FAIL] Resistance Test: No test;[PASS] Pullback: Detected;[PASS] Double Top/Bottom: Pattern=double_top;[PASS] Range Filter: EMA diff=0.0102 [>0.005];[PASS] Combined Range Filter: diff=0.0102, ADX=42.19, mode=AND"
DOT-USDT,LONG,B1,هایپریون (Hyperion),0.92730000,0.89020800,0.00000000,2026-09-06 08:45:28,OPEN,,,,,,10.00,,"[FAIL] Candle Strength 15m: BS15=1.000 [too high - likely end of move];[FAIL] Candle Strength 5m: BS5=1.000 [too high];[PASS] EMA Trend 1h: EMA21=0.92, EMA50=0.90;[PASS] EMA Trend 4h: EMA21=0.90, EMA50=0.88, EMA200=0.84;[PASS] RSI 30m: RSI=58.72;[FAIL] MACD 30m: MACD_hist=-0.0001;[FAIL] Smart Pullback: price=0.9273 EMA=0.9224 RSI=58.7 BS=1.000;[PASS] ADX: ADX=42.19 [>22], DI+=24.13, DI-=10.35;[PASS] CCI Momentum: CCI=70.62;[PASS] SAR: SAR=0.9250, price=0.9273;[FAIL] Stochastic: K=63.68 D=63.68;[FAIL] EMA Rejection: No rejection;[FAIL] Resistance Test: No test;[PASS] Pullback: Detected;[PASS] Double Top/Bottom: Pattern=double_top;[PASS] Range Filter: EMA diff=0.0102 [>0.005];[PASS] Combined Range Filter: diff=0.0102, ADX=42.19, mode=OR"
ADA-USDT,LONG,S1,پرومتئوس (Prometheus),0.22080000,0.21196800,0.00000000,2026-09-06 08:45:29,OPEN,,,,,,10.00,,"[FAIL] Candle Strength 15m: BS15=0.000 [>= 0.6];[FAIL] Candle Strength 5m: BS5=0.000 [>= 0.6];[PASS] EMA Trend 1h: EMA21=0.22, EMA50=0.22;[PASS] EMA Trend 4h: EMA21=0.21, EMA50=0.21, EMA200=0.20;[PASS] RSI 30m: RSI=55.59;[FAIL] MACD 30m: MACD_hist=-0.0001;[FAIL] Smart Pullback: price=0.2208 EMA=0.2202 RSI=55.6 BS=0.000;[PASS] ADX: ADX=34.54 [>22], DI+=23.55, DI-=12.29;[PASS] CCI Momentum: CCI=45.86;[PASS] SAR: SAR=0.2204, price=0.2208;[FAIL] Stochastic: K=47.27 D=47.27;[FAIL] EMA Rejection: No rejection;[FAIL] Resistance Test: No test;[PASS] Pullback: Detected;[PASS] Double Top/Bottom: Pattern=double_bottom;[PASS] Range Filter: EMA diff=0.0086 [>0.005];[PASS] Combined Range Filter: diff=0.0086, ADX=34.54, mode=AND"
FIL-USDT,LONG,S1,پرومتئوس (Prometheus),0.81040000,0.77798400,0.00000000,2026-09-06 08:45:32,OPEN,,,,,,10.00,,"[FAIL] Candle Strength 15m: BS15=1.000 [too high - likely end of move];[FAIL] Candle Strength 5m: BS5=1.000 [too high];[PASS] EMA Trend 1h: EMA21=0.79, EMA50=0.78;[PASS] EMA Trend 4h: EMA21=0.78, EMA50=0.76, EMA200=0.72;[PASS] RSI 30m: RSI=58.80;[FAIL] MACD 30m: MACD_hist=0.0001;[FAIL] Smart Pullback: price=0.8104 EMA=0.8033 RSI=58.8 BS=1.000;[PASS] ADX: ADX=39.91 [>22], DI+=31.28, DI-=19.55;[PASS] CCI Momentum: CCI=42.75;[PASS] SAR: SAR=0.8086, price=0.8104;[FAIL] Stochastic: K=45.86 D=45.86;[FAIL] EMA Rejection: No rejection;[FAIL] Resistance Test: No test;[PASS] Pullback: Detected;[FAIL] Double Top/Bottom: No pattern;[PASS] Range Filter: EMA diff=0.0159 [>0.005];[PASS] Combined Range Filter: diff=0.0159, ADX=39.91, mode=AND"
POL-USDT,LONG,S1,پرومتئوس (Prometheus),0.09810000,0.09417600,0.00000000,2026-09-06 08:45:35,OPEN,,,,,,10.00,,"[FAIL] Candle Strength 15m: BS15=0.923 [too high - likely end of move];[FAIL] Candle Strength 5m: BS5=0.833 [too high];[PASS] EMA Trend 1h: EMA21=0.10, EMA50=0.10;[FAIL] EMA Trend 4h: EMA21=0.10, EMA50=0.10, EMA200=0.09;[PASS] RSI 30m: RSI=54.93;[FAIL] MACD 30m: MACD_hist=-0.0000;[FAIL] Smart Pullback: price=0.0981 EMA=0.0979 RSI=54.9 BS=0.923;[PASS] ADX: ADX=39.31 [>22], DI+=20.16, DI-=14.63;[PASS] CCI Momentum: CCI=36.64;[FAIL] SAR: SAR=0.0990, price=0.0981;[FAIL] Stochastic: K=41.67 D=41.67;[FAIL] EMA Rejection: No rejection;[FAIL] Resistance Test: No test;[FAIL] Pullback: No pullback;[FAIL] Double Top/Bottom: No pattern;[PASS] Range Filter: EMA diff=0.0144 [>0.005];[PASS] Combined Range Filter: diff=0.0144, ADX=39.31, mode=AND"
ETH-USDT,LONG,S3,کرونوس (Cronus),2517.32000000,2416.62720000,0.00000000,2026-09-06 09:12:22,OPEN,,,,,,10.00,,"[PASS] Candle Strength 15m: BS15=0.658 [>= 0.6];[FAIL] Candle Strength 5m: BS5=0.892 [too high];[PASS] EMA Trend 1h: EMA21=2485.66, EMA50=2473.42;[PASS] EMA Trend 4h: EMA21=2471.13, EMA50=2452.88, EMA200=2224.77;[FAIL] RSI 30m: RSI=74.59;[PASS] MACD 30m: MACD_hist=1.0908;[FAIL] Smart Pullback: price=2517.3200 EMA=2494.6473 RSI=74.6 BS=0.658;[PASS] ADX: ADX=56.54 [>22], DI+=42.06, DI-=5.62;[FAIL] CCI Momentum: CCI=134.55;[PASS] SAR: SAR=2501.5604, price=2517.3200;[FAIL] Stochastic: K=86.24 D=86.24;[FAIL] EMA Rejection: No rejection;[FAIL] Resistance Test: No test;[PASS] Pullback: Detected;[PASS] Double Top/Bottom: Pattern=double_top;[PASS] Range Filter: EMA diff=0.0052 [>0.005];[PASS] Combined Range Filter: diff=0.0052, ADX=56.54, mode=AND"
ETH-USDT,LONG,B1,هایپریون (Hyperion),2517.32000000,2416.62720000,0.00000000,2026-09-06 09:12:24,OPEN,,,,,,10.00,,"[PASS] Candle Strength 15m: BS15=0.658 [>= 0.6];[FAIL] Candle Strength 5m: BS5=0.892 [too high];[PASS] EMA Trend 1h: EMA21=2485.66, EMA50=2473.42;[PASS] EMA Trend 4h: EMA21=2471.13, EMA50=2452.88, EMA200=2224.77;[FAIL] RSI 30m: RSI=74.59;[PASS] MACD 30m: MACD_hist=1.0908;[FAIL] Smart Pullback: price=2517.3200 EMA=2494.6473 RSI=74.6 BS=0.658;[PASS] ADX: ADX=56.54 [>22], DI+=42.06, DI-=5.62;[FAIL] CCI Momentum: CCI=134.55;[PASS] SAR: SAR=2501.5604, price=2517.3200;[FAIL] Stochastic: K=86.24 D=86.24;[FAIL] EMA Rejection: No rejection;[FAIL] Resistance Test: No test;[PASS] Pullback: Detected;[PASS] Double Top/Bottom: Pattern=double_top;[PASS] Range Filter: EMA diff=0.0052 [>0.005];[PASS] Combined Range Filter: diff=0.0052, ADX=56.54, mode=OR"
XRP-USDT,LONG,S3,کرونوس (Cronus),1.42670000,1.36963200,0.00000000,2026-09-06 09:12:27,OPEN,,,,,,10.00,,"[PASS] Candle Strength 15m: BS15=0.671 [>= 0.6];[PASS] Candle Strength 5m: BS5=0.745 [>= 0.6];[PASS] EMA Trend 1h: EMA21=1.42, EMA50=1.41;[PASS] EMA Trend 4h: EMA21=1.41, EMA50=1.40, EMA200=1.26;[PASS] RSI 30m: RSI=64.36;[FAIL] MACD 30m: MACD_hist=0.0005;[FAIL] Smart Pullback: price=1.4267 EMA=1.4183 RSI=64.4 BS=0.671;[FAIL] ADX: ADX=20.09 [>22], DI+=30.01, DI-=13.40;[FAIL] CCI Momentum: CCI=168.35;[PASS] SAR: SAR=1.4182, price=1.4267;[FAIL] Stochastic: K=80.99 D=80.99;[FAIL] EMA Rejection: No rejection;[PASS] Resistance Test: Tested;[PASS] Pullback: Detected;[PASS] Double Top/Bottom: Pattern=double_bottom;[FAIL] Range Filter: EMA diff=0.0023 [>0.005];[FAIL] Combined Range Filter: diff=0.0023, ADX=20.09, mode=AND"
XRP-USDT,LONG,B1,هایپریون (Hyperion),1.42670000,1.36963200,0.00000000,2026-09-06 09:12:28,OPEN,,,,,,10.00,,"[PASS] Candle Strength 15m: BS15=0.671 [>= 0.6];[PASS] Candle Strength 5m: BS5=0.745 [>= 0.6];[PASS] EMA Trend 1h: EMA21=1.42, EMA50=1.41;[PASS] EMA Trend 4h: EMA21=1.41, EMA50=1.40, EMA200=1.26;[PASS] RSI 30m: RSI=64.36;[FAIL] MACD 30m: MACD_hist=0.0005;[FAIL] Smart Pullback: price=1.4267 EMA=1.4183 RSI=64.4 BS=0.671;[FAIL] ADX: ADX=20.09 [>22], DI+=30.01, DI-=13.40;[FAIL] CCI Momentum: CCI=168.35;[PASS] SAR: SAR=1.4182, price=1.4267;[FAIL] Stochastic: K=80.99 D=80.99;[FAIL] EMA Rejection: No rejection;[PASS] Resistance Test: Tested;[PASS] Pullback: Detected;[PASS] Double Top/Bottom: Pattern=double_bottom;[FAIL] Range Filter: EMA diff=0.0023 [>0.005];[FAIL] Combined Range Filter: diff=0.0023, ADX=20.09, mode=OR"
DOGE-USDT,LONG,S1,پرومتئوس (Prometheus),0.09140000,0.08774400,0.00000000,2026-09-06 09:12:30,OPEN,,,,,,10.00,,"[PASS] Candle Strength 15m: BS15=0.663 [>= 0.6];[FAIL] Candle Strength 5m: BS5=0.321 [>= 0.6];[PASS] EMA Trend 1h: EMA21=0.09, EMA50=0.09;[PASS] EMA Trend 4h: EMA21=0.09, EMA50=0.09, EMA200=0.08;[PASS] RSI 30m: RSI=62.33;[FAIL] MACD 30m: MACD_hist=-0.0001;[FAIL] Smart Pullback: price=0.0914 EMA=0.0904 RSI=62.3 BS=0.663;[PASS] ADX: ADX=40.56 [>22], DI+=35.62, DI-=14.76;[FAIL] CCI Momentum: CCI=137.36;[PASS] SAR: SAR=0.0904, price=0.0914;[FAIL] Stochastic: K=86.67 D=86.67;[FAIL] EMA Rejection: No rejection;[FAIL] Resistance Test: No test;[PASS] Pullback: Detected;[PASS] Double Top/Bottom: Pattern=double_bottom;[PASS] Range Filter: EMA diff=0.0143 [>0.005];[PASS] Combined Range Filter: diff=0.0143, ADX=40.56, mode=AND"
NEAR-USDT,LONG,S3,کرونوس (Cronus),2.22930000,2.14012800,0.00000000,2026-09-06 09:12:33,OPEN,,,,,,10.00,,"[FAIL] Candle Strength 15m: BS15=0.139 [>= 0.6];[FAIL] Candle Strength 5m: BS5=0.173 [>= 0.6];[PASS] EMA Trend 1h: EMA21=2.20, EMA50=2.14;[PASS] EMA Trend 4h: EMA21=2.10, EMA50=2.00, EMA200=1.83;[PASS] RSI 30m: RSI=56.29;[PASS] MACD 30m: MACD_hist=0.0033;[FAIL] Smart Pullback: price=2.2293 EMA=2.2083 RSI=56.3 BS=0.139;[FAIL] ADX: ADX=11.27 [>22], DI+=17.24, DI-=16.52;[FAIL] CCI Momentum: CCI=133.73;[PASS] SAR: SAR=2.1929, price=2.2293;[FAIL] Stochastic: K=86.32 D=86.32;[PASS] EMA Rejection: Rejected;[FAIL] Resistance Test: No test;[PASS] Pullback: Detected;[FAIL] Double Top/Bottom: No pattern;[PASS] Range Filter: EMA diff=0.0071 [>0.005];[PASS] Combined Range Filter: diff=0.0071, ADX=11.27, mode=AND"
NEAR-USDT,LONG,B1,هایپریون (Hyperion),2.22930000,2.14012800,0.00000000,2026-09-06 09:12:34,OPEN,,,,,,10.00,,"[FAIL] Candle Strength 15m: BS15=0.139 [>= 0.6];[FAIL] Candle Strength 5m: BS5=0.173 [>= 0.6];[PASS] EMA Trend 1h: EMA21=2.20, EMA50=2.14;[PASS] EMA Trend 4h: EMA21=2.10, EMA50=2.00, EMA200=1.83;[PASS] RSI 30m: RSI=56.29;[PASS] MACD 30m: MACD_hist=0.0033;[FAIL] Smart Pullback: price=2.2293 EMA=2.2083 RSI=56.3 BS=0.139;[FAIL] ADX: ADX=11.27 [>22], DI+=17.24, DI-=16.52;[FAIL] CCI Momentum: CCI=133.73;[PASS] SAR: SAR=2.1929, price=2.2293;[FAIL] Stochastic: K=86.32 D=86.32;[PASS] EMA Rejection: Rejected;[FAIL] Resistance Test: No test;[PASS] Pullback: Detected;[FAIL] Double Top/Bottom: No pattern;[PASS] Range Filter: EMA diff=0.0071 [>0.005];[FAIL] Combined Range Filter: diff=0.0071, ADX=11.27, mode=OR"
DOT-USDT,LONG,S1,پرومتئوس (Prometheus),0.93260000,0.89529600,0.00000000,2026-09-06 09:12:35,OPEN,,,,,,10.00,,"[FAIL] Candle Strength 15m: BS15=0.268 [>= 0.6];[FAIL] Candle Strength 5m: BS5=0.278 [>= 0.6];[PASS] EMA Trend 1h: EMA21=0.92, EMA50=0.90;[PASS] EMA Trend 4h: EMA21=0.90, EMA50=0.88, EMA200=0.84;[PASS] RSI 30m: RSI=63.57;[FAIL] MACD 30m: MACD_hist=0.0003;[FAIL] Smart Pullback: price=0.9326 EMA=0.9237 RSI=63.6 BS=0.268;[PASS] ADX: ADX=42.76 [>22], DI+=25.75, DI-=9.39;[FAIL] CCI Momentum: CCI=134.63;[PASS] SAR: SAR=0.9254, price=0.9326;[FAIL] Stochastic: K=87.44 D=87.44;[FAIL] EMA Rejection: No rejection;[FAIL] Resistance Test: No test;[PASS] Pullback: Detected;[PASS] Double Top/Bottom: Pattern=double_top;[PASS] Range Filter: EMA diff=0.0105 [>0.005];[PASS] Combined Range Filter: diff=0.0105, ADX=42.76, mode=AND"
DOT-USDT,LONG,S3,کرونوس (Cronus),0.93260000,0.89529600,0.00000000,2026-09-06 09:12:37,OPEN,,,,,,10.00,,"[FAIL] Candle Strength 15m: BS15=0.268 [>= 0.6];[FAIL] Candle Strength 5m: BS5=0.278 [>= 0.6];[PASS] EMA Trend 1h: EMA21=0.92, EMA50=0.90;[PASS] EMA Trend 4h: EMA21=0.90, EMA50=0.88, EMA200=0.84;[PASS] RSI 30m: RSI=63.57;[FAIL] MACD 30m: MACD_hist=0.0003;[FAIL] Smart Pullback: price=0.9326 EMA=0.9237 RSI=63.6 BS=0.268;[PASS] ADX: ADX=42.76 [>22], DI+=25.75, DI-=9.39;[FAIL] CCI Momentum: CCI=134.63;[PASS] SAR: SAR=0.9254, price=0.9326;[FAIL] Stochastic: K=87.44 D=87.44;[FAIL] EMA Rejection: No rejection;[FAIL] Resistance Test: No test;[PASS] Pullback: Detected;[PASS] Double Top/Bottom: Pattern=double_top;[PASS] Range Filter: EMA diff=0.0105 [>0.005];[PASS] Combined Range Filter: diff=0.0105, ADX=42.76, mode=AND"
DOT-USDT,LONG,B1,هایپریون (Hyperion),0.93260000,0.89529600,0.00000000,2026-09-06 09:12:39,OPEN,,,,,,10.00,,"[FAIL] Candle Strength 15m: BS15=0.268 [>= 0.6];[FAIL] Candle Strength 5m: BS5=0.278 [>= 0.6];[PASS] EMA Trend 1h: EMA21=0.92, EMA50=0.90;[PASS] EMA Trend 4h: EMA21=0.90, EMA50=0.88, EMA200=0.84;[PASS] RSI 30m: RSI=63.57;[FAIL] MACD 30m: MACD_hist=0.0003;[FAIL] Smart Pullback: price=0.9326 EMA=0.9237 RSI=63.6 BS=0.268;[PASS] ADX: ADX=42.76 [>22], DI+=25.75, DI-=9.39;[FAIL] CCI Momentum: CCI=134.63;[PASS] SAR: SAR=0.9254, price=0.9326;[FAIL] Stochastic: K=87.44 D=87.44;[FAIL] EMA Rejection: No rejection;[FAIL] Resistance Test: No test;[PASS] Pullback: Detected;[PASS] Double Top/Bottom: Pattern=double_top;[PASS] Range Filter: EMA diff=0.0105 [>0.005];[PASS] Combined Range Filter: diff=0.0105, ADX=42.76, mode=OR"
ADA-USDT,LONG,S1,پرومتئوس (Prometheus),0.22250000,0.21360000,0.00000000,2026-09-06 09:12:40,OPEN,,,,,,10.00,,"[FAIL] Candle Strength 15m: BS15=0.550 [>= 0.6];[FAIL] Candle Strength 5m: BS5=0.333 [>= 0.6];[PASS] EMA Trend 1h: EMA21=0.22, EMA50=0.22;[PASS] EMA Trend 4h: EMA21=0.21, EMA50=0.21, EMA200=0.20;[PASS] RSI 30m: RSI=62.21;[FAIL] MACD 30m: MACD_hist=-0.0000;[FAIL] Smart Pullback: price=0.2225 EMA=0.2204 RSI=62.2 BS=0.550;[PASS] ADX: ADX=35.03 [>22], DI+=26.65, DI-=11.07;[FAIL] CCI Momentum: CCI=115.15;[PASS] SAR: SAR=0.2205, price=0.2225;[FAIL] Stochastic: K=78.18 D=78.18;[FAIL] EMA Rejection: No rejection;[FAIL] Resistance Test: No test;[PASS] Pullback: Detected;[PASS] Double Top/Bottom: Pattern=double_bottom;[PASS] Range Filter: EMA diff=0.0089 [>0.005];[PASS] Combined Range Filter: diff=0.0089, ADX=35.03, mode=AND"
LINK-USDT,LONG,S3,کرونوس (Cronus),12.31230000,11.81980800,0.00000000,2026-09-06 09:12:43,OPEN,,,,,,10.00,,"[FAIL] Candle Strength 15m: BS15=0.841 [too high - likely end of move];[FAIL] Candle Strength 5m: BS5=0.302 [>= 0.6];[PASS] EMA Trend 1h: EMA21=12.06, EMA50=11.88;[PASS] EMA Trend 4h: EMA21=11.80, EMA50=11.59, EMA200=10.32;[FAIL] RSI 30m: RSI=65.33;[FAIL] MACD 30m: MACD_hist=-0.0024;[FAIL] Smart Pullback: price=12.3123 EMA=12.1423 RSI=65.3 BS=0.841;[PASS] ADX: ADX=43.59 [>22], DI+=37.52, DI-=13.77;[PASS] CCI Momentum: CCI=96.43;[PASS] SAR: SAR=12.1379, price=12.3123;[FAIL] Stochastic: K=69.75 D=69.75;[FAIL] EMA Rejection: No rejection;[FAIL] Resistance Test: No test;[PASS] Pullback: Detected;[FAIL] Double Top/Bottom: No pattern;[PASS] Range Filter: EMA diff=0.0106 [>0.005];[PASS] Combined Range Filter: diff=0.0106, ADX=43.59, mode=AND"
LINK-USDT,LONG,B1,هایپریون (Hyperion),12.31230000,11.81980800,0.00000000,2026-09-06 09:12:44,OPEN,,,,,,10.00,,"[FAIL] Candle Strength 15m: BS15=0.841 [too high - likely end of move];[FAIL] Candle Strength 5m: BS5=0.302 [>= 0.6];[PASS] EMA Trend 1h: EMA21=12.06, EMA50=11.88;[PASS] EMA Trend 4h: EMA21=11.80, EMA50=11.59, EMA200=10.32;[FAIL] RSI 30m: RSI=65.33;[FAIL] MACD 30m: MACD_hist=-0.0024;[FAIL] Smart Pullback: price=12.3123 EMA=12.1423 RSI=65.3 BS=0.841;[PASS] ADX: ADX=43.59 [>22], DI+=37.52, DI-=13.77;[PASS] CCI Momentum: CCI=96.43;[PASS] SAR: SAR=12.1379, price=12.3123;[FAIL] Stochastic: K=69.75 D=69.75;[FAIL] EMA Rejection: No rejection;[FAIL] Resistance Test: No test;[PASS] Pullback: Detected;[FAIL] Double Top/Bottom: No pattern;[PASS] Range Filter: EMA diff=0.0106 [>0.005];[PASS] Combined Range Filter: diff=0.0106, ADX=43.59, mode=OR"
AVAX-USDT,LONG,S1,پرومتئوس (Prometheus),7.69600000,7.38816000,0.00000000,2026-09-06 09:12:46,OPEN,,,,,,10.00,,"[PASS] Candle Strength 15m: BS15=0.615 [>= 0.6];[FAIL] Candle Strength 5m: BS5=0.583 [>= 0.6];[PASS] EMA Trend 1h: EMA21=7.60, EMA50=7.52;[PASS] EMA Trend 4h: EMA21=7.48, EMA50=7.39, EMA200=7.00;[PASS] RSI 30m: RSI=63.84;[FAIL] MACD 30m: MACD_hist=-0.0011;[FAIL] Smart Pullback: price=7.6960 EMA=7.6414 RSI=63.8 BS=0.615;[PASS] ADX: ADX=41.93 [>22], DI+=30.52, DI-=14.46;[PASS] CCI Momentum: CCI=90.26;[PASS] SAR: SAR=7.6394, price=7.6960;[FAIL] Stochastic: K=73.17 D=73.17;[FAIL] EMA Rejection: No rejection;[FAIL] Resistance Test: No test;[PASS] Pullback: Detected;[FAIL] Double Top/Bottom: No pattern;[PASS] Range Filter: EMA diff=0.0078 [>0.005];[PASS] Combined Range Filter: diff=0.0078, ADX=41.93, mode=AND"
INJ-USDT,LONG,S3,کرونوس (Cronus),5.16000000,4.95360000,0.00000000,2026-09-06 09:12:49,OPEN,,,,,,10.00,,"[PASS] Candle Strength 15m: BS15=0.674 [>= 0.6];[FAIL] Candle Strength 5m: BS5=1.000 [too high];[PASS] EMA Trend 1h: EMA21=4.98, EMA50=4.92;[FAIL] EMA Trend 4h: EMA21=4.93, EMA50=4.97, EMA200=4.89;[FAIL] RSI 30m: RSI=73.85;[PASS] MACD 30m: MACD_hist=0.0102;[FAIL] Smart Pullback: price=5.1600 EMA=5.0378 RSI=73.9 BS=0.674;[PASS] ADX: ADX=38.22 [>22], DI+=40.03, DI-=11.55;[FAIL] CCI Momentum: CCI=112.81;[PASS] SAR: SAR=5.0956, price=5.1600;[FAIL] Stochastic: K=94.85 D=94.85;[FAIL] EMA Rejection: No rejection;[FAIL] Resistance Test: No test;[PASS] Pullback: Detected;[PASS] Double Top/Bottom: Pattern=double_top;[PASS] Range Filter: EMA diff=0.0143 [>0.005];[PASS] Combined Range Filter: diff=0.0143, ADX=38.22, mode=AND"
INJ-USDT,LONG,B1,هایپریون (Hyperion),5.16000000,4.95360000,0.00000000,2026-09-06 09:12:50,OPEN,,,,,,10.00,,"[PASS] Candle Strength 15m: BS15=0.674 [>= 0.6];[FAIL] Candle Strength 5m: BS5=1.000 [too high];[PASS] EMA Trend 1h: EMA21=4.98, EMA50=4.92;[FAIL] EMA Trend 4h: EMA21=4.93, EMA50=4.97, EMA200=4.89;[FAIL] RSI 30m: RSI=73.85;[PASS] MACD 30m: MACD_hist=0.0102;[FAIL] Smart Pullback: price=5.1600 EMA=5.0378 RSI=73.9 BS=0.674;[PASS] ADX: ADX=38.22 [>22], DI+=40.03, DI-=11.55;[FAIL] CCI Momentum: CCI=112.81;[PASS] SAR: SAR=5.0956, price=5.1600;[FAIL] Stochastic: K=94.85 D=94.85;[FAIL] EMA Rejection: No rejection;[FAIL] Resistance Test: No test;[PASS] Pullback: Detected;[PASS] Double Top/Bottom: Pattern=double_top;[PASS] Range Filter: EMA diff=0.0143 [>0.005];[PASS] Combined Range Filter: diff=0.0143, ADX=38.22, mode=OR"
TIA-USDT,LONG,S1,پرومتئوس (Prometheus),0.38440000,0.36902400,0.00000000,2026-09-06 09:12:52,OPEN,,,,,,10.00,,"[FAIL] Candle Strength 15m: BS15=0.937 [too high - likely end of move];[FAIL] Candle Strength 5m: BS5=0.000 [>= 0.6];[PASS] EMA Trend 1h: EMA21=0.38, EMA50=0.37;[PASS] EMA Trend 4h: EMA21=0.36, EMA50=0.36, EMA200=0.34;[PASS] RSI 30m: RSI=63.91;[FAIL] MACD 30m: MACD_hist=-0.0006;[FAIL] Smart Pullback: price=0.3844 EMA=0.3797 RSI=63.9 BS=0.937;[PASS] ADX: ADX=37.28 [>22], DI+=33.32, DI-=18.10;[PASS] CCI Momentum: CCI=68.75;[PASS] SAR: SAR=0.3794, price=0.3844;[FAIL] Stochastic: K=69.07 D=69.07;[PASS] EMA Rejection: Rejected;[FAIL] Resistance Test: No test;[PASS] Pullback: Detected;[FAIL] Double Top/Bottom: No pattern;[PASS] Range Filter: EMA diff=0.0163 [>0.005];[PASS] Combined Range Filter: diff=0.0163, ADX=37.28, mode=AND"
TIA-USDT,LONG,S3,کرونوس (Cronus),0.38440000,0.36902400,0.00000000,2026-09-06 09:12:53,OPEN,,,,,,10.00,,"[FAIL] Candle Strength 15m: BS15=0.937 [too high - likely end of move];[FAIL] Candle Strength 5m: BS5=0.000 [>= 0.6];[PASS] EMA Trend 1h: EMA21=0.38, EMA50=0.37;[PASS] EMA Trend 4h: EMA21=0.36, EMA50=0.36, EMA200=0.34;[PASS] RSI 30m: RSI=63.91;[FAIL] MACD 30m: MACD_hist=-0.0006;[FAIL] Smart Pullback: price=0.3844 EMA=0.3797 RSI=63.9 BS=0.937;[PASS] ADX: ADX=37.28 [>22], DI+=33.32, DI-=18.10;[PASS] CCI Momentum: CCI=68.75;[PASS] SAR: SAR=0.3794, price=0.3844;[FAIL] Stochastic: K=69.07 D=69.07;[PASS] EMA Rejection: Rejected;[FAIL] Resistance Test: No test;[PASS] Pullback: Detected;[FAIL] Double Top/Bottom: No pattern;[PASS] Range Filter: EMA diff=0.0163 [>0.005];[PASS] Combined Range Filter: diff=0.0163, ADX=37.28, mode=AND"
TIA-USDT,LONG,B1,هایپریون (Hyperion),0.38440000,0.36902400,0.00000000,2026-09-06 09:12:55,OPEN,,,,,,10.00,,"[FAIL] Candle Strength 15m: BS15=0.937 [too high - likely end of move];[FAIL] Candle Strength 5m: BS5=0.000 [>= 0.6];[PASS] EMA Trend 1h: EMA21=0.38, EMA50=0.37;[PASS] EMA Trend 4h: EMA21=0.36, EMA50=0.36, EMA200=0.34;[PASS] RSI 30m: RSI=63.91;[FAIL] MACD 30m: MACD_hist=-0.0006;[FAIL] Smart Pullback: price=0.3844 EMA=0.3797 RSI=63.9 BS=0.937;[PASS] ADX: ADX=37.28 [>22], DI+=33.32, DI-=18.10;[PASS] CCI Momentum: CCI=68.75;[PASS] SAR: SAR=0.3794, price=0.3844;[FAIL] Stochastic: K=69.07 D=69.07;[PASS] EMA Rejection: Rejected;[FAIL] Resistance Test: No test;[PASS] Pullback: Detected;[FAIL] Double Top/Bottom: No pattern;[PASS] Range Filter: EMA diff=0.0163 [>0.005];[PASS] Combined Range Filter: diff=0.0163, ADX=37.28, mode=OR"
POL-USDT,LONG,S1,پرومتئوس (Prometheus),0.09840000,0.09446400,0.00000000,2026-09-06 09:13:13,OPEN,,,,,,10.00,,"[FAIL] Candle Strength 15m: BS15=0.000 [>= 0.6];[FAIL] Candle Strength 5m: BS5=0.000 [>= 0.6];[PASS] EMA Trend 1h: EMA21=0.10, EMA50=0.10;[FAIL] EMA Trend 4h: EMA21=0.10, EMA50=0.10, EMA200=0.09;[PASS] RSI 30m: RSI=57.66;[FAIL] MACD 30m: MACD_hist=-0.0001;[FAIL] Smart Pullback: price=0.0984 EMA=0.0980 RSI=57.7 BS=0.000;[PASS] ADX: ADX=37.64 [>22], DI+=19.54, DI-=14.18;[PASS] CCI Momentum: CCI=31.30;[PASS] SAR: SAR=0.0980, price=0.0984;[FAIL] Stochastic: K=47.06 D=47.06;[FAIL] EMA Rejection: No rejection;[FAIL] Resistance Test: No test;[PASS] Pullback: Detected;[FAIL] Double Top/Bottom: No pattern;[PASS] Range Filter: EMA diff=0.0141 [>0.005];[PASS] Combined Range Filter: diff=0.0141, ADX=37.64, mode=AND"
PEPE-USDT,LONG,S1,پرومتئوس (Prometheus),0.00000366,0.00000351,0.00000000,2026-09-06 09:13:22,OPEN,,,,,,10.00,,"[FAIL] Candle Strength 15m: BS15=0.022 [>= 0.6];[FAIL] Candle Strength 5m: BS5=0.010 [>= 0.6];[PASS] EMA Trend 1h: EMA21=0.00, EMA50=0.00;[FAIL] EMA Trend 4h: EMA21=0.00, EMA50=0.00, EMA200=0.00;[PASS] RSI 30m: RSI=60.12;[FAIL] MACD 30m: MACD_hist=-0.0000;[FAIL] Smart Pullback: price=0.0000 EMA=0.0000 RSI=60.1 BS=0.629;[PASS] ADX: ADX=30.65 [>22], DI+=28.74, DI-=16.73;[FAIL] CCI Momentum: CCI=102.83;[PASS] SAR: SAR=0.0000, price=0.0000;[FAIL] Stochastic: K=64.77 D=64.77;[FAIL] EMA Rejection: No rejection;[FAIL] Resistance Test: No test;[PASS] Pullback: Detected;[PASS] Double Top/Bottom: Pattern=double_top;[PASS] Range Filter: EMA diff=0.0075 [>0.005];[PASS] Combined Range Filter: diff=0.0075, ADX=30.65, mode=AND"
DOGE-USDT,LONG,S1,پرومتئوس (Prometheus),0.09156000,0.08789760,0.00000000,2026-09-06 09:51:01,OPEN,,,,,,10.00,,"[FAIL] Candle Strength 15m: BS15=0.879 [too high - likely end of move];[PASS] Candle Strength 5m: BS5=0.750 [>= 0.6];[PASS] EMA Trend 1h: EMA21=0.09, EMA50=0.09;[PASS] EMA Trend 4h: EMA21=0.09, EMA50=0.09, EMA200=0.08;[PASS] RSI 30m: RSI=63.45;[FAIL] MACD 30m: MACD_hist=-0.0001;[FAIL] Smart Pullback: price=0.0916 EMA=0.0905 RSI=63.5 BS=0.879;[PASS] ADX: ADX=41.12 [>22], DI+=35.63, DI-=13.49;[FAIL] CCI Momentum: CCI=179.35;[PASS] SAR: SAR=0.0908, price=0.0916;[FAIL] Stochastic: K=83.27 D=83.27;[PASS] EMA Rejection: Rejected;[FAIL] Resistance Test: No test;[PASS] Pullback: Detected;[FAIL] Double Top/Bottom: No pattern;[PASS] Range Filter: EMA diff=0.0144 [>0.005];[PASS] Combined Range Filter: diff=0.0144, ADX=41.12, mode=AND"
DOGE-USDT,LONG,S3,کرونوس (Cronus),0.09156000,0.08789760,0.00000000,2026-09-06 09:51:02,OPEN,,,,,,10.00,,"[FAIL] Candle Strength 15m: BS15=0.879 [too high - likely end of move];[PASS] Candle Strength 5m: BS5=0.750 [>= 0.6];[PASS] EMA Trend 1h: EMA21=0.09, EMA50=0.09;[PASS] EMA Trend 4h: EMA21=0.09, EMA50=0.09, EMA200=0.08;[PASS] RSI 30m: RSI=63.45;[FAIL] MACD 30m: MACD_hist=-0.0001;[FAIL] Smart Pullback: price=0.0916 EMA=0.0905 RSI=63.5 BS=0.879;[PASS] ADX: ADX=41.12 [>22], DI+=35.63, DI-=13.49;[FAIL] CCI Momentum: CCI=179.35;[PASS] SAR: SAR=0.0908, price=0.0916;[FAIL] Stochastic: K=83.27 D=83.27;[PASS] EMA Rejection: Rejected;[FAIL] Resistance Test: No test;[PASS] Pullback: Detected;[FAIL] Double Top/Bottom: No pattern;[PASS] Range Filter: EMA diff=0.0144 [>0.005];[PASS] Combined Range Filter: diff=0.0144, ADX=41.12, mode=AND"
DOGE-USDT,LONG,B1,هایپریون (Hyperion),0.09156000,0.08789760,0.00000000,2026-09-06 09:51:04,OPEN,,,,,,10.00,,"[FAIL] Candle Strength 15m: BS15=0.879 [too high - likely end of move];[PASS] Candle Strength 5m: BS5=0.750 [>= 0.6];[PASS] EMA Trend 1h: EMA21=0.09, EMA50=0.09;[PASS] EMA Trend 4h: EMA21=0.09, EMA50=0.09, EMA200=0.08;[PASS] RSI 30m: RSI=63.45;[FAIL] MACD 30m: MACD_hist=-0.0001;[FAIL] Smart Pullback: price=0.0916 EMA=0.0905 RSI=63.5 BS=0.879;[PASS] ADX: ADX=41.12 [>22], DI+=35.63, DI-=13.49;[FAIL] CCI Momentum: CCI=179.35;[PASS] SAR: SAR=0.0908, price=0.0916;[FAIL] Stochastic: K=83.27 D=83.27;[PASS] EMA Rejection: Rejected;[FAIL] Resistance Test: No test;[PASS] Pullback: Detected;[FAIL] Double Top/Bottom: No pattern;[PASS] Range Filter: EMA diff=0.0144 [>0.005];[PASS] Combined Range Filter: diff=0.0144, ADX=41.12, mode=OR"
LINK-USDT,LONG,S1,پرومتئوس (Prometheus),12.25040000,11.76038400,0.00000000,2026-09-06 09:51:07,OPEN,,,,,,10.00,,"[FAIL] Candle Strength 15m: BS15=0.517 [>= 0.6];[FAIL] Candle Strength 5m: BS5=1.000 [too high];[PASS] EMA Trend 1h: EMA21=12.07, EMA50=11.90;[PASS] EMA Trend 4h: EMA21=11.80, EMA50=11.59, EMA200=10.32;[PASS] RSI 30m: RSI=60.24;[FAIL] MACD 30m: MACD_hist=-0.0033;[FAIL] Smart Pullback: price=12.2504 EMA=12.1508 RSI=60.2 BS=0.517;[PASS] ADX: ADX=43.86 [>22], DI+=36.30, DI-=13.13;[PASS] CCI Momentum: CCI=85.33;[PASS] SAR: SAR=12.1776, price=12.2504;[FAIL] Stochastic: K=53.27 D=53.27;[PASS] EMA Rejection: Rejected;[FAIL] Resistance Test: No test;[PASS] Pullback: Detected;[FAIL] Double Top/Bottom: No pattern;[PASS] Range Filter: EMA diff=0.0106 [>0.005];[PASS] Combined Range Filter: diff=0.0106, ADX=43.86, mode=AND"
INJ-USDT,LONG,S1,پرومتئوس (Prometheus),5.08700000,4.88352000,0.00000000,2026-09-06 09:51:10,OPEN,,,,,,10.00,,"[FAIL] Candle Strength 15m: BS15=0.333 [>= 0.6];[FAIL] Candle Strength 5m: BS5=0.333 [>= 0.6];[PASS] EMA Trend 1h: EMA21=4.99, EMA50=4.92;[FAIL] EMA Trend 4h: EMA21=4.92, EMA50=4.96, EMA200=4.89;[PASS] RSI 30m: RSI=61.41;[PASS] MACD 30m: MACD_hist=0.0033;[FAIL] Smart Pullback: price=5.0870 EMA=5.0381 RSI=61.4 BS=0.333;[PASS] ADX: ADX=38.41 [>22], DI+=35.94, DI-=15.08;[PASS] CCI Momentum: CCI=54.63;[FAIL] SAR: SAR=5.1014, price=5.0870;[FAIL] Stochastic: K=66.79 D=66.79;[FAIL] EMA Rejection: No rejection;[FAIL] Resistance Test: No test;[PASS] Pullback: Detected;[FAIL] Double Top/Bottom: No pattern;[PASS] Range Filter: EMA diff=0.0140 [>0.005];[PASS] Combined Range Filter: diff=0.0140, ADX=38.41, mode=AND"
SHIB-USDT,LONG,S1,پرومتئوس (Prometheus),0.00000548,0.00000526,0.00000000,2026-09-06 09:51:12,OPEN,,,,,,10.00,,"[FAIL] Candle Strength 15m: BS15=0.003 [>= 0.6];[FAIL] Candle Strength 5m: BS5=0.000 [>= 0.6];[PASS] EMA Trend 1h: EMA21=0.00, EMA50=0.00;[PASS] EMA Trend 4h: EMA21=0.00, EMA50=0.00, EMA200=0.00;[PASS] RSI 30m: RSI=51.33;[FAIL] MACD 30m: MACD_hist=-0.0000;[FAIL] Smart Pullback: price=0.0000 EMA=0.0000 RSI=51.3 BS=0.300;[PASS] ADX: ADX=27.27 [>22], DI+=30.51, DI-=19.88;[PASS] CCI Momentum: CCI=-2.20;[PASS] SAR: SAR=0.0000, price=0.0000;[FAIL] Stochastic: K=47.62 D=47.62;[PASS] EMA Rejection: Rejected;[FAIL] Resistance Test: No test;[PASS] Pullback: Detected;[PASS] Double Top/Bottom: Pattern=double_bottom;[PASS] Range Filter: EMA diff=0.0067 [>0.005];[PASS] Combined Range Filter: diff=0.0067, ADX=27.27, mode=AND"
SOL-USDT,LONG,S1,پرومتئوس (Prometheus),105.46000000,101.24160000,0.00000000,2026-09-06 10:16:13,OPEN,,,,,,10.00,,"[FAIL] Candle Strength 15m: BS15=0.900 [too high - likely end of move];[FAIL] Candle Strength 5m: BS5=0.900 [too high];[PASS] EMA Trend 1h: EMA21=104.08, EMA50=103.27;[PASS] EMA Trend 4h: EMA21=103.05, EMA50=102.01, EMA200=90.50;[PASS] RSI 30m: RSI=61.98;[PASS] MACD 30m: MACD_hist=0.1196;[FAIL] Smart Pullback: price=105.4600 EMA=104.7534 RSI=62.0 BS=0.900;[PASS] ADX: ADX=40.96 [>22], DI+=37.80, DI-=13.36;[PASS] CCI Momentum: CCI=65.30;[FAIL] SAR: SAR=105.6730, price=105.4600;[FAIL] Stochastic: K=58.57 D=58.57;[FAIL] EMA Rejection: No rejection;[FAIL] Resistance Test: No test;[PASS] Pullback: Detected;[FAIL] Double Top/Bottom: No pattern;[PASS] Range Filter: EMA diff=0.0084 [>0.005];[PASS] Combined Range Filter: diff=0.0084, ADX=40.96, mode=AND"
ATOM-USDT,LONG,S1,پرومتئوس (Prometheus),1.57760000,1.51449600,0.00000000,2026-09-06 10:16:18,OPEN,,,,,,10.00,,"[PASS] Candle Strength 15m: BS15=0.778 [>= 0.6];[PASS] Candle Strength 5m: BS5=0.778 [>= 0.6];[PASS] EMA Trend 1h: EMA21=1.56, EMA50=1.54;[PASS] EMA Trend 4h: EMA21=1.53, EMA50=1.51, EMA200=1.45;[PASS] RSI 30m: RSI=56.90;[FAIL] MACD 30m: MACD_hist=-0.0010;[FAIL] Smart Pullback: price=1.5776 EMA=1.5689 RSI=56.9 BS=0.778;[PASS] ADX: ADX=27.58 [>22], DI+=26.11, DI-=16.55;[PASS] CCI Momentum: CCI=52.78;[PASS] SAR: SAR=1.5704, price=1.5776;[FAIL] Stochastic: K=60.32 D=60.32;[PASS] EMA Rejection: Rejected;[FAIL] Resistance Test: No test;[PASS] Pullback: Detected;[PASS] Double Top/Bottom: Pattern=double_bottom;[PASS] Range Filter: EMA diff=0.0082 [>0.005];[PASS] Combined Range Filter: diff=0.0082, ADX=27.58, mode=AND"
ETH-USDT,LONG,S1,پرومتئوس (Prometheus),2494.65000000,2394.86400000,0.00000000,2026-09-06 10:45:44,OPEN,,,,,,10.00,,"[FAIL] Candle Strength 15m: BS15=0.998 [too high - likely end of move];[FAIL] Candle Strength 5m: BS5=0.998 [too high];[PASS] EMA Trend 1h: EMA21=2487.81, EMA50=2475.31;[PASS] EMA Trend 4h: EMA21=2469.07, EMA50=2451.99, EMA200=2224.54;[PASS] RSI 30m: RSI=51.65;[FAIL] MACD 30m: MACD_hist=-1.0665;[FAIL] Smart Pullback: price=2494.6500 EMA=2496.1716 RSI=51.7 BS=0.998;[PASS] ADX: ADX=55.81 [>22], DI+=30.58, DI-=21.04;[PASS] CCI Momentum: CCI=-11.38;[FAIL] SAR: SAR=2503.1056, price=2494.6500;[FAIL] Stochastic: K=27.28 D=27.28;[PASS] EMA Rejection: Rejected;[FAIL] Resistance Test: No test;[FAIL] Pullback: No pullback;[PASS] Double Top/Bottom: Pattern=double_top;[FAIL] Range Filter: EMA diff=0.0050 [>0.005];[PASS] Combined Range Filter: diff=0.0050, ADX=55.81, mode=AND"
NEAR-USDT,LONG,S3,کرونوس (Cronus),2.24960000,2.15961600,0.00000000,2026-09-06 10:45:47,OPEN,,,,,,10.00,,"[PASS] Candle Strength 15m: BS15=0.769 [>= 0.6];[PASS] Candle Strength 5m: BS5=0.769 [>= 0.6];[PASS] EMA Trend 1h: EMA21=2.21, EMA50=2.15;[PASS] EMA Trend 4h: EMA21=2.10, EMA50=2.00, EMA200=1.83;[PASS] RSI 30m: RSI=58.71;[PASS] MACD 30m: MACD_hist=0.0054;[FAIL] Smart Pullback: price=2.2496 EMA=2.2164 RSI=58.7 BS=0.769;[FAIL] ADX: ADX=12.94 [>22], DI+=22.67, DI-=12.45;[FAIL] CCI Momentum: CCI=185.27;[PASS] SAR: SAR=2.2126, price=2.2496;[FAIL] Stochastic: K=73.71 D=73.71;[PASS] EMA Rejection: Rejected;[FAIL] Resistance Test: No test;[PASS] Pullback: Detected;[FAIL] Double Top/Bottom: No pattern;[PASS] Range Filter: EMA diff=0.0082 [>0.005];[PASS] Combined Range Filter: diff=0.0082, ADX=12.94, mode=AND"
NEAR-USDT,LONG,B1,هایپریون (Hyperion),2.24960000,2.15961600,0.00000000,2026-09-06 10:45:49,OPEN,,,,,,10.00,,"[PASS] Candle Strength 15m: BS15=0.769 [>= 0.6];[PASS] Candle Strength 5m: BS5=0.769 [>= 0.6];[PASS] EMA Trend 1h: EMA21=2.21, EMA50=2.15;[PASS] EMA Trend 4h: EMA21=2.10, EMA50=2.00, EMA200=1.83;[PASS] RSI 30m: RSI=58.71;[PASS] MACD 30m: MACD_hist=0.0054;[FAIL] Smart Pullback: price=2.2496 EMA=2.2164 RSI=58.7 BS=0.769;[FAIL] ADX: ADX=12.94 [>22], DI+=22.67, DI-=12.45;[FAIL] CCI Momentum: CCI=185.27;[PASS] SAR: SAR=2.2126, price=2.2496;[FAIL] Stochastic: K=73.71 D=73.71;[PASS] EMA Rejection: Rejected;[FAIL] Resistance Test: No test;[PASS] Pullback: Detected;[FAIL] Double Top/Bottom: No pattern;[PASS] Range Filter: EMA diff=0.0082 [>0.005];[FAIL] Combined Range Filter: diff=0.0082, ADX=12.94, mode=OR"
DOT-USDT,LONG,S1,پرومتئوس (Prometheus),0.93730000,0.89980800,0.00000000,2026-09-06 10:45:50,OPEN,,,,,,10.00,,"[FAIL] Candle Strength 15m: BS15=1.000 [too high - likely end of move];[FAIL] Candle Strength 5m: BS5=1.000 [too high];[PASS] EMA Trend 1h: EMA21=0.92, EMA50=0.91;[PASS] EMA Trend 4h: EMA21=0.90, EMA50=0.88, EMA200=0.84;[PASS] RSI 30m: RSI=64.89;[FAIL] MACD 30m: MACD_hist=0.0006;[FAIL] Smart Pullback: price=0.9373 EMA=0.9266 RSI=64.9 BS=1.000;[PASS] ADX: ADX=42.98 [>22], DI+=28.01, DI-=9.52;[FAIL] CCI Momentum: CCI=155.77;[PASS] SAR: SAR=0.9279, price=0.9373;[FAIL] Stochastic: K=77.13 D=77.13;[FAIL] EMA Rejection: No rejection;[FAIL] Resistance Test: No test;[PASS] Pullback: Detected;[PASS] Double Top/Bottom: Pattern=double_top;[PASS] Range Filter: EMA diff=0.0110 [>0.005];[PASS] Combined Range Filter: diff=0.0110, ADX=42.98, mode=AND"
DOT-USDT,LONG,S3,کرونوس (Cronus),0.93730000,0.89980800,0.00000000,2026-09-06 10:45:52,OPEN,,,,,,10.00,,"[FAIL] Candle Strength 15m: BS15=1.000 [too high - likely end of move];[FAIL] Candle Strength 5m: BS5=1.000 [too high];[PASS] EMA Trend 1h: EMA21=0.92, EMA50=0.91;[PASS] EMA Trend 4h: EMA21=0.90, EMA50=0.88, EMA200=0.84;[PASS] RSI 30m: RSI=64.89;[FAIL] MACD 30m: MACD_hist=0.0006;[FAIL] Smart Pullback: price=0.9373 EMA=0.9266 RSI=64.9 BS=1.000;[PASS] ADX: ADX=42.98 [>22], DI+=28.01, DI-=9.52;[FAIL] CCI Momentum: CCI=155.77;[PASS] SAR: SAR=0.9279, price=0.9373;[FAIL] Stochastic: K=77.13 D=77.13;[FAIL] EMA Rejection: No rejection;[FAIL] Resistance Test: No test;[PASS] Pullback: Detected;[PASS] Double Top/Bottom: Pattern=double_top;[PASS] Range Filter: EMA diff=0.0110 [>0.005];[PASS] Combined Range Filter: diff=0.0110, ADX=42.98, mode=AND"
DOT-USDT,LONG,B1,هایپریون (Hyperion),0.93730000,0.89980800,0.00000000,2026-09-06 10:45:54,OPEN,,,,,,10.00,,"[FAIL] Candle Strength 15m: BS15=1.000 [too high - likely end of move];[FAIL] Candle Strength 5m: BS5=1.000 [too high];[PASS] EMA Trend 1h: EMA21=0.92, EMA50=0.91;[PASS] EMA Trend 4h: EMA21=0.90, EMA50=0.88, EMA200=0.84;[PASS] RSI 30m: RSI=64.89;[FAIL] MACD 30m: MACD_hist=0.0006;[FAIL] Smart Pullback: price=0.9373 EMA=0.9266 RSI=64.9 BS=1.000;[PASS] ADX: ADX=42.98 [>22], DI+=28.01, DI-=9.52;[FAIL] CCI Momentum: CCI=155.77;[PASS] SAR: SAR=0.9279, price=0.9373;[FAIL] Stochastic: K=77.13 D=77.13;[FAIL] EMA Rejection: No rejection;[FAIL] Resistance Test: No test;[PASS] Pullback: Detected;[PASS] Double Top/Bottom: Pattern=double_top;[PASS] Range Filter: EMA diff=0.0110 [>0.005];[PASS] Combined Range Filter: diff=0.0110, ADX=42.98, mode=OR"
LINK-USDT,LONG,S1,پرومتئوس (Prometheus),12.18760000,11.70009600,0.00000000,2026-09-06 10:45:56,OPEN,,,,,,10.00,,"[FAIL] Candle Strength 15m: BS15=0.960 [too high - likely end of move];[FAIL] Candle Strength 5m: BS5=0.960 [too high];[PASS] EMA Trend 1h: EMA21=12.08, EMA50=11.91;[PASS] EMA Trend 4h: EMA21=11.79, EMA50=11.58, EMA200=10.32;[PASS] RSI 30m: RSI=54.48;[FAIL] MACD 30m: MACD_hist=-0.0087;[FAIL] Smart Pullback: price=12.1876 EMA=12.1618 RSI=54.5 BS=0.960;[PASS] ADX: ADX=42.29 [>22], DI+=29.81, DI-=18.95;[PASS] CCI Momentum: CCI=25.12;[FAIL] SAR: SAR=12.2207, price=12.1876;[FAIL] Stochastic: K=30.69 D=30.69;[FAIL] EMA Rejection: No rejection;[FAIL] Resistance Test: No test;[PASS] Pullback: Detected;[FAIL] Double Top/Bottom: No pattern;[PASS] Range Filter: EMA diff=0.0103 [>0.005];[PASS] Combined Range Filter: diff=0.0103, ADX=42.29, mode=AND"
ATOM-USDT,LONG,S1,پرومتئوس (Prometheus),1.57670000,1.51363200,0.00000000,2026-09-06 10:45:58,OPEN,,,,,,10.00,,"[FAIL] Candle Strength 15m: BS15=1.000 [too high - likely end of move];[FAIL] Candle Strength 5m: BS5=1.000 [too high];[PASS] EMA Trend 1h: EMA21=1.56, EMA50=1.54;[PASS] EMA Trend 4h: EMA21=1.53, EMA50=1.51, EMA200=1.45;[PASS] RSI 30m: RSI=55.95;[FAIL] MACD 30m: MACD_hist=-0.0008;[FAIL] Smart Pullback: price=1.5767 EMA=1.5698 RSI=56.0 BS=1.000;[PASS] ADX: ADX=27.21 [>22], DI+=26.09, DI-=19.29;[PASS] CCI Momentum: CCI=30.29;[PASS] SAR: SAR=1.5730, price=1.5767;[FAIL] Stochastic: K=57.91 D=57.91;[PASS] EMA Rejection: Rejected;[FAIL] Resistance Test: No test;[PASS] Pullback: Detected;[PASS] Double Top/Bottom: Pattern=double_bottom;[PASS] Range Filter: EMA diff=0.0082 [>0.005];[PASS] Combined Range Filter: diff=0.0082, ADX=27.21, mode=AND"
TIA-USDT,LONG,S1,پرومتئوس (Prometheus),0.38130000,0.36604800,0.00000000,2026-09-06 10:46:00,OPEN,,,,,,10.00,,"[FAIL] Candle Strength 15m: BS15=0.333 [>= 0.6];[FAIL] Candle Strength 5m: BS5=0.333 [>= 0.6];[PASS] EMA Trend 1h: EMA21=0.38, EMA50=0.37;[PASS] EMA Trend 4h: EMA21=0.36, EMA50=0.36, EMA200=0.34;[PASS] RSI 30m: RSI=54.43;[FAIL] MACD 30m: MACD_hist=-0.0006;[FAIL] Smart Pullback: price=0.3813 EMA=0.3805 RSI=54.4 BS=0.333;[PASS] ADX: ADX=36.32 [>22], DI+=29.32, DI-=15.63;[PASS] CCI Momentum: CCI=7.31;[FAIL] SAR: SAR=0.3817, price=0.3813;[FAIL] Stochastic: K=35.79 D=35.79;[FAIL] EMA Rejection: No rejection;[FAIL] Resistance Test: No test;[PASS] Pullback: Detected;[PASS] Double Top/Bottom: Pattern=double_top;[PASS] Range Filter: EMA diff=0.0157 [>0.005];[PASS] Combined Range Filter: diff=0.0157, ADX=36.32, mode=AND"
TIA-USDT,LONG,S3,کرونوس (Cronus),0.38130000,0.36604800,0.00000000,2026-09-06 10:46:02,OPEN,,,,,,10.00,,"[FAIL] Candle Strength 15m: BS15=0.333 [>= 0.6];[FAIL] Candle Strength 5m: BS5=0.333 [>= 0.6];[PASS] EMA Trend 1h: EMA21=0.38, EMA50=0.37;[PASS] EMA Trend 4h: EMA21=0.36, EMA50=0.36, EMA200=0.34;[PASS] RSI 30m: RSI=54.43;[FAIL] MACD 30m: MACD_hist=-0.0006;[FAIL] Smart Pullback: price=0.3813 EMA=0.3805 RSI=54.4 BS=0.333;[PASS] ADX: ADX=36.32 [>22], DI+=29.32, DI-=15.63;[PASS] CCI Momentum: CCI=7.31;[FAIL] SAR: SAR=0.3817, price=0.3813;[FAIL] Stochastic: K=35.79 D=35.79;[FAIL] EMA Rejection: No rejection;[FAIL] Resistance Test: No test;[PASS] Pullback: Detected;[PASS] Double Top/Bottom: Pattern=double_top;[PASS] Range Filter: EMA diff=0.0157 [>0.005];[PASS] Combined Range Filter: diff=0.0157, ADX=36.32, mode=AND"
TIA-USDT,LONG,B1,هایپریون (Hyperion),0.38130000,0.36604800,0.00000000,2026-09-06 10:46:20,OPEN,,,,,,10.00,,"[FAIL] Candle Strength 15m: BS15=0.333 [>= 0.6];[FAIL] Candle Strength 5m: BS5=0.333 [>= 0.6];[PASS] EMA Trend 1h: EMA21=0.38, EMA50=0.37;[PASS] EMA Trend 4h: EMA21=0.36, EMA50=0.36, EMA200=0.34;[PASS] RSI 30m: RSI=54.43;[FAIL] MACD 30m: MACD_hist=-0.0006;[FAIL] Smart Pullback: price=0.3813 EMA=0.3805 RSI=54.4 BS=0.333;[PASS] ADX: ADX=36.32 [>22], DI+=29.32, DI-=15.63;[PASS] CCI Momentum: CCI=7.31;[FAIL] SAR: SAR=0.3817, price=0.3813;[FAIL] Stochastic: K=35.79 D=35.79;[FAIL] EMA Rejection: No rejection;[FAIL] Resistance Test: No test;[PASS] Pullback: Detected;[PASS] Double Top/Bottom: Pattern=double_top;[PASS] Range Filter: EMA diff=0.0157 [>0.005];[PASS] Combined Range Filter: diff=0.0157, ADX=36.32, mode=OR"
NEAR-USDT,LONG,S3,کرونوس (Cronus),2.29760000,2.20569600,0.00000000,2026-09-06 11:12:41,OPEN,,,,,,10.00,,"[FAIL] Candle Strength 15m: BS15=0.921 [too high - likely end of move];[FAIL] Candle Strength 5m: BS5=0.356 [>= 0.6];[PASS] EMA Trend 1h: EMA21=2.21, EMA50=2.15;[PASS] EMA Trend 4h: EMA21=2.11, EMA50=2.00, EMA200=1.83;[FAIL] RSI 30m: RSI=66.93;[PASS] MACD 30m: MACD_hist=0.0086;[FAIL] Smart Pullback: price=2.2976 EMA=2.2241 RSI=66.9 BS=0.921;[FAIL] ADX: ADX=14.81 [>22], DI+=25.43, DI-=11.15;[FAIL] CCI Momentum: CCI=254.15;[PASS] SAR: SAR=2.2332, price=2.2976;[FAIL] Stochastic: K=98.16 D=98.16;[PASS] EMA Rejection: Rejected;[FAIL] Resistance Test: No test;[PASS] Pullback: Detected;[FAIL] Double Top/Bottom: No pattern;[PASS] Range Filter: EMA diff=0.0096 [>0.005];[PASS] Combined Range Filter: diff=0.0096, ADX=14.81, mode=AND"
NEAR-USDT,LONG,B1,هایپریون (Hyperion),2.29760000,2.20569600,0.00000000,2026-09-06 11:12:43,OPEN,,,,,,10.00,,"[FAIL] Candle Strength 15m: BS15=0.921 [too high - likely end of move];[FAIL] Candle Strength 5m: BS5=0.356 [>= 0.6];[PASS] EMA Trend 1h: EMA21=2.21, EMA50=2.15;[PASS] EMA Trend 4h: EMA21=2.11, EMA50=2.00, EMA200=1.83;[FAIL] RSI 30m: RSI=66.93;[PASS] MACD 30m: MACD_hist=0.0086;[FAIL] Smart Pullback: price=2.2976 EMA=2.2241 RSI=66.9 BS=0.921;[FAIL] ADX: ADX=14.81 [>22], DI+=25.43, DI-=11.15;[FAIL] CCI Momentum: CCI=254.15;[PASS] SAR: SAR=2.2332, price=2.2976;[FAIL] Stochastic: K=98.16 D=98.16;[PASS] EMA Rejection: Rejected;[FAIL] Resistance Test: No test;[PASS] Pullback: Detected;[FAIL] Double Top/Bottom: No pattern;[PASS] Range Filter: EMA diff=0.0096 [>0.005];[FAIL] Combined Range Filter: diff=0.0096, ADX=14.81, mode=OR"
LINK-USDT,LONG,S1,پرومتئوس (Prometheus),12.21200000,11.72352000,0.00000000,2026-09-06 11:12:45,OPEN,,,,,,10.00,,"[FAIL] Candle Strength 15m: BS15=0.008 [>= 0.6];[FAIL] Candle Strength 5m: BS5=0.487 [>= 0.6];[PASS] EMA Trend 1h: EMA21=12.08, EMA50=11.91;[PASS] EMA Trend 4h: EMA21=11.79, EMA50=11.59, EMA200=10.32;[PASS] RSI 30m: RSI=56.54;[FAIL] MACD 30m: MACD_hist=-0.0094;[FAIL] Smart Pullback: price=12.2120 EMA=12.1683 RSI=56.5 BS=0.008;[PASS] ADX: ADX=40.86 [>22], DI+=29.19, DI-=18.56;[PASS] CCI Momentum: CCI=30.00;[PASS] SAR: SAR=12.1325, price=12.2120;[FAIL] Stochastic: K=26.44 D=26.44;[FAIL] EMA Rejection: No rejection;[FAIL] Resistance Test: No test;[PASS] Pullback: Detected;[FAIL] Double Top/Bottom: No pattern;[PASS] Range Filter: EMA diff=0.0102 [>0.005];[PASS] Combined Range Filter: diff=0.0102, ADX=40.86, mode=AND"
ATOM-USDT,LONG,S1,پرومتئوس (Prometheus),1.58740000,1.52390400,0.00000000,2026-09-06 11:12:46,OPEN,,,,,,10.00,,"[PASS] Candle Strength 15m: BS15=0.646 [>= 0.6];[FAIL] Candle Strength 5m: BS5=1.000 [too high];[PASS] EMA Trend 1h: EMA21=1.56, EMA50=1.54;[PASS] EMA Trend 4h: EMA21=1.53, EMA50=1.51, EMA200=1.45;[PASS] RSI 30m: RSI=61.62;[FAIL] MACD 30m: MACD_hist=-0.0000;[FAIL] Smart Pullback: price=1.5874 EMA=1.5717 RSI=61.6 BS=0.646;[PASS] ADX: ADX=26.81 [>22], DI+=28.18, DI-=18.20;[PASS] CCI Momentum: CCI=96.15;[PASS] SAR: SAR=1.5659, price=1.5874;[FAIL] Stochastic: K=85.25 D=85.25;[PASS] EMA Rejection: Rejected;[FAIL] Resistance Test: No test;[PASS] Pullback: Detected;[FAIL] Double Top/Bottom: No pattern;[PASS] Range Filter: EMA diff=0.0085 [>0.005];[PASS] Combined Range Filter: diff=0.0085, ADX=26.81, mode=AND"
INJ-USDT,LONG,S1,پرومتئوس (Prometheus),5.08500000,4.88160000,0.00000000,2026-09-06 11:12:49,OPEN,,,,,,10.00,,"[FAIL] Candle Strength 15m: BS15=0.033 [>= 0.6];[FAIL] Candle Strength 5m: BS5=0.000 [>= 0.6];[PASS] EMA Trend 1h: EMA21=5.00, EMA50=4.93;[FAIL] EMA Trend 4h: EMA21=4.92, EMA50=4.96, EMA200=4.89;[PASS] RSI 30m: RSI=58.78;[FAIL] MACD 30m: MACD_hist=-0.0033;[FAIL] Smart Pullback: price=5.0850 EMA=5.0497 RSI=58.8 BS=0.033;[PASS] ADX: ADX=37.83 [>22], DI+=31.99, DI-=13.99;[PASS] CCI Momentum: CCI=44.90;[PASS] SAR: SAR=5.0417, price=5.0850;[FAIL] Stochastic: K=41.06 D=41.06;[FAIL] EMA Rejection: No rejection;[FAIL] Resistance Test: No test;[PASS] Pullback: Detected;[FAIL] Double Top/Bottom: No pattern;[PASS] Range Filter: EMA diff=0.0137 [>0.005];[PASS] Combined Range Filter: diff=0.0137, ADX=37.83, mode=AND"
TIA-USDT,LONG,S1,پرومتئوس (Prometheus),0.38560000,0.37017600,0.00000000,2026-09-06 11:12:51,OPEN,,,,,,10.00,,"[FAIL] Candle Strength 15m: BS15=0.917 [too high - likely end of move];[FAIL] Candle Strength 5m: BS5=1.000 [too high];[PASS] EMA Trend 1h: EMA21=0.38, EMA50=0.37;[PASS] EMA Trend 4h: EMA21=0.36, EMA50=0.36, EMA200=0.34;[PASS] RSI 30m: RSI=61.56;[FAIL] MACD 30m: MACD_hist=-0.0004;[FAIL] Smart Pullback: price=0.3856 EMA=0.3810 RSI=61.6 BS=0.917;[PASS] ADX: ADX=35.58 [>22], DI+=26.71, DI-=14.99;[PASS] CCI Momentum: CCI=77.81;[PASS] SAR: SAR=0.3804, price=0.3856;[FAIL] Stochastic: K=81.05 D=81.05;[FAIL] EMA Rejection: No rejection;[FAIL] Resistance Test: No test;[PASS] Pullback: Detected;[FAIL] Double Top/Bottom: No pattern;[PASS] Range Filter: EMA diff=0.0156 [>0.005];[PASS] Combined Range Filter: diff=0.0156, ADX=35.58, mode=AND"
TIA-USDT,LONG,S3,کرونوس (Cronus),0.38560000,0.37017600,0.00000000,2026-09-06 11:12:52,OPEN,,,,,,10.00,,"[FAIL] Candle Strength 15m: BS15=0.917 [too high - likely end of move];[FAIL] Candle Strength 5m: BS5=1.000 [too high];[PASS] EMA Trend 1h: EMA21=0.38, EMA50=0.37;[PASS] EMA Trend 4h: EMA21=0.36, EMA50=0.36, EMA200=0.34;[PASS] RSI 30m: RSI=61.56;[FAIL] MACD 30m: MACD_hist=-0.0004;[FAIL] Smart Pullback: price=0.3856 EMA=0.3810 RSI=61.6 BS=0.917;[PASS] ADX: ADX=35.58 [>22], DI+=26.71, DI-=14.99;[PASS] CCI Momentum: CCI=77.81;[PASS] SAR: SAR=0.3804, price=0.3856;[FAIL] Stochastic: K=81.05 D=81.05;[FAIL] EMA Rejection: No rejection;[FAIL] Resistance Test: No test;[PASS] Pullback: Detected;[FAIL] Double Top/Bottom: No pattern;[PASS] Range Filter: EMA diff=0.0156 [>0.005];[PASS] Combined Range Filter: diff=0.0156, ADX=35.58, mode=AND"
TIA-USDT,LONG,B1,هایپریون (Hyperion),0.38560000,0.37017600,0.00000000,2026-09-06 11:12:54,OPEN,,,,,,10.00,,"[FAIL] Candle Strength 15m: BS15=0.917 [too high - likely end of move];[FAIL] Candle Strength 5m: BS5=1.000 [too high];[PASS] EMA Trend 1h: EMA21=0.38, EMA50=0.37;[PASS] EMA Trend 4h: EMA21=0.36, EMA50=0.36, EMA200=0.34;[PASS] RSI 30m: RSI=61.56;[FAIL] MACD 30m: MACD_hist=-0.0004;[FAIL] Smart Pullback: price=0.3856 EMA=0.3810 RSI=61.6 BS=0.917;[PASS] ADX: ADX=35.58 [>22], DI+=26.71, DI-=14.99;[PASS] CCI Momentum: CCI=77.81;[PASS] SAR: SAR=0.3804, price=0.3856;[FAIL] Stochastic: K=81.05 D=81.05;[FAIL] EMA Rejection: No rejection;[FAIL] Resistance Test: No test;[PASS] Pullback: Detected;[FAIL] Double Top/Bottom: No pattern;[PASS] Range Filter: EMA diff=0.0156 [>0.005];[PASS] Combined Range Filter: diff=0.0156, ADX=35.58, mode=OR"
POL-USDT,LONG,S1,پرومتئوس (Prometheus),0.09880000,0.09484800,0.00000000,2026-09-06 11:12:55,OPEN,,,,,,10.00,,"[FAIL] Candle Strength 15m: BS15=1.000 [too high - likely end of move];[FAIL] Candle Strength 5m: BS5=0.500 [>= 0.6];[PASS] EMA Trend 1h: EMA21=0.10, EMA50=0.10;[FAIL] EMA Trend 4h: EMA21=0.10, EMA50=0.10, EMA200=0.09;[PASS] RSI 30m: RSI=60.16;[FAIL] MACD 30m: MACD_hist=-0.0002;[FAIL] Smart Pullback: price=0.0988 EMA=0.0981 RSI=60.2 BS=1.000;[PASS] ADX: ADX=28.40 [>22], DI+=16.91, DI-=16.63;[PASS] CCI Momentum: CCI=13.51;[PASS] SAR: SAR=0.0980, price=0.0988;[FAIL] Stochastic: K=46.15 D=46.15;[FAIL] EMA Rejection: No rejection;[FAIL] Resistance Test: No test;[PASS] Pullback: Detected;[PASS] Double Top/Bottom: Pattern=double_bottom;[PASS] Range Filter: EMA diff=0.0127 [>0.005];[PASS] Combined Range Filter: diff=0.0127, ADX=28.40, mode=AND"
BNB-USDT,LONG,B1,هایپریون (Hyperion),755.91200000,725.67552000,0.00000000,2026-09-06 11:48:36,OPEN,,,,,,10.00,,"[FAIL] Candle Strength 15m: BS15=0.548 [>= 0.6];[FAIL] Candle Strength 5m: BS5=0.548 [>= 0.6];[PASS] EMA Trend 1h: EMA21=759.69, EMA50=746.39;[PASS] EMA Trend 4h: EMA21=736.62, EMA50=716.54, EMA200=659.00;[FAIL] RSI 30m: RSI=34.10;[FAIL] MACD 30m: MACD_hist=-1.3445;[FAIL] Smart Pullback: price=755.9120 EMA=762.1036 RSI=34.1 BS=0.548;[FAIL] ADX: ADX=26.91 [>22], DI+=12.20, DI-=28.37;[FAIL] CCI Momentum: CCI=-178.32;[PASS] SAR: SAR=755.2632, price=755.9120;[FAIL] Stochastic: K=12.31 D=12.31;[FAIL] EMA Rejection: No rejection;[PASS] Resistance Test: Tested;[FAIL] Pullback: No pullback;[PASS] Double Top/Bottom: Pattern=double_top;[PASS] Range Filter: EMA diff=0.0055 [>0.005];[PASS] Combined Range Filter: diff=0.0055, ADX=26.91, mode=OR"
SOL-USDT,LONG,B1,هایپریون (Hyperion),105.20000000,100.99200000,0.00000000,2026-09-06 11:48:38,OPEN,,,,,,10.00,,"[PASS] Candle Strength 15m: BS15=0.750 [>= 0.6];[PASS] Candle Strength 5m: BS5=0.750 [>= 0.6];[PASS] EMA Trend 1h: EMA21=104.27, EMA50=103.41;[PASS] EMA Trend 4h: EMA21=103.23, EMA50=102.13, EMA200=90.59;[PASS] RSI 30m: RSI=57.89;[FAIL] MACD 30m: MACD_hist=-0.0426;[FAIL] Smart Pullback: price=105.2000 EMA=104.8566 RSI=57.9 BS=0.750;[PASS] ADX: ADX=38.37 [>22], DI+=32.30, DI-=17.82;[PASS] CCI Momentum: CCI=34.48;[PASS] SAR: SAR=104.9000, price=105.2000;[FAIL] Stochastic: K=46.74 D=46.74;[FAIL] EMA Rejection: No rejection;[FAIL] Resistance Test: No test;[PASS] Pullback: Detected;[FAIL] Double Top/Bottom: No pattern;[PASS] Range Filter: EMA diff=0.0080 [>0.005];[PASS] Combined Range Filter: diff=0.0080, ADX=38.37, mode=OR"
LTC-USDT,LONG,B1,هایپریون (Hyperion),54.14000000,51.97440000,0.00000000,2026-09-06 11:48:40,OPEN,,,,,,10.00,,"[FAIL] Candle Strength 15m: BS15=0.565 [>= 0.6];[FAIL] Candle Strength 5m: BS5=0.565 [>= 0.6];[PASS] EMA Trend 1h: EMA21=54.04, EMA50=53.07;[PASS] EMA Trend 4h: EMA21=52.45, EMA50=51.12, EMA200=48.36;[FAIL] RSI 30m: RSI=47.36;[FAIL] MACD 30m: MACD_hist=-0.1106;[PASS] Smart Pullback: price=54.1400 EMA=54.3033 RSI=47.4 BS=0.565;[FAIL] ADX: ADX=21.31 [>22], DI+=23.10, DI-=26.71;[FAIL] CCI Momentum: CCI=-97.03;[PASS] SAR: SAR=53.4190, price=54.1400;[FAIL] Stochastic: K=42.29 D=42.29;[FAIL] EMA Rejection: No rejection;[PASS] Resistance Test: Tested;[PASS] Pullback: Detected;[FAIL] Double Top/Bottom: No pattern;[PASS] Range Filter: EMA diff=0.0074 [>0.005];[FAIL] Combined Range Filter: diff=0.0074, ADX=21.31, mode=OR"
SUI-USDT,LONG,S1,پرومتئوس (Prometheus),0.79530000,0.76348800,0.00000000,2026-09-06 11:48:42,OPEN,,,,,,10.00,,"[PASS] Candle Strength 15m: BS15=0.600 [>= 0.6];[PASS] Candle Strength 5m: BS5=0.600 [>= 0.6];[PASS] EMA Trend 1h: EMA21=0.79, EMA50=0.78;[PASS] EMA Trend 4h: EMA21=0.78, EMA50=0.76, EMA200=0.73;[FAIL] RSI 30m: RSI=48.44;[FAIL] MACD 30m: MACD_hist=-0.0009;[FAIL] Smart Pullback: price=0.7953 EMA=0.7968 RSI=48.4 BS=0.600;[PASS] ADX: ADX=28.12 [>22], DI+=20.47, DI-=19.07;[FAIL] CCI Momentum: CCI=-82.51;[PASS] SAR: SAR=0.7895, price=0.7953;[FAIL] Stochastic: K=38.43 D=38.43;[FAIL] EMA Rejection: No rejection;[FAIL] Resistance Test: No test;[PASS] Pullback: Detected;[FAIL] Double Top/Bottom: No pattern;[FAIL] Range Filter: EMA diff=0.0048 [>0.005];[PASS] Combined Range Filter: diff=0.0048, ADX=28.12, mode=AND"
SUI-USDT,LONG,B1,هایپریون (Hyperion),0.79530000,0.76348800,0.00000000,2026-09-06 11:48:44,OPEN,,,,,,10.00,,"[PASS] Candle Strength 15m: BS15=0.600 [>= 0.6];[PASS] Candle Strength 5m: BS5=0.600 [>= 0.6];[PASS] EMA Trend 1h: EMA21=0.79, EMA50=0.78;[PASS] EMA Trend 4h: EMA21=0.78, EMA50=0.76, EMA200=0.73;[FAIL] RSI 30m: RSI=48.44;[FAIL] MACD 30m: MACD_hist=-0.0009;[FAIL] Smart Pullback: price=0.7953 EMA=0.7968 RSI=48.4 BS=0.600;[PASS] ADX: ADX=28.12 [>22], DI+=20.47, DI-=19.07;[FAIL] CCI Momentum: CCI=-82.51;[PASS] SAR: SAR=0.7895, price=0.7953;[FAIL] Stochastic: K=38.43 D=38.43;[FAIL] EMA Rejection: No rejection;[FAIL] Resistance Test: No test;[PASS] Pullback: Detected;[FAIL] Double Top/Bottom: No pattern;[FAIL] Range Filter: EMA diff=0.0048 [>0.005];[PASS] Combined Range Filter: diff=0.0048, ADX=28.12, mode=OR"
NEAR-USDT,LONG,S3,کرونوس (Cronus),2.33770000,2.24419200,0.00000000,2026-09-06 11:49:01,OPEN,,,,,,10.00,,"[FAIL] Candle Strength 15m: BS15=0.985 [too high - likely end of move];[FAIL] Candle Strength 5m: BS5=0.985 [too high];[PASS] EMA Trend 1h: EMA21=2.23, EMA50=2.16;[PASS] EMA Trend 4h: EMA21=2.13, EMA50=2.02, EMA200=1.84;[FAIL] RSI 30m: RSI=71.78;[PASS] MACD 30m: MACD_hist=0.0127;[FAIL] Smart Pullback: price=2.3377 EMA=2.2350 RSI=71.8 BS=0.985;[FAIL] ADX: ADX=18.11 [>22], DI+=34.75, DI-=9.40;[FAIL] CCI Momentum: CCI=305.59;[PASS] SAR: SAR=2.2551, price=2.3377;[FAIL] Stochastic: K=84.32 D=84.32;[PASS] EMA Rejection: Rejected;[FAIL] Resistance Test: No test;[PASS] Pullback: Detected;[PASS] Double Top/Bottom: Pattern=double_bottom;[PASS] Range Filter: EMA diff=0.0117 [>0.005];[PASS] Combined Range Filter: diff=0.0117, ADX=18.11, mode=AND"
NEAR-USDT,LONG,B1,هایپریون (Hyperion),2.33770000,2.24419200,0.00000000,2026-09-06 11:49:15,OPEN,,,,,,10.00,,"[FAIL] Candle Strength 15m: BS15=0.985 [too high - likely end of move];[FAIL] Candle Strength 5m: BS5=0.985 [too high];[PASS] EMA Trend 1h: EMA21=2.23, EMA50=2.16;[PASS] EMA Trend 4h: EMA21=2.13, EMA50=2.02, EMA200=1.84;[FAIL] RSI 30m: RSI=71.78;[PASS] MACD 30m: MACD_hist=0.0127;[FAIL] Smart Pullback: price=2.3377 EMA=2.2350 RSI=71.8 BS=0.985;[FAIL] ADX: ADX=18.11 [>22], DI+=34.75, DI-=9.40;[FAIL] CCI Momentum: CCI=305.59;[PASS] SAR: SAR=2.2551, price=2.3377;[FAIL] Stochastic: K=84.32 D=84.32;[PASS] EMA Rejection: Rejected;[FAIL] Resistance Test: No test;[PASS] Pullback: Detected;[PASS] Double Top/Bottom: Pattern=double_bottom;[PASS] Range Filter: EMA diff=0.0117 [>0.005];[FAIL] Combined Range Filter: diff=0.0117, ADX=18.11, mode=OR"
DOT-USDT,LONG,S3,کرونوس (Cronus),0.95620000,0.91795200,0.00000000,2026-09-06 11:49:16,OPEN,,,,,,10.00,,"[PASS] Candle Strength 15m: BS15=0.707 [>= 0.6];[PASS] Candle Strength 5m: BS5=0.707 [>= 0.6];[PASS] EMA Trend 1h: EMA21=0.92, EMA50=0.91;[PASS] EMA Trend 4h: EMA21=0.90, EMA50=0.88, EMA200=0.84;[FAIL] RSI 30m: RSI=73.60;[FAIL] MACD 30m: MACD_hist=0.0018;[FAIL] Smart Pullback: price=0.9562 EMA=0.9303 RSI=73.6 BS=0.707;[PASS] ADX: ADX=45.27 [>22], DI+=35.95, DI-=7.14;[FAIL] CCI Momentum: CCI=271.84;[PASS] SAR: SAR=0.9339, price=0.9562;[FAIL] Stochastic: K=88.75 D=88.75;[PASS] EMA Rejection: Rejected;[FAIL] Resistance Test: No test;[PASS] Pullback: Detected;[PASS] Double Top/Bottom: Pattern=double_bottom;[PASS] Range Filter: EMA diff=0.0121 [>0.005];[PASS] Combined Range Filter: diff=0.0121, ADX=45.27, mode=AND"
DOT-USDT,LONG,B1,هایپریون (Hyperion),0.95620000,0.91795200,0.00000000,2026-09-06 11:49:18,OPEN,,,,,,10.00,,"[PASS] Candle Strength 15m: BS15=0.707 [>= 0.6];[PASS] Candle Strength 5m: BS5=0.707 [>= 0.6];[PASS] EMA Trend 1h: EMA21=0.92, EMA50=0.91;[PASS] EMA Trend 4h: EMA21=0.90, EMA50=0.88, EMA200=0.84;[FAIL] RSI 30m: RSI=73.60;[FAIL] MACD 30m: MACD_hist=0.0018;[FAIL] Smart Pullback: price=0.9562 EMA=0.9303 RSI=73.6 BS=0.707;[PASS] ADX: ADX=45.27 [>22], DI+=35.95, DI-=7.14;[FAIL] CCI Momentum: CCI=271.84;[PASS] SAR: SAR=0.9339, price=0.9562;[FAIL] Stochastic: K=88.75 D=88.75;[PASS] EMA Rejection: Rejected;[FAIL] Resistance Test: No test;[PASS] Pullback: Detected;[PASS] Double Top/Bottom: Pattern=double_bottom;[PASS] Range Filter: EMA diff=0.0121 [>0.005];[PASS] Combined Range Filter: diff=0.0121, ADX=45.27, mode=OR"
ADA-USDT,LONG,B1,هایپریون (Hyperion),0.21860000,0.20985600,0.00000000,2026-09-06 11:49:19,OPEN,,,,,,10.00,,"[FAIL] Candle Strength 15m: BS15=0.333 [>= 0.6];[FAIL] Candle Strength 5m: BS5=0.333 [>= 0.6];[PASS] EMA Trend 1h: EMA21=0.22, EMA50=0.22;[PASS] EMA Trend 4h: EMA21=0.21, EMA50=0.21, EMA200=0.20;[FAIL] RSI 30m: RSI=43.87;[FAIL] MACD 30m: MACD_hist=-0.0005;[FAIL] Smart Pullback: price=0.2186 EMA=0.2199 RSI=43.9 BS=0.333;[FAIL] ADX: ADX=28.19 [>22], DI+=19.16, DI-=21.10;[FAIL] CCI Momentum: CCI=-116.16;[PASS] SAR: SAR=0.2182, price=0.2186;[FAIL] Stochastic: K=17.74 D=17.74;[PASS] EMA Rejection: Rejected;[PASS] Resistance Test: Tested;[FAIL] Pullback: No pullback;[FAIL] Double Top/Bottom: No pattern;[PASS] Range Filter: EMA diff=0.0062 [>0.005];[PASS] Combined Range Filter: diff=0.0062, ADX=28.19, mode=OR"
AVAX-USDT,LONG,B1,هایپریون (Hyperion),7.65700000,7.35072000,0.00000000,2026-09-06 11:49:22,OPEN,,,,,,10.00,,"[FAIL] Candle Strength 15m: BS15=0.941 [too high - likely end of move];[FAIL] Candle Strength 5m: BS5=0.941 [too high];[PASS] EMA Trend 1h: EMA21=7.61, EMA50=7.53;[PASS] EMA Trend 4h: EMA21=7.49, EMA50=7.40, EMA200=7.01;[PASS] RSI 30m: RSI=54.88;[FAIL] MACD 30m: MACD_hist=-0.0070;[FAIL] Smart Pullback: price=7.6570 EMA=7.6455 RSI=54.9 BS=0.941;[PASS] ADX: ADX=33.40 [>22], DI+=24.66, DI-=19.99;[PASS] CCI Momentum: CCI=13.91;[PASS] SAR: SAR=7.6279, price=7.6570;[FAIL] Stochastic: K=37.12 D=37.12;[PASS] EMA Rejection: Rejected;[FAIL] Resistance Test: No test;[PASS] Pullback: Detected;[PASS] Double Top/Bottom: Pattern=double_top;[PASS] Range Filter: EMA diff=0.0067 [>0.005];[PASS] Combined Range Filter: diff=0.0067, ADX=33.40, mode=OR"
ATOM-USDT,LONG,S1,پرومتئوس (Prometheus),1.59340000,1.52966400,0.00000000,2026-09-06 11:49:23,OPEN,,,,,,10.00,,"[FAIL] Candle Strength 15m: BS15=0.400 [>= 0.6];[FAIL] Candle Strength 5m: BS5=0.400 [>= 0.6];[PASS] EMA Trend 1h: EMA21=1.57, EMA50=1.54;[PASS] EMA Trend 4h: EMA21=1.54, EMA50=1.51, EMA200=1.46;[PASS] RSI 30m: RSI=64.20;[FAIL] MACD 30m: MACD_hist=0.0007;[FAIL] Smart Pullback: price=1.5934 EMA=1.5739 RSI=64.2 BS=0.400;[PASS] ADX: ADX=27.24 [>22], DI+=30.91, DI-=16.78;[FAIL] CCI Momentum: CCI=129.25;[PASS] SAR: SAR=1.5798, price=1.5934;[FAIL] Stochastic: K=95.99 D=95.99;[PASS] EMA Rejection: Rejected;[FAIL] Resistance Test: No test;[PASS] Pullback: Detected;[FAIL] Double Top/Bottom: No pattern;[PASS] Range Filter: EMA diff=0.0089 [>0.005];[PASS] Combined Range Filter: diff=0.0089, ADX=27.24, mode=AND"
ATOM-USDT,LONG,S3,کرونوس (Cronus),1.59340000,1.52966400,0.00000000,2026-09-06 11:49:25,OPEN,,,,,,10.00,,"[FAIL] Candle Strength 15m: BS15=0.400 [>= 0.6];[FAIL] Candle Strength 5m: BS5=0.400 [>= 0.6];[PASS] EMA Trend 1h: EMA21=1.57, EMA50=1.54;[PASS] EMA Trend 4h: EMA21=1.54, EMA50=1.51, EMA200=1.46;[PASS] RSI 30m: RSI=64.20;[FAIL] MACD 30m: MACD_hist=0.0007;[FAIL] Smart Pullback: price=1.5934 EMA=1.5739 RSI=64.2 BS=0.400;[PASS] ADX: ADX=27.24 [>22], DI+=30.91, DI-=16.78;[FAIL] CCI Momentum: CCI=129.25;[PASS] SAR: SAR=1.5798, price=1.5934;[FAIL] Stochastic: K=95.99 D=95.99;[PASS] EMA Rejection: Rejected;[FAIL] Resistance Test: No test;[PASS] Pullback: Detected;[FAIL] Double Top/Bottom: No pattern;[PASS] Range Filter: EMA diff=0.0089 [>0.005];[PASS] Combined Range Filter: diff=0.0089, ADX=27.24, mode=AND"
ATOM-USDT,LONG,B1,هایپریون (Hyperion),1.59340000,1.52966400,0.00000000,2026-09-06 11:49:26,OPEN,,,,,,10.00,,"[FAIL] Candle Strength 15m: BS15=0.400 [>= 0.6];[FAIL] Candle Strength 5m: BS5=0.400 [>= 0.6];[PASS] EMA Trend 1h: EMA21=1.57, EMA50=1.54;[PASS] EMA Trend 4h: EMA21=1.54, EMA50=1.51, EMA200=1.46;[PASS] RSI 30m: RSI=64.20;[FAIL] MACD 30m: MACD_hist=0.0007;[FAIL] Smart Pullback: price=1.5934 EMA=1.5739 RSI=64.2 BS=0.400;[PASS] ADX: ADX=27.24 [>22], DI+=30.91, DI-=16.78;[FAIL] CCI Momentum: CCI=129.25;[PASS] SAR: SAR=1.5798, price=1.5934;[FAIL] Stochastic: K=95.99 D=95.99;[PASS] EMA Rejection: Rejected;[FAIL] Resistance Test: No test;[PASS] Pullback: Detected;[FAIL] Double Top/Bottom: No pattern;[PASS] Range Filter: EMA diff=0.0089 [>0.005];[PASS] Combined Range Filter: diff=0.0089, ADX=27.24, mode=OR"
FIL-USDT,LONG,B1,هایپریون (Hyperion),0.80120000,0.76915200,0.00000000,2026-09-06 11:49:27,OPEN,,,,,,10.00,,"[FAIL] Candle Strength 15m: BS15=1.000 [too high - likely end of move];[FAIL] Candle Strength 5m: BS5=1.000 [too high];[PASS] EMA Trend 1h: EMA21=0.80, EMA50=0.79;[PASS] EMA Trend 4h: EMA21=0.78, EMA50=0.76, EMA200=0.72;[PASS] RSI 30m: RSI=50.23;[FAIL] MACD 30m: MACD_hist=-0.0024;[FAIL] Smart Pullback: price=0.8012 EMA=0.8031 RSI=50.2 BS=1.000;[FAIL] ADX: ADX=28.99 [>22], DI+=22.42, DI-=24.22;[FAIL] CCI Momentum: CCI=-24.05;[PASS] SAR: SAR=0.7971, price=0.8012;[FAIL] Stochastic: K=17.39 D=17.39;[PASS] EMA Rejection: Rejected;[FAIL] Resistance Test: No test;[PASS] Pullback: Detected;[FAIL] Double Top/Bottom: No pattern;[PASS] Range Filter: EMA diff=0.0125 [>0.005];[PASS] Combined Range Filter: diff=0.0125, ADX=28.99, mode=OR"
SEI-USDT,LONG,B1,هایپریون (Hyperion),0.04831000,0.04637760,0.00000000,2026-09-06 11:49:30,OPEN,,,,,,10.00,,"[FAIL] Candle Strength 15m: BS15=1.000 [too high - likely end of move];[FAIL] Candle Strength 5m: BS5=1.000 [too high];[PASS] EMA Trend 1h: EMA21=0.05, EMA50=0.05;[PASS] EMA Trend 4h: EMA21=0.05, EMA50=0.05, EMA200=0.04;[PASS] RSI 30m: RSI=53.59;[FAIL] MACD 30m: MACD_hist=-0.0000;[FAIL] Smart Pullback: price=0.0483 EMA=0.0482 RSI=53.6 BS=1.000;[FAIL] ADX: ADX=18.95 [>22], DI+=19.70, DI-=18.51;[PASS] CCI Momentum: CCI=13.29;[PASS] SAR: SAR=0.0480, price=0.0483;[FAIL] Stochastic: K=42.02 D=42.02;[PASS] EMA Rejection: Rejected;[FAIL] Resistance Test: No test;[PASS] Pullback: Detected;[PASS] Double Top/Bottom: Pattern=double_top;[FAIL] Range Filter: EMA diff=0.0036 [>0.005];[FAIL] Combined Range Filter: diff=0.0036, ADX=18.95, mode=OR"
TIA-USDT,LONG,S1,پرومتئوس (Prometheus),0.38810000,0.37257600,0.00000000,2026-09-06 11:49:31,OPEN,,,,,,10.00,,"[FAIL] Candle Strength 15m: BS15=0.875 [too high - likely end of move];[FAIL] Candle Strength 5m: BS5=0.875 [too high];[PASS] EMA Trend 1h: EMA21=0.38, EMA50=0.37;[PASS] EMA Trend 4h: EMA21=0.37, EMA50=0.36, EMA200=0.34;[PASS] RSI 30m: RSI=63.01;[FAIL] MACD 30m: MACD_hist=-0.0000;[FAIL] Smart Pullback: price=0.3881 EMA=0.3820 RSI=63.0 BS=0.875;[PASS] ADX: ADX=36.91 [>22], DI+=31.36, DI-=12.32;[FAIL] CCI Momentum: CCI=193.69;[PASS] SAR: SAR=0.3822, price=0.3881;[FAIL] Stochastic: K=75.00 D=75.00;[PASS] EMA Rejection: Rejected;[FAIL] Resistance Test: No test;[PASS] Pullback: Detected;[FAIL] Double Top/Bottom: No pattern;[PASS] Range Filter: EMA diff=0.0164 [>0.005];[PASS] Combined Range Filter: diff=0.0164, ADX=36.91, mode=AND"
TIA-USDT,LONG,S3,کرونوس (Cronus),0.38810000,0.37257600,0.00000000,2026-09-06 11:49:33,OPEN,,,,,,10.00,,"[FAIL] Candle Strength 15m: BS15=0.875 [too high - likely end of move];[FAIL] Candle Strength 5m: BS5=0.875 [too high];[PASS] EMA Trend 1h: EMA21=0.38, EMA50=0.37;[PASS] EMA Trend 4h: EMA21=0.37, EMA50=0.36, EMA200=0.34;[PASS] RSI 30m: RSI=63.01;[FAIL] MACD 30m: MACD_hist=-0.0000;[FAIL] Smart Pullback: price=0.3881 EMA=0.3820 RSI=63.0 BS=0.875;[PASS] ADX: ADX=36.91 [>22], DI+=31.36, DI-=12.32;[FAIL] CCI Momentum: CCI=193.69;[PASS] SAR: SAR=0.3822, price=0.3881;[FAIL] Stochastic: K=75.00 D=75.00;[PASS] EMA Rejection: Rejected;[FAIL] Resistance Test: No test;[PASS] Pullback: Detected;[FAIL] Double Top/Bottom: No pattern;[PASS] Range Filter: EMA diff=0.0164 [>0.005];[PASS] Combined Range Filter: diff=0.0164, ADX=36.91, mode=AND"
TIA-USDT,LONG,B1,هایپریون (Hyperion),0.38810000,0.37257600,0.00000000,2026-09-06 11:49:34,OPEN,,,,,,10.00,,"[FAIL] Candle Strength 15m: BS15=0.875 [too high - likely end of move];[FAIL] Candle Strength 5m: BS5=0.875 [too high];[PASS] EMA Trend 1h: EMA21=0.38, EMA50=0.37;[PASS] EMA Trend 4h: EMA21=0.37, EMA50=0.36, EMA200=0.34;[PASS] RSI 30m: RSI=63.01;[FAIL] MACD 30m: MACD_hist=-0.0000;[FAIL] Smart Pullback: price=0.3881 EMA=0.3820 RSI=63.0 BS=0.875;[PASS] ADX: ADX=36.91 [>22], DI+=31.36, DI-=12.32;[FAIL] CCI Momentum: CCI=193.69;[PASS] SAR: SAR=0.3822, price=0.3881;[FAIL] Stochastic: K=75.00 D=75.00;[PASS] EMA Rejection: Rejected;[FAIL] Resistance Test: No test;[PASS] Pullback: Detected;[FAIL] Double Top/Bottom: No pattern;[PASS] Range Filter: EMA diff=0.0164 [>0.005];[PASS] Combined Range Filter: diff=0.0164, ADX=36.91, mode=OR"
OP-USDT,LONG,S1,پرومتئوس (Prometheus),0.11080000,0.10636800,0.00000000,2026-09-06 11:49:37,OPEN,,,,,,10.00,,"[FAIL] Candle Strength 15m: BS15=0.000 [>= 0.6];[FAIL] Candle Strength 5m: BS5=0.000 [>= 0.6];[PASS] EMA Trend 1h: EMA21=0.11, EMA50=0.10;[PASS] EMA Trend 4h: EMA21=0.10, EMA50=0.10, EMA200=0.09;[PASS] RSI 30m: RSI=60.17;[FAIL] MACD 30m: MACD_hist=-0.0003;[FAIL] Smart Pullback: price=0.1108 EMA=0.1090 RSI=60.2 BS=0.000;[PASS] ADX: ADX=42.42 [>22], DI+=27.64, DI-=11.26;[PASS] CCI Momentum: CCI=52.94;[PASS] SAR: SAR=0.1086, price=0.1108;[FAIL] Stochastic: K=46.77 D=46.77;[PASS] EMA Rejection: Rejected;[FAIL] Resistance Test: No test;[PASS] Pullback: Detected;[PASS] Double Top/Bottom: Pattern=double_top;[PASS] Range Filter: EMA diff=0.0249 [>0.005];[PASS] Combined Range Filter: diff=0.0249, ADX=42.42, mode=AND"
OP-USDT,LONG,S3,کرونوس (Cronus),0.11080000,0.10636800,0.00000000,2026-09-06 11:49:38,OPEN,,,,,,10.00,,"[FAIL] Candle Strength 15m: BS15=0.000 [>= 0.6];[FAIL] Candle Strength 5m: BS5=0.000 [>= 0.6];[PASS] EMA Trend 1h: EMA21=0.11, EMA50=0.10;[PASS] EMA Trend 4h: EMA21=0.10, EMA50=0.10, EMA200=0.09;[PASS] RSI 30m: RSI=60.17;[FAIL] MACD 30m: MACD_hist=-0.0003;[FAIL] Smart Pullback: price=0.1108 EMA=0.1090 RSI=60.2 BS=0.000;[PASS] ADX: ADX=42.42 [>22], DI+=27.64, DI-=11.26;[PASS] CCI Momentum: CCI=52.94;[PASS] SAR: SAR=0.1086, price=0.1108;[FAIL] Stochastic: K=46.77 D=46.77;[PASS] EMA Rejection: Rejected;[FAIL] Resistance Test: No test;[PASS] Pullback: Detected;[PASS] Double Top/Bottom: Pattern=double_top;[PASS] Range Filter: EMA diff=0.0249 [>0.005];[PASS] Combined Range Filter: diff=0.0249, ADX=42.42, mode=AND"
OP-USDT,LONG,B1,هایپریون (Hyperion),0.11080000,0.10636800,0.00000000,2026-09-06 11:49:40,OPEN,,,,,,10.00,,"[FAIL] Candle Strength 15m: BS15=0.000 [>= 0.6];[FAIL] Candle Strength 5m: BS5=0.000 [>= 0.6];[PASS] EMA Trend 1h: EMA21=0.11, EMA50=0.10;[PASS] EMA Trend 4h: EMA21=0.10, EMA50=0.10, EMA200=0.09;[PASS] RSI 30m: RSI=60.17;[FAIL] MACD 30m: MACD_hist=-0.0003;[FAIL] Smart Pullback: price=0.1108 EMA=0.1090 RSI=60.2 BS=0.000;[PASS] ADX: ADX=42.42 [>22], DI+=27.64, DI-=11.26;[PASS] CCI Momentum: CCI=52.94;[PASS] SAR: SAR=0.1086, price=0.1108;[FAIL] Stochastic: K=46.77 D=46.77;[PASS] EMA Rejection: Rejected;[FAIL] Resistance Test: No test;[PASS] Pullback: Detected;[PASS] Double Top/Bottom: Pattern=double_top;[PASS] Range Filter: EMA diff=0.0249 [>0.005];[PASS] Combined Range Filter: diff=0.0249, ADX=42.42, mode=OR"
PEPE-USDT,LONG,B1,هایپریون (Hyperion),0.00000363,0.00000348,0.00000000,2026-09-06 11:49:41,OPEN,,,,,,10.00,,"[FAIL] Candle Strength 15m: BS15=0.006 [>= 0.6];[FAIL] Candle Strength 5m: BS5=0.006 [>= 0.6];[PASS] EMA Trend 1h: EMA21=0.00, EMA50=0.00;[FAIL] EMA Trend 4h: EMA21=0.00, EMA50=0.00, EMA200=0.00;[PASS] RSI 30m: RSI=50.12;[FAIL] MACD 30m: MACD_hist=-0.0000;[FAIL] Smart Pullback: price=0.0000 EMA=0.0000 RSI=50.1 BS=0.600;[PASS] ADX: ADX=24.88 [>22], DI+=21.78, DI-=19.64;[FAIL] CCI Momentum: CCI=-42.88;[PASS] SAR: SAR=0.0000, price=0.0000;[FAIL] Stochastic: K=22.89 D=22.89;[PASS] EMA Rejection: Rejected;[FAIL] Resistance Test: No test;[PASS] Pullback: Detected;[PASS] Double Top/Bottom: Pattern=double_bottom;[PASS] Range Filter: EMA diff=0.0061 [>0.005];[PASS] Combined Range Filter: diff=0.0061, ADX=24.88, mode=OR"
DOT-USDT,LONG,S1,پرومتئوس (Prometheus),0.94220000,0.90451200,0.00000000,2026-09-06 12:13:24,OPEN,,,,,,10.00,,"[PASS] Candle Strength 15m: BS15=0.663 [>= 0.6];[PASS] Candle Strength 5m: BS5=0.697 [>= 0.6];[PASS] EMA Trend 1h: EMA21=0.92, EMA50=0.91;[PASS] EMA Trend 4h: EMA21=0.90, EMA50=0.88, EMA200=0.84;[PASS] RSI 30m: RSI=62.47;[FAIL] MACD 30m: MACD_hist=0.0011;[FAIL] Smart Pullback: price=0.9422 EMA=0.9308 RSI=62.5 BS=0.663;[PASS] ADX: ADX=46.79 [>22], DI+=32.91, DI-=6.62;[FAIL] CCI Momentum: CCI=158.82;[PASS] SAR: SAR=0.9405, price=0.9422;[FAIL] Stochastic: K=53.75 D=53.75;[FAIL] EMA Rejection: No rejection;[FAIL] Resistance Test: No test;[PASS] Pullback: Detected;[FAIL] Double Top/Bottom: No pattern;[PASS] Range Filter: EMA diff=0.0121 [>0.005];[PASS] Combined Range Filter: diff=0.0121, ADX=46.79, mode=AND"
LINK-USDT,LONG,S1,پرومتئوس (Prometheus),12.17660000,11.68953600,0.00000000,2026-09-06 12:13:26,OPEN,,,,,,10.00,,"[FAIL] Candle Strength 15m: BS15=0.941 [too high - likely end of move];[PASS] Candle Strength 5m: BS5=0.766 [>= 0.6];[PASS] EMA Trend 1h: EMA21=12.09, EMA50=11.92;[PASS] EMA Trend 4h: EMA21=11.83, EMA50=11.61, EMA200=10.33;[PASS] RSI 30m: RSI=52.79;[FAIL] MACD 30m: MACD_hist=-0.0140;[FAIL] Smart Pullback: price=12.1766 EMA=12.1734 RSI=52.8 BS=0.941;[PASS] ADX: ADX=38.40 [>22], DI+=28.07, DI-=18.40;[PASS] CCI Momentum: CCI=-5.87;[FAIL] SAR: SAR=12.1931, price=12.1766;[FAIL] Stochastic: K=15.89 D=15.89;[FAIL] EMA Rejection: No rejection;[FAIL] Resistance Test: No test;[PASS] Pullback: Detected;[PASS] Double Top/Bottom: Pattern=double_bottom;[PASS] Range Filter: EMA diff=0.0097 [>0.005];[PASS] Combined Range Filter: diff=0.0097, ADX=38.40, mode=AND"
INJ-USDT,LONG,S1,پرومتئوس (Prometheus),5.09300000,4.88928000,0.00000000,2026-09-06 12:13:29,OPEN,,,,,,10.00,,"[PASS] Candle Strength 15m: BS15=0.680 [>= 0.6];[FAIL] Candle Strength 5m: BS5=0.000 [>= 0.6];[PASS] EMA Trend 1h: EMA21=5.01, EMA50=4.94;[FAIL] EMA Trend 4h: EMA21=4.94, EMA50=4.97, EMA200=4.89;[PASS] RSI 30m: RSI=58.73;[FAIL] MACD 30m: MACD_hist=-0.0038;[FAIL] Smart Pullback: price=5.0930 EMA=5.0613 RSI=58.7 BS=0.680;[PASS] ADX: ADX=38.60 [>22], DI+=31.27, DI-=12.70;[PASS] CCI Momentum: CCI=49.03;[FAIL] SAR: SAR=5.0979, price=5.0930;[FAIL] Stochastic: K=39.10 D=39.10;[FAIL] EMA Rejection: No rejection;[FAIL] Resistance Test: No test;[PASS] Pullback: Detected;[FAIL] Double Top/Bottom: No pattern;[PASS] Range Filter: EMA diff=0.0139 [>0.005];[PASS] Combined Range Filter: diff=0.0139, ADX=38.60, mode=AND"
POL-USDT,LONG,S1,پرومتئوس (Prometheus),0.09900000,0.09504000,0.00000000,2026-09-06 12:13:30,OPEN,,,,,,10.00,,"[FAIL] Candle Strength 15m: BS15=0.375 [>= 0.6];[FAIL] Candle Strength 5m: BS5=0.571 [>= 0.6];[PASS] EMA Trend 1h: EMA21=0.10, EMA50=0.10;[FAIL] EMA Trend 4h: EMA21=0.10, EMA50=0.10, EMA200=0.09;[PASS] RSI 30m: RSI=58.82;[FAIL] MACD 30m: MACD_hist=-0.0001;[FAIL] Smart Pullback: price=0.0990 EMA=0.0983 RSI=58.8 BS=0.375;[PASS] ADX: ADX=28.36 [>22], DI+=21.01, DI-=13.31;[PASS] CCI Momentum: CCI=67.09;[PASS] SAR: SAR=0.0986, price=0.0990;[FAIL] Stochastic: K=53.85 D=53.85;[PASS] EMA Rejection: Rejected;[FAIL] Resistance Test: No test;[PASS] Pullback: Detected;[PASS] Double Top/Bottom: Pattern=double_bottom;[PASS] Range Filter: EMA diff=0.0126 [>0.005];[PASS] Combined Range Filter: diff=0.0126, ADX=28.36, mode=AND"
POL-USDT,LONG,B1,هایپریون (Hyperion),0.09900000,0.09504000,0.00000000,2026-09-06 12:13:32,OPEN,,,,,,10.00,,"[FAIL] Candle Strength 15m: BS15=0.375 [>= 0.6];[FAIL] Candle Strength 5m: BS5=0.571 [>= 0.6];[PASS] EMA Trend 1h: EMA21=0.10, EMA50=0.10;[FAIL] EMA Trend 4h: EMA21=0.10, EMA50=0.10, EMA200=0.09;[PASS] RSI 30m: RSI=58.82;[FAIL] MACD 30m: MACD_hist=-0.0001;[FAIL] Smart Pullback: price=0.0990 EMA=0.0983 RSI=58.8 BS=0.375;[PASS] ADX: ADX=28.36 [>22], DI+=21.01, DI-=13.31;[PASS] CCI Momentum: CCI=67.09;[PASS] SAR: SAR=0.0986, price=0.0990;[FAIL] Stochastic: K=53.85 D=53.85;[PASS] EMA Rejection: Rejected;[FAIL] Resistance Test: No test;[PASS] Pullback: Detected;[PASS] Double Top/Bottom: Pattern=double_bottom;[PASS] Range Filter: EMA diff=0.0126 [>0.005];[PASS] Combined Range Filter: diff=0.0126, ADX=28.36, mode=OR"
BTC-USDT,LONG,B1,هایپریون (Hyperion),79942.80000000,76745.08800000,0.00000000,2026-09-06 12:47:28,OPEN,,,,,,10.00,,"[FAIL] Candle Strength 15m: BS15=0.984 [too high - likely end of move];[FAIL] Candle Strength 5m: BS5=0.988 [too high];[PASS] EMA Trend 1h: EMA21=79857.45, EMA50=79766.56;[PASS] EMA Trend 4h: EMA21=79615.14, EMA50=78883.73, EMA200=72652.81;[PASS] RSI 30m: RSI=55.09;[FAIL] MACD 30m: MACD_hist=-5.5986;[FAIL] Smart Pullback: price=79942.8000 EMA=79867.7411 RSI=55.1 BS=0.984;[FAIL] ADX: ADX=15.75 [>22], DI+=26.16, DI-=21.54;[PASS] CCI Momentum: CCI=17.90;[PASS] SAR: SAR=79778.7500, price=79942.8000;[FAIL] Stochastic: K=68.60 D=68.60;[PASS] EMA Rejection: Rejected;[PASS] Resistance Test: Tested;[PASS] Pullback: Detected;[PASS] Double Top/Bottom: Pattern=double_top;[FAIL] Range Filter: EMA diff=0.0003 [>0.005];[FAIL] Combined Range Filter: diff=0.0003, ADX=15.75, mode=OR"
SOL-USDT,LONG,S1,پرومتئوس (Prometheus),105.92000000,101.68320000,0.00000000,2026-09-06 12:47:29,OPEN,,,,,,10.00,,"[FAIL] Candle Strength 15m: BS15=0.520 [>= 0.6];[FAIL] Candle Strength 5m: BS5=0.520 [>= 0.6];[PASS] EMA Trend 1h: EMA21=104.42, EMA50=103.51;[PASS] EMA Trend 4h: EMA21=103.29, EMA50=102.16, EMA200=90.60;[PASS] RSI 30m: RSI=64.93;[FAIL] MACD 30m: MACD_hist=-0.0425;[FAIL] Smart Pullback: price=105.9200 EMA=104.9772 RSI=64.9 BS=0.520;[PASS] ADX: ADX=37.28 [>22], DI+=35.36, DI-=16.81;[PASS] CCI Momentum: CCI=56.98;[PASS] SAR: SAR=105.0188, price=105.9200;[FAIL] Stochastic: K=60.81 D=60.81;[FAIL] EMA Rejection: No rejection;[FAIL] Resistance Test: No test;[PASS] Pullback: Detected;[PASS] Double Top/Bottom: Pattern=double_bottom;[PASS] Range Filter: EMA diff=0.0080 [>0.005];[PASS] Combined Range Filter: diff=0.0080, ADX=37.28, mode=AND"
SOL-USDT,LONG,B1,هایپریون (Hyperion),105.92000000,101.68320000,0.00000000,2026-09-06 12:47:31,OPEN,,,,,,10.00,,"[FAIL] Candle Strength 15m: BS15=0.520 [>= 0.6];[FAIL] Candle Strength 5m: BS5=0.520 [>= 0.6];[PASS] EMA Trend 1h: EMA21=104.42, EMA50=103.51;[PASS] EMA Trend 4h: EMA21=103.29, EMA50=102.16, EMA200=90.60;[PASS] RSI 30m: RSI=64.93;[FAIL] MACD 30m: MACD_hist=-0.0425;[FAIL] Smart Pullback: price=105.9200 EMA=104.9772 RSI=64.9 BS=0.520;[PASS] ADX: ADX=37.28 [>22], DI+=35.36, DI-=16.81;[PASS] CCI Momentum: CCI=56.98;[PASS] SAR: SAR=105.0188, price=105.9200;[FAIL] Stochastic: K=60.81 D=60.81;[FAIL] EMA Rejection: No rejection;[FAIL] Resistance Test: No test;[PASS] Pullback: Detected;[PASS] Double Top/Bottom: Pattern=double_bottom;[PASS] Range Filter: EMA diff=0.0080 [>0.005];[PASS] Combined Range Filter: diff=0.0080, ADX=37.28, mode=OR"
LTC-USDT,LONG,B1,هایپریون (Hyperion),54.28000000,52.10880000,0.00000000,2026-09-06 12:47:50,OPEN,,,,,,10.00,,"[PASS] Candle Strength 15m: BS15=0.800 [>= 0.6];[PASS] Candle Strength 5m: BS5=0.800 [>= 0.6];[PASS] EMA Trend 1h: EMA21=54.07, EMA50=53.11;[PASS] EMA Trend 4h: EMA21=52.46, EMA50=51.13, EMA200=48.36;[PASS] RSI 30m: RSI=50.70;[FAIL] MACD 30m: MACD_hist=-0.0738;[FAIL] Smart Pullback: price=54.2800 EMA=54.2787 RSI=50.7 BS=0.800;[FAIL] ADX: ADX=18.90 [>22], DI+=24.52, DI-=24.20;[FAIL] CCI Momentum: CCI=-43.20;[PASS] SAR: SAR=53.9686, price=54.2800;[FAIL] Stochastic: K=50.29 D=50.29;[PASS] EMA Rejection: Rejected;[PASS] Resistance Test: Tested;[PASS] Pullback: Detected;[FAIL] Double Top/Bottom: No pattern;[PASS] Range Filter: EMA diff=0.0066 [>0.005];[FAIL] Combined Range Filter: diff=0.0066, ADX=18.90, mode=OR"
SUI-USDT,LONG,S1,پرومتئوس (Prometheus),0.79980000,0.76780800,0.00000000,2026-09-06 12:48:01,OPEN,,,,,,10.00,,"[FAIL] Candle Strength 15m: BS15=0.567 [>= 0.6];[FAIL] Candle Strength 5m: BS5=0.567 [>= 0.6];[PASS] EMA Trend 1h: EMA21=0.80, EMA50=0.79;[PASS] EMA Trend 4h: EMA21=0.78, EMA50=0.76, EMA200=0.73;[PASS] RSI 30m: RSI=54.14;[FAIL] MACD 30m: MACD_hist=-0.0004;[FAIL] Smart Pullback: price=0.7998 EMA=0.7965 RSI=54.1 BS=0.567;[PASS] ADX: ADX=25.34 [>22], DI+=22.43, DI-=17.06;[PASS] CCI Momentum: CCI=-4.56;[PASS] SAR: SAR=0.7915, price=0.7998;[FAIL] Stochastic: K=72.51 D=72.51;[PASS] EMA Rejection: Rejected;[PASS] Resistance Test: Tested;[PASS] Pullback: Detected;[FAIL] Double Top/Bottom: No pattern;[FAIL] Range Filter: EMA diff=0.0043 [>0.005];[PASS] Combined Range Filter: diff=0.0043, ADX=25.34, mode=AND"
SUI-USDT,LONG,B1,هایپریون (Hyperion),0.79980000,0.76780800,0.00000000,2026-09-06 12:48:02,OPEN,,,,,,10.00,,"[FAIL] Candle Strength 15m: BS15=0.567 [>= 0.6];[FAIL] Candle Strength 5m: BS5=0.567 [>= 0.6];[PASS] EMA Trend 1h: EMA21=0.80, EMA50=0.79;[PASS] EMA Trend 4h: EMA21=0.78, EMA50=0.76, EMA200=0.73;[PASS] RSI 30m: RSI=54.14;[FAIL] MACD 30m: MACD_hist=-0.0004;[FAIL] Smart Pullback: price=0.7998 EMA=0.7965 RSI=54.1 BS=0.567;[PASS] ADX: ADX=25.34 [>22], DI+=22.43, DI-=17.06;[PASS] CCI Momentum: CCI=-4.56;[PASS] SAR: SAR=0.7915, price=0.7998;[FAIL] Stochastic: K=72.51 D=72.51;[PASS] EMA Rejection: Rejected;[PASS] Resistance Test: Tested;[PASS] Pullback: Detected;[FAIL] Double Top/Bottom: No pattern;[FAIL] Range Filter: EMA diff=0.0043 [>0.005];[PASS] Combined Range Filter: diff=0.0043, ADX=25.34, mode=OR"
NEAR-USDT,LONG,S3,کرونوس (Cronus),2.36340000,2.26886400,0.00000000,2026-09-06 12:48:04,OPEN,,,,,,10.00,,"[FAIL] Candle Strength 15m: BS15=0.377 [>= 0.6];[FAIL] Candle Strength 5m: BS5=0.377 [>= 0.6];[PASS] EMA Trend 1h: EMA21=2.24, EMA50=2.17;[PASS] EMA Trend 4h: EMA21=2.13, EMA50=2.02, EMA200=1.84;[FAIL] RSI 30m: RSI=71.50;[PASS] MACD 30m: MACD_hist=0.0145;[FAIL] Smart Pullback: price=2.3634 EMA=2.2496 RSI=71.5 BS=0.377;[PASS] ADX: ADX=24.13 [>22], DI+=34.81, DI-=7.18;[FAIL] CCI Momentum: CCI=224.32;[PASS] SAR: SAR=2.2757, price=2.3634;[FAIL] Stochastic: K=93.08 D=93.08;[FAIL] EMA Rejection: No rejection;[PASS] Resistance Test: Tested;[PASS] Pullback: Detected;[FAIL] Double Top/Bottom: No pattern;[PASS] Range Filter: EMA diff=0.0142 [>0.005];[PASS] Combined Range Filter: diff=0.0142, ADX=24.13, mode=AND"
NEAR-USDT,LONG,B1,هایپریون (Hyperion),2.36340000,2.26886400,0.00000000,2026-09-06 12:48:06,OPEN,,,,,,10.00,,"[FAIL] Candle Strength 15m: BS15=0.377 [>= 0.6];[FAIL] Candle Strength 5m: BS5=0.377 [>= 0.6];[PASS] EMA Trend 1h: EMA21=2.24, EMA50=2.17;[PASS] EMA Trend 4h: EMA21=2.13, EMA50=2.02, EMA200=1.84;[FAIL] RSI 30m: RSI=71.50;[PASS] MACD 30m: MACD_hist=0.0145;[FAIL] Smart Pullback: price=2.3634 EMA=2.2496 RSI=71.5 BS=0.377;[PASS] ADX: ADX=24.13 [>22], DI+=34.81, DI-=7.18;[FAIL] CCI Momentum: CCI=224.32;[PASS] SAR: SAR=2.2757, price=2.3634;[FAIL] Stochastic: K=93.08 D=93.08;[FAIL] EMA Rejection: No rejection;[PASS] Resistance Test: Tested;[PASS] Pullback: Detected;[FAIL] Double Top/Bottom: No pattern;[PASS] Range Filter: EMA diff=0.0142 [>0.005];[PASS] Combined Range Filter: diff=0.0142, ADX=24.13, mode=OR"
DOT-USDT,LONG,S1,پرومتئوس (Prometheus),0.94640000,0.90854400,0.00000000,2026-09-06 12:48:07,OPEN,,,,,,10.00,,"[PASS] Candle Strength 15m: BS15=0.750 [>= 0.6];[PASS] Candle Strength 5m: BS5=0.750 [>= 0.6];[PASS] EMA Trend 1h: EMA21=0.92, EMA50=0.91;[PASS] EMA Trend 4h: EMA21=0.90, EMA50=0.88, EMA200=0.84;[PASS] RSI 30m: RSI=64.02;[FAIL] MACD 30m: MACD_hist=0.0011;[FAIL] Smart Pullback: price=0.9464 EMA=0.9320 RSI=64.0 BS=0.750;[PASS] ADX: ADX=46.18 [>22], DI+=29.04, DI-=9.21;[FAIL] CCI Momentum: CCI=126.07;[PASS] SAR: SAR=0.9357, price=0.9464;[FAIL] Stochastic: K=64.25 D=64.25;[FAIL] EMA Rejection: No rejection;[FAIL] Resistance Test: No test;[PASS] Pullback: Detected;[FAIL] Double Top/Bottom: No pattern;[PASS] Range Filter: EMA diff=0.0123 [>0.005];[PASS] Combined Range Filter: diff=0.0123, ADX=46.18, mode=AND"
LINK-USDT,LONG,S1,پرومتئوس (Prometheus),12.29080000,11.79916800,0.00000000,2026-09-06 12:48:10,OPEN,,,,,,10.00,,"[PASS] Candle Strength 15m: BS15=0.694 [>= 0.6];[PASS] Candle Strength 5m: BS5=0.694 [>= 0.6];[PASS] EMA Trend 1h: EMA21=12.11, EMA50=11.94;[PASS] EMA Trend 4h: EMA21=11.84, EMA50=11.61, EMA200=10.33;[PASS] RSI 30m: RSI=62.04;[FAIL] MACD 30m: MACD_hist=-0.0079;[FAIL] Smart Pullback: price=12.2908 EMA=12.1861 RSI=62.0 BS=0.694;[PASS] ADX: ADX=37.74 [>22], DI+=30.92, DI-=16.76;[PASS] CCI Momentum: CCI=56.14;[PASS] SAR: SAR=12.1737, price=12.2908;[FAIL] Stochastic: K=80.11 D=80.11;[FAIL] EMA Rejection: No rejection;[FAIL] Resistance Test: No test;[PASS] Pullback: Detected;[PASS] Double Top/Bottom: Pattern=double_bottom;[PASS] Range Filter: EMA diff=0.0098 [>0.005];[PASS] Combined Range Filter: diff=0.0098, ADX=37.74, mode=AND"
ATOM-USDT,LONG,S3,کرونوس (Cronus),1.60380000,1.53964800,0.00000000,2026-09-06 12:48:12,OPEN,,,,,,10.00,,"[FAIL] Candle Strength 15m: BS15=1.000 [too high - likely end of move];[FAIL] Candle Strength 5m: BS5=1.000 [too high];[PASS] EMA Trend 1h: EMA21=1.57, EMA50=1.55;[PASS] EMA Trend 4h: EMA21=1.54, EMA50=1.52, EMA200=1.46;[FAIL] RSI 30m: RSI=68.20;[FAIL] MACD 30m: MACD_hist=0.0018;[FAIL] Smart Pullback: price=1.6038 EMA=1.5783 RSI=68.2 BS=1.000;[PASS] ADX: ADX=28.78 [>22], DI+=35.33, DI-=14.01;[FAIL] CCI Momentum: CCI=166.58;[PASS] SAR: SAR=1.5887, price=1.6038;[FAIL] Stochastic: K=88.66 D=88.66;[FAIL] EMA Rejection: No rejection;[FAIL] Resistance Test: No test;[PASS] Pullback: Detected;[FAIL] Double Top/Bottom: No pattern;[PASS] Range Filter: EMA diff=0.0097 [>0.005];[PASS] Combined Range Filter: diff=0.0097, ADX=28.78, mode=AND"
ATOM-USDT,LONG,B1,هایپریون (Hyperion),1.60380000,1.53964800,0.00000000,2026-09-06 12:48:13,OPEN,,,,,,10.00,,"[FAIL] Candle Strength 15m: BS15=1.000 [too high - likely end of move];[FAIL] Candle Strength 5m: BS5=1.000 [too high];[PASS] EMA Trend 1h: EMA21=1.57, EMA50=1.55;[PASS] EMA Trend 4h: EMA21=1.54, EMA50=1.52, EMA200=1.46;[FAIL] RSI 30m: RSI=68.20;[FAIL] MACD 30m: MACD_hist=0.0018;[FAIL] Smart Pullback: price=1.6038 EMA=1.5783 RSI=68.2 BS=1.000;[PASS] ADX: ADX=28.78 [>22], DI+=35.33, DI-=14.01;[FAIL] CCI Momentum: CCI=166.58;[PASS] SAR: SAR=1.5887, price=1.6038;[FAIL] Stochastic: K=88.66 D=88.66;[FAIL] EMA Rejection: No rejection;[FAIL] Resistance Test: No test;[PASS] Pullback: Detected;[FAIL] Double Top/Bottom: No pattern;[PASS] Range Filter: EMA diff=0.0097 [>0.005];[PASS] Combined Range Filter: diff=0.0097, ADX=28.78, mode=OR"
SEI-USDT,LONG,B1,هایپریون (Hyperion),0.04868000,0.04673280,0.00000000,2026-09-06 12:48:15,OPEN,,,,,,10.00,,"[FAIL] Candle Strength 15m: BS15=0.947 [too high - likely end of move];[FAIL] Candle Strength 5m: BS5=0.947 [too high];[PASS] EMA Trend 1h: EMA21=0.05, EMA50=0.05;[PASS] EMA Trend 4h: EMA21=0.05, EMA50=0.05, EMA200=0.04;[PASS] RSI 30m: RSI=60.33;[FAIL] MACD 30m: MACD_hist=-0.0000;[FAIL] Smart Pullback: price=0.0487 EMA=0.0482 RSI=60.3 BS=0.947;[FAIL] ADX: ADX=17.78 [>22], DI+=24.03, DI-=16.83;[PASS] CCI Momentum: CCI=52.19;[PASS] SAR: SAR=0.0480, price=0.0487;[FAIL] Stochastic: K=87.88 D=87.88;[PASS] EMA Rejection: Rejected;[PASS] Resistance Test: Tested;[PASS] Pullback: Detected;[PASS] Double Top/Bottom: Pattern=double_top;[FAIL] Range Filter: EMA diff=0.0036 [>0.005];[FAIL] Combined Range Filter: diff=0.0036, ADX=17.78, mode=OR"
OP-USDT,LONG,S1,پرومتئوس (Prometheus),0.11140000,0.10694400,0.00000000,2026-09-06 12:48:18,OPEN,,,,,,10.00,,"[FAIL] Candle Strength 15m: BS15=1.000 [too high - likely end of move];[FAIL] Candle Strength 5m: BS5=1.000 [too high];[PASS] EMA Trend 1h: EMA21=0.11, EMA50=0.10;[PASS] EMA Trend 4h: EMA21=0.10, EMA50=0.10, EMA200=0.09;[PASS] RSI 30m: RSI=61.96;[FAIL] MACD 30m: MACD_hist=-0.0002;[FAIL] Smart Pullback: price=0.1114 EMA=0.1094 RSI=62.0 BS=1.000;[PASS] ADX: ADX=41.82 [>22], DI+=27.51, DI-=11.89;[PASS] CCI Momentum: CCI=57.00;[PASS] SAR: SAR=0.1099, price=0.1114;[FAIL] Stochastic: K=89.74 D=89.74;[PASS] EMA Rejection: Rejected;[FAIL] Resistance Test: No test;[PASS] Pullback: Detected;[FAIL] Double Top/Bottom: No pattern;[PASS] Range Filter: EMA diff=0.0245 [>0.005];[PASS] Combined Range Filter: diff=0.0245, ADX=41.82, mode=AND"
OP-USDT,LONG,S3,کرونوس (Cronus),0.11140000,0.10694400,0.00000000,2026-09-06 12:48:20,OPEN,,,,,,10.00,,"[FAIL] Candle Strength 15m: BS15=1.000 [too high - likely end of move];[FAIL] Candle Strength 5m: BS5=1.000 [too high];[PASS] EMA Trend 1h: EMA21=0.11, EMA50=0.10;[PASS] EMA Trend 4h: EMA21=0.10, EMA50=0.10, EMA200=0.09;[PASS] RSI 30m: RSI=61.96;[FAIL] MACD 30m: MACD_hist=-0.0002;[FAIL] Smart Pullback: price=0.1114 EMA=0.1094 RSI=62.0 BS=1.000;[PASS] ADX: ADX=41.82 [>22], DI+=27.51, DI-=11.89;[PASS] CCI Momentum: CCI=57.00;[PASS] SAR: SAR=0.1099, price=0.1114;[FAIL] Stochastic: K=89.74 D=89.74;[PASS] EMA Rejection: Rejected;[FAIL] Resistance Test: No test;[PASS] Pullback: Detected;[FAIL] Double Top/Bottom: No pattern;[PASS] Range Filter: EMA diff=0.0245 [>0.005];[PASS] Combined Range Filter: diff=0.0245, ADX=41.82, mode=AND"
OP-USDT,LONG,B1,هایپریون (Hyperion),0.11140000,0.10694400,0.00000000,2026-09-06 12:48:21,OPEN,,,,,,10.00,,"[FAIL] Candle Strength 15m: BS15=1.000 [too high - likely end of move];[FAIL] Candle Strength 5m: BS5=1.000 [too high];[PASS] EMA Trend 1h: EMA21=0.11, EMA50=0.10;[PASS] EMA Trend 4h: EMA21=0.10, EMA50=0.10, EMA200=0.09;[PASS] RSI 30m: RSI=61.96;[FAIL] MACD 30m: MACD_hist=-0.0002;[FAIL] Smart Pullback: price=0.1114 EMA=0.1094 RSI=62.0 BS=1.000;[PASS] ADX: ADX=41.82 [>22], DI+=27.51, DI-=11.89;[PASS] CCI Momentum: CCI=57.00;[PASS] SAR: SAR=0.1099, price=0.1114;[FAIL] Stochastic: K=89.74 D=89.74;[PASS] EMA Rejection: Rejected;[FAIL] Resistance Test: No test;[PASS] Pullback: Detected;[FAIL] Double Top/Bottom: No pattern;[PASS] Range Filter: EMA diff=0.0245 [>0.005];[PASS] Combined Range Filter: diff=0.0245, ADX=41.82, mode=OR"
ETH-USDT,LONG,S1,پرومتئوس (Prometheus),2497.45000000,2397.55200000,0.00000000,2026-09-06 13:12:13,OPEN,,,,,,10.00,,"[PASS] Candle Strength 15m: BS15=0.692 [>= 0.6];[FAIL] Candle Strength 5m: BS5=0.245 [>= 0.6];[PASS] EMA Trend 1h: EMA21=2489.55, EMA50=2477.05;[PASS] EMA Trend 4h: EMA21=2471.87, EMA50=2453.87, EMA200=2226.26;[PASS] RSI 30m: RSI=52.93;[FAIL] MACD 30m: MACD_hist=-1.9924;[FAIL] Smart Pullback: price=2497.4500 EMA=2496.8344 RSI=52.9 BS=0.692;[PASS] ADX: ADX=44.78 [>22], DI+=29.30, DI-=18.28;[PASS] CCI Momentum: CCI=-17.35;[PASS] SAR: SAR=2494.4004, price=2497.4500;[FAIL] Stochastic: K=34.30 D=34.30;[PASS] EMA Rejection: Rejected;[FAIL] Resistance Test: No test;[PASS] Pullback: Detected;[PASS] Double Top/Bottom: Pattern=double_bottom;[FAIL] Range Filter: EMA diff=0.0042 [>0.005];[PASS] Combined Range Filter: diff=0.0042, ADX=44.78, mode=AND"
BNB-USDT,LONG,B1,هایپریون (Hyperion),757.98000000,727.66080000,0.00000000,2026-09-06 13:12:14,OPEN,,,,,,10.00,,"[PASS] Candle Strength 15m: BS15=0.656 [>= 0.6];[PASS] Candle Strength 5m: BS5=0.707 [>= 0.6];[PASS] EMA Trend 1h: EMA21=759.63, EMA50=746.89;[PASS] EMA Trend 4h: EMA21=736.81, EMA50=716.62, EMA200=659.02;[FAIL] RSI 30m: RSI=41.61;[FAIL] MACD 30m: MACD_hist=-0.7443;[FAIL] Smart Pullback: price=757.9800 EMA=761.0782 RSI=41.6 BS=0.656;[FAIL] ADX: ADX=27.74 [>22], DI+=14.31, DI-=24.90;[FAIL] CCI Momentum: CCI=-82.51;[PASS] SAR: SAR=756.8020, price=757.9800;[FAIL] Stochastic: K=31.46 D=31.46;[FAIL] EMA Rejection: No rejection;[PASS] Resistance Test: Tested;[PASS] Pullback: Detected;[PASS] Double Top/Bottom: Pattern=double_bottom;[FAIL] Range Filter: EMA diff=0.0041 [>0.005];[PASS] Combined Range Filter: diff=0.0041, ADX=27.74, mode=OR"
SOL-USDT,LONG,S1,پرومتئوس (Prometheus),106.44000000,102.18240000,0.00000000,2026-09-06 13:12:16,OPEN,,,,,,10.00,,"[FAIL] Candle Strength 15m: BS15=0.563 [>= 0.6];[FAIL] Candle Strength 5m: BS5=0.833 [too high];[PASS] EMA Trend 1h: EMA21=104.47, EMA50=103.53;[PASS] EMA Trend 4h: EMA21=103.34, EMA50=102.18, EMA200=90.61;[PASS] RSI 30m: RSI=64.77;[PASS] MACD 30m: MACD_hist=0.0446;[FAIL] Smart Pullback: price=106.4400 EMA=105.1986 RSI=64.8 BS=0.563;[PASS] ADX: ADX=39.17 [>22], DI+=41.69, DI-=13.43;[FAIL] CCI Momentum: CCI=123.66;[PASS] SAR: SAR=105.2124, price=106.4400;[FAIL] Stochastic: K=70.79 D=70.79;[PASS] EMA Rejection: Rejected;[FAIL] Resistance Test: No test;[PASS] Pullback: Detected;[PASS] Double Top/Bottom: Pattern=double_bottom;[PASS] Range Filter: EMA diff=0.0088 [>0.005];[PASS] Combined Range Filter: diff=0.0088, ADX=39.17, mode=AND"
SOL-USDT,LONG,S3,کرونوس (Cronus),106.44000000,102.18240000,0.00000000,2026-09-06 13:12:17,OPEN,,,,,,10.00,,"[FAIL] Candle Strength 15m: BS15=0.563 [>= 0.6];[FAIL] Candle Strength 5m: BS5=0.833 [too high];[PASS] EMA Trend 1h: EMA21=104.47, EMA50=103.53;[PASS] EMA Trend 4h: EMA21=103.34, EMA50=102.18, EMA200=90.61;[PASS] RSI 30m: RSI=64.77;[PASS] MACD 30m: MACD_hist=0.0446;[FAIL] Smart Pullback: price=106.4400 EMA=105.1986 RSI=64.8 BS=0.563;[PASS] ADX: ADX=39.17 [>22], DI+=41.69, DI-=13.43;[FAIL] CCI Momentum: CCI=123.66;[PASS] SAR: SAR=105.2124, price=106.4400;[FAIL] Stochastic: K=70.79 D=70.79;[PASS] EMA Rejection: Rejected;[FAIL] Resistance Test: No test;[PASS] Pullback: Detected;[PASS] Double Top/Bottom: Pattern=double_bottom;[PASS] Range Filter: EMA diff=0.0088 [>0.005];[PASS] Combined Range Filter: diff=0.0088, ADX=39.17, mode=AND"
SOL-USDT,LONG,B1,هایپریون (Hyperion),106.44000000,102.18240000,0.00000000,2026-09-06 13:12:19,OPEN,,,,,,10.00,,"[FAIL] Candle Strength 15m: BS15=0.563 [>= 0.6];[FAIL] Candle Strength 5m: BS5=0.833 [too high];[PASS] EMA Trend 1h: EMA21=104.47, EMA50=103.53;[PASS] EMA Trend 4h: EMA21=103.34, EMA50=102.18, EMA200=90.61;[PASS] RSI 30m: RSI=64.77;[PASS] MACD 30m: MACD_hist=0.0446;[FAIL] Smart Pullback: price=106.4400 EMA=105.1986 RSI=64.8 BS=0.563;[PASS] ADX: ADX=39.17 [>22], DI+=41.69, DI-=13.43;[FAIL] CCI Momentum: CCI=123.66;[PASS] SAR: SAR=105.2124, price=106.4400;[FAIL] Stochastic: K=70.79 D=70.79;[PASS] EMA Rejection: Rejected;[FAIL] Resistance Test: No test;[PASS] Pullback: Detected;[PASS] Double Top/Bottom: Pattern=double_bottom;[PASS] Range Filter: EMA diff=0.0088 [>0.005];[PASS] Combined Range Filter: diff=0.0088, ADX=39.17, mode=OR"
SUI-USDT,LONG,S1,پرومتئوس (Prometheus),0.80210000,0.77001600,0.00000000,2026-09-06 13:12:22,OPEN,,,,,,10.00,,"[FAIL] Candle Strength 15m: BS15=0.484 [>= 0.6];[PASS] Candle Strength 5m: BS5=0.722 [>= 0.6];[PASS] EMA Trend 1h: EMA21=0.80, EMA50=0.79;[PASS] EMA Trend 4h: EMA21=0.78, EMA50=0.76, EMA200=0.73;[PASS] RSI 30m: RSI=56.47;[FAIL] MACD 30m: MACD_hist=0.0001;[FAIL] Smart Pullback: price=0.8021 EMA=0.7971 RSI=56.5 BS=0.484;[PASS] ADX: ADX=25.14 [>22], DI+=24.40, DI-=16.26;[PASS] CCI Momentum: CCI=96.75;[PASS] SAR: SAR=0.7922, price=0.8021;[FAIL] Stochastic: K=83.41 D=83.41;[PASS] EMA Rejection: Rejected;[PASS] Resistance Test: Tested;[PASS] Pullback: Detected;[PASS] Double Top/Bottom: Pattern=double_top;[FAIL] Range Filter: EMA diff=0.0045 [>0.005];[PASS] Combined Range Filter: diff=0.0045, ADX=25.14, mode=AND"
SUI-USDT,LONG,B1,هایپریون (Hyperion),0.80210000,0.77001600,0.00000000,2026-09-06 13:12:24,OPEN,,,,,,10.00,,"[FAIL] Candle Strength 15m: BS15=0.484 [>= 0.6];[PASS] Candle Strength 5m: BS5=0.722 [>= 0.6];[PASS] EMA Trend 1h: EMA21=0.80, EMA50=0.79;[PASS] EMA Trend 4h: EMA21=0.78, EMA50=0.76, EMA200=0.73;[PASS] RSI 30m: RSI=56.47;[FAIL] MACD 30m: MACD_hist=0.0001;[FAIL] Smart Pullback: price=0.8021 EMA=0.7971 RSI=56.5 BS=0.484;[PASS] ADX: ADX=25.14 [>22], DI+=24.40, DI-=16.26;[PASS] CCI Momentum: CCI=96.75;[PASS] SAR: SAR=0.7922, price=0.8021;[FAIL] Stochastic: K=83.41 D=83.41;[PASS] EMA Rejection: Rejected;[PASS] Resistance Test: Tested;[PASS] Pullback: Detected;[PASS] Double Top/Bottom: Pattern=double_top;[FAIL] Range Filter: EMA diff=0.0045 [>0.005];[PASS] Combined Range Filter: diff=0.0045, ADX=25.14, mode=OR"
NEAR-USDT,LONG,S3,کرونوس (Cronus),2.38790000,2.29238400,0.00000000,2026-09-06 13:12:25,OPEN,,,,,,10.00,,"[FAIL] Candle Strength 15m: BS15=0.876 [too high - likely end of move];[FAIL] Candle Strength 5m: BS5=0.829 [too high];[PASS] EMA Trend 1h: EMA21=2.24, EMA50=2.17;[PASS] EMA Trend 4h: EMA21=2.13, EMA50=2.02, EMA200=1.84;[FAIL] RSI 30m: RSI=73.83;[PASS] MACD 30m: MACD_hist=0.0167;[FAIL] Smart Pullback: price=2.3879 EMA=2.2611 RSI=73.8 BS=0.876;[PASS] ADX: ADX=27.22 [>22], DI+=33.97, DI-=6.61;[FAIL] CCI Momentum: CCI=200.27;[PASS] SAR: SAR=2.3262, price=2.3879;[FAIL] Stochastic: K=99.95 D=99.95;[FAIL] EMA Rejection: No rejection;[FAIL] Resistance Test: No test;[PASS] Pullback: Detected;[FAIL] Double Top/Bottom: No pattern;[PASS] Range Filter: EMA diff=0.0163 [>0.005];[PASS] Combined Range Filter: diff=0.0163, ADX=27.22, mode=AND"
NEAR-USDT,LONG,B1,هایپریون (Hyperion),2.38790000,2.29238400,0.00000000,2026-09-06 13:12:27,OPEN,,,,,,10.00,,"[FAIL] Candle Strength 15m: BS15=0.876 [too high - likely end of move];[FAIL] Candle Strength 5m: BS5=0.829 [too high];[PASS] EMA Trend 1h: EMA21=2.24, EMA50=2.17;[PASS] EMA Trend 4h: EMA21=2.13, EMA50=2.02, EMA200=1.84;[FAIL] RSI 30m: RSI=73.83;[PASS] MACD 30m: MACD_hist=0.0167;[FAIL] Smart Pullback: price=2.3879 EMA=2.2611 RSI=73.8 BS=0.876;[PASS] ADX: ADX=27.22 [>22], DI+=33.97, DI-=6.61;[FAIL] CCI Momentum: CCI=200.27;[PASS] SAR: SAR=2.3262, price=2.3879;[FAIL] Stochastic: K=99.95 D=99.95;[FAIL] EMA Rejection: No rejection;[FAIL] Resistance Test: No test;[PASS] Pullback: Detected;[FAIL] Double Top/Bottom: No pattern;[PASS] Range Filter: EMA diff=0.0163 [>0.005];[PASS] Combined Range Filter: diff=0.0163, ADX=27.22, mode=OR"
ADA-USDT,LONG,B1,هایپریون (Hyperion),0.21930000,0.21052800,0.00000000,2026-09-06 13:12:28,OPEN,,,,,,10.00,,"[FAIL] Candle Strength 15m: BS15=0.364 [>= 0.6];[FAIL] Candle Strength 5m: BS5=0.333 [>= 0.6];[PASS] EMA Trend 1h: EMA21=0.22, EMA50=0.22;[PASS] EMA Trend 4h: EMA21=0.21, EMA50=0.21, EMA200=0.20;[FAIL] RSI 30m: RSI=48.94;[FAIL] MACD 30m: MACD_hist=-0.0004;[FAIL] Smart Pullback: price=0.2193 EMA=0.2197 RSI=48.9 BS=0.364;[PASS] ADX: ADX=24.52 [>22], DI+=23.98, DI-=19.91;[FAIL] CCI Momentum: CCI=-50.00;[PASS] SAR: SAR=0.2175, price=0.2193;[FAIL] Stochastic: K=30.16 D=30.16;[PASS] EMA Rejection: Rejected;[PASS] Resistance Test: Tested;[PASS] Pullback: Detected;[FAIL] Double Top/Bottom: No pattern;[FAIL] Range Filter: EMA diff=0.0048 [>0.005];[PASS] Combined Range Filter: diff=0.0048, ADX=24.52, mode=OR"
LINK-USDT,LONG,B1,هایپریون (Hyperion),12.28430000,11.79292800,0.00000000,2026-09-06 13:12:47,OPEN,,,,,,10.00,,"[FAIL] Candle Strength 15m: BS15=0.542 [>= 0.6];[FAIL] Candle Strength 5m: BS5=0.154 [>= 0.6];[PASS] EMA Trend 1h: EMA21=12.11, EMA50=11.94;[PASS] EMA Trend 4h: EMA21=11.84, EMA50=11.61, EMA200=10.33;[PASS] RSI 30m: RSI=60.30;[FAIL] MACD 30m: MACD_hist=-0.0047;[FAIL] Smart Pullback: price=12.2843 EMA=12.1970 RSI=60.3 BS=0.542;[PASS] ADX: ADX=37.59 [>22], DI+=31.18, DI-=15.76;[PASS] CCI Momentum: CCI=96.07;[PASS] SAR: SAR=12.1807, price=12.2843;[FAIL] Stochastic: K=77.00 D=77.00;[FAIL] EMA Rejection: No rejection;[FAIL] Resistance Test: No test;[PASS] Pullback: Detected;[PASS] Double Top/Bottom: Pattern=double_top;[PASS] Range Filter: EMA diff=0.0099 [>0.005];[PASS] Combined Range Filter: diff=0.0099, ADX=37.59, mode=OR"
AVAX-USDT,LONG,S1,پرومتئوس (Prometheus),7.65500000,7.34880000,0.00000000,2026-09-06 13:12:59,OPEN,,,,,,10.00,,"[FAIL] Candle Strength 15m: BS15=0.500 [>= 0.6];[PASS] Candle Strength 5m: BS5=0.615 [>= 0.6];[PASS] EMA Trend 1h: EMA21=7.61, EMA50=7.54;[PASS] EMA Trend 4h: EMA21=7.49, EMA50=7.40, EMA200=7.01;[PASS] RSI 30m: RSI=53.70;[FAIL] MACD 30m: MACD_hist=-0.0063;[FAIL] Smart Pullback: price=7.6550 EMA=7.6463 RSI=53.7 BS=0.500;[PASS] ADX: ADX=28.83 [>22], DI+=26.15, DI-=19.56;[PASS] CCI Momentum: CCI=-13.71;[PASS] SAR: SAR=7.6244, price=7.6550;[FAIL] Stochastic: K=35.61 D=35.61;[PASS] EMA Rejection: Rejected;[FAIL] Resistance Test: No test;[PASS] Pullback: Detected;[PASS] Double Top/Bottom: Pattern=double_top;[PASS] Range Filter: EMA diff=0.0060 [>0.005];[PASS] Combined Range Filter: diff=0.0060, ADX=28.83, mode=AND"
ATOM-USDT,LONG,S1,پرومتئوس (Prometheus),1.59440000,1.53062400,0.00000000,2026-09-06 13:13:01,OPEN,,,,,,10.00,,"[FAIL] Candle Strength 15m: BS15=0.887 [too high - likely end of move];[FAIL] Candle Strength 5m: BS5=1.000 [too high];[PASS] EMA Trend 1h: EMA21=1.57, EMA50=1.55;[PASS] EMA Trend 4h: EMA21=1.54, EMA50=1.51, EMA200=1.46;[PASS] RSI 30m: RSI=60.48;[FAIL] MACD 30m: MACD_hist=0.0016;[FAIL] Smart Pullback: price=1.5944 EMA=1.5799 RSI=60.5 BS=0.887;[PASS] ADX: ADX=29.72 [>22], DI+=32.27, DI-=13.19;[FAIL] CCI Momentum: CCI=121.10;[PASS] SAR: SAR=1.5937, price=1.5944;[FAIL] Stochastic: K=67.35 D=67.35;[FAIL] EMA Rejection: No rejection;[FAIL] Resistance Test: No test;[PASS] Pullback: Detected;[FAIL] Double Top/Bottom: No pattern;[PASS] Range Filter: EMA diff=0.0100 [>0.005];[PASS] Combined Range Filter: diff=0.0100, ADX=29.72, mode=AND"
INJ-USDT,LONG,S1,پرومتئوس (Prometheus),5.15000000,4.94400000,0.00000000,2026-09-06 13:13:03,OPEN,,,,,,10.00,,"[FAIL] Candle Strength 15m: BS15=0.588 [>= 0.6];[PASS] Candle Strength 5m: BS5=0.700 [>= 0.6];[PASS] EMA Trend 1h: EMA21=5.02, EMA50=4.95;[FAIL] EMA Trend 4h: EMA21=4.95, EMA50=4.97, EMA200=4.89;[PASS] RSI 30m: RSI=64.23;[FAIL] MACD 30m: MACD_hist=0.0001;[FAIL] Smart Pullback: price=5.1500 EMA=5.0786 RSI=64.2 BS=0.588;[PASS] ADX: ADX=40.40 [>22], DI+=33.84, DI-=10.80;[FAIL] CCI Momentum: CCI=149.22;[PASS] SAR: SAR=5.0843, price=5.1500;[FAIL] Stochastic: K=81.95 D=81.95;[FAIL] EMA Rejection: No rejection;[FAIL] Resistance Test: No test;[PASS] Pullback: Detected;[FAIL] Double Top/Bottom: No pattern;[PASS] Range Filter: EMA diff=0.0145 [>0.005];[PASS] Combined Range Filter: diff=0.0145, ADX=40.40, mode=AND"
INJ-USDT,LONG,B1,هایپریون (Hyperion),5.15000000,4.94400000,0.00000000,2026-09-06 13:13:05,OPEN,,,,,,10.00,,"[FAIL] Candle Strength 15m: BS15=0.588 [>= 0.6];[PASS] Candle Strength 5m: BS5=0.700 [>= 0.6];[PASS] EMA Trend 1h: EMA21=5.02, EMA50=4.95;[FAIL] EMA Trend 4h: EMA21=4.95, EMA50=4.97, EMA200=4.89;[PASS] RSI 30m: RSI=64.23;[FAIL] MACD 30m: MACD_hist=0.0001;[FAIL] Smart Pullback: price=5.1500 EMA=5.0786 RSI=64.2 BS=0.588;[PASS] ADX: ADX=40.40 [>22], DI+=33.84, DI-=10.80;[FAIL] CCI Momentum: CCI=149.22;[PASS] SAR: SAR=5.0843, price=5.1500;[FAIL] Stochastic: K=81.95 D=81.95;[FAIL] EMA Rejection: No rejection;[FAIL] Resistance Test: No test;[PASS] Pullback: Detected;[FAIL] Double Top/Bottom: No pattern;[PASS] Range Filter: EMA diff=0.0145 [>0.005];[PASS] Combined Range Filter: diff=0.0145, ADX=40.40, mode=OR"
PEPE-USDT,LONG,B1,هایپریون (Hyperion),0.00000363,0.00000349,0.00000000,2026-09-06 13:13:07,OPEN,,,,,,10.00,,"[FAIL] Candle Strength 15m: BS15=0.014 [>= 0.6];[FAIL] Candle Strength 5m: BS5=0.002 [>= 0.6];[PASS] EMA Trend 1h: EMA21=0.00, EMA50=0.00;[FAIL] EMA Trend 4h: EMA21=0.00, EMA50=0.00, EMA200=0.00;[PASS] RSI 30m: RSI=52.18;[FAIL] MACD 30m: MACD_hist=-0.0000;[FAIL] Smart Pullback: price=0.0000 EMA=0.0000 RSI=52.2 BS=0.667;[FAIL] ADX: ADX=21.97 [>22], DI+=25.34, DI-=17.82;[PASS] CCI Momentum: CCI=7.51;[PASS] SAR: SAR=0.0000, price=0.0000;[FAIL] Stochastic: K=32.53 D=32.53;[PASS] EMA Rejection: Rejected;[PASS] Resistance Test: Tested;[PASS] Pullback: Detected;[PASS] Double Top/Bottom: Pattern=double_top;[PASS] Range Filter: EMA diff=0.0054 [>0.005];[FAIL] Combined Range Filter: diff=0.0054, ADX=21.97, mode=OR"
BTC-USDT,LONG,S3,کرونوس (Cronus),79941.30000000,76743.64800000,0.00000000,2026-09-06 13:47:09,OPEN,,,,,,10.00,,"[FAIL] Candle Strength 15m: BS15=0.947 [too high - likely end of move];[FAIL] Candle Strength 5m: BS5=0.947 [too high];[PASS] EMA Trend 1h: EMA21=79860.12, EMA50=79771.16;[PASS] EMA Trend 4h: EMA21=79615.01, EMA50=78883.67, EMA200=72652.80;[PASS] RSI 30m: RSI=54.25;[PASS] MACD 30m: MACD_hist=1.3486;[FAIL] Smart Pullback: price=79941.3000 EMA=79877.5150 RSI=54.3 BS=0.947;[FAIL] ADX: ADX=15.74 [>22], DI+=25.14, DI-=18.93;[PASS] CCI Momentum: CCI=34.00;[PASS] SAR: SAR=79860.2640, price=79941.3000;[FAIL] Stochastic: K=68.31 D=68.31;[PASS] EMA Rejection: Rejected;[PASS] Resistance Test: Tested;[PASS] Pullback: Detected;[PASS] Double Top/Bottom: Pattern=double_top;[FAIL] Range Filter: EMA diff=0.0003 [>0.005];[FAIL] Combined Range Filter: diff=0.0003, ADX=15.74, mode=AND"
ETH-USDT,LONG,B1,هایپریون (Hyperion),2498.73000000,2398.78080000,0.00000000,2026-09-06 13:47:11,OPEN,,,,,,10.00,,"[FAIL] Candle Strength 15m: BS15=0.093 [>= 0.6];[FAIL] Candle Strength 5m: BS5=0.093 [>= 0.6];[PASS] EMA Trend 1h: EMA21=2490.51, EMA50=2477.96;[PASS] EMA Trend 4h: EMA21=2471.98, EMA50=2453.92, EMA200=2226.27;[PASS] RSI 30m: RSI=54.14;[FAIL] MACD 30m: MACD_hist=-1.8586;[FAIL] Smart Pullback: price=2498.7300 EMA=2497.1357 RSI=54.1 BS=0.093;[PASS] ADX: ADX=43.14 [>22], DI+=27.65, DI-=17.52;[PASS] CCI Momentum: CCI=-19.76;[PASS] SAR: SAR=2494.1142, price=2498.7300;[FAIL] Stochastic: K=37.52 D=37.52;[PASS] EMA Rejection: Rejected;[FAIL] Resistance Test: No test;[PASS] Pullback: Detected;[PASS] Double Top/Bottom: Pattern=double_top;[FAIL] Range Filter: EMA diff=0.0041 [>0.005];[PASS] Combined Range Filter: diff=0.0041, ADX=43.14, mode=OR"
BNB-USDT,LONG,S3,کرونوس (Cronus),758.39700000,728.06112000,0.00000000,2026-09-06 13:47:12,OPEN,,,,,,10.00,,"[PASS] Candle Strength 15m: BS15=0.676 [>= 0.6];[PASS] Candle Strength 5m: BS5=0.676 [>= 0.6];[PASS] EMA Trend 1h: EMA21=759.48, EMA50=747.32;[PASS] EMA Trend 4h: EMA21=736.84, EMA50=716.63, EMA200=659.03;[FAIL] RSI 30m: RSI=43.18;[FAIL] MACD 30m: MACD_hist=-0.5778;[FAIL] Smart Pullback: price=758.3970 EMA=760.7994 RSI=43.2 BS=0.676;[FAIL] ADX: ADX=27.69 [>22], DI+=13.67, DI-=23.79;[FAIL] CCI Momentum: CCI=-76.26;[PASS] SAR: SAR=756.9278, price=758.3970;[FAIL] Stochastic: K=35.08 D=35.08;[FAIL] EMA Rejection: No rejection;[PASS] Resistance Test: Tested;[PASS] Pullback: Detected;[PASS] Double Top/Bottom: Pattern=double_top;[FAIL] Range Filter: EMA diff=0.0037 [>0.005];[PASS] Combined Range Filter: diff=0.0037, ADX=27.69, mode=AND"
XRP-USDT,LONG,B1,هایپریون (Hyperion),1.41786000,1.36114560,0.00000000,2026-09-06 13:47:15,OPEN,,,,,,10.00,,"[FAIL] Candle Strength 15m: BS15=0.121 [>= 0.6];[FAIL] Candle Strength 5m: BS5=0.121 [>= 0.6];[PASS] EMA Trend 1h: EMA21=1.42, EMA50=1.41;[PASS] EMA Trend 4h: EMA21=1.41, EMA50=1.40, EMA200=1.26;[PASS] RSI 30m: RSI=50.39;[FAIL] MACD 30m: MACD_hist=-0.0003;[FAIL] Smart Pullback: price=1.4179 EMA=1.4181 RSI=50.4 BS=0.121;[FAIL] ADX: ADX=16.51 [>22], DI+=24.52, DI-=18.05;[PASS] CCI Momentum: CCI=-8.15;[FAIL] SAR: SAR=1.4179, price=1.4179;[FAIL] Stochastic: K=38.14 D=38.14;[PASS] EMA Rejection: Rejected;[PASS] Resistance Test: Tested;[PASS] Pullback: Detected;[PASS] Double Top/Bottom: Pattern=double_bottom;[FAIL] Range Filter: EMA diff=0.0015 [>0.005];[FAIL] Combined Range Filter: diff=0.0015, ADX=16.51, mode=OR"
LTC-USDT,LONG,S3,کرونوس (Cronus),54.20000000,52.03200000,0.00000000,2026-09-06 13:47:17,OPEN,,,,,,10.00,,"[FAIL] Candle Strength 15m: BS15=0.400 [>= 0.6];[FAIL] Candle Strength 5m: BS5=0.400 [>= 0.6];[PASS] EMA Trend 1h: EMA21=54.07, EMA50=53.15;[PASS] EMA Trend 4h: EMA21=52.45, EMA50=51.13, EMA200=48.36;[FAIL] RSI 30m: RSI=49.09;[FAIL] MACD 30m: MACD_hist=-0.0506;[FAIL] Smart Pullback: price=54.2000 EMA=54.2538 RSI=49.1 BS=0.400;[FAIL] ADX: ADX=16.39 [>22], DI+=22.99, DI-=22.70;[FAIL] CCI Momentum: CCI=-44.30;[PASS] SAR: SAR=54.1102, price=54.2000;[FAIL] Stochastic: K=45.71 D=45.71;[FAIL] EMA Rejection: No rejection;[PASS] Resistance Test: Tested;[PASS] Pullback: Detected;[PASS] Double Top/Bottom: Pattern=double_top;[PASS] Range Filter: EMA diff=0.0058 [>0.005];[PASS] Combined Range Filter: diff=0.0058, ADX=16.39, mode=AND"
SUI-USDT,LONG,S3,کرونوس (Cronus),0.79740000,0.76550400,0.00000000,2026-09-06 13:47:19,OPEN,,,,,,10.00,,"[FAIL] Candle Strength 15m: BS15=0.318 [>= 0.6];[FAIL] Candle Strength 5m: BS5=0.318 [>= 0.6];[PASS] EMA Trend 1h: EMA21=0.80, EMA50=0.79;[PASS] EMA Trend 4h: EMA21=0.78, EMA50=0.76, EMA200=0.73;[PASS] RSI 30m: RSI=50.83;[FAIL] MACD 30m: MACD_hist=0.0000;[FAIL] Smart Pullback: price=0.7974 EMA=0.7970 RSI=50.8 BS=0.318;[PASS] ADX: ADX=24.71 [>22], DI+=24.41, DI-=17.58;[PASS] CCI Momentum: CCI=22.45;[FAIL] SAR: SAR=0.7993, price=0.7974;[FAIL] Stochastic: K=61.14 D=61.14;[PASS] EMA Rejection: Rejected;[PASS] Resistance Test: Tested;[PASS] Pullback: Detected;[PASS] Double Top/Bottom: Pattern=double_bottom;[FAIL] Range Filter: EMA diff=0.0042 [>0.005];[PASS] Combined Range Filter: diff=0.0042, ADX=24.71, mode=AND"
ADA-USDT,LONG,S3,کرونوس (Cronus),0.21930000,0.21052800,0.00000000,2026-09-06 13:47:21,OPEN,,,,,,10.00,,"[FAIL] Candle Strength 15m: BS15=0.500 [>= 0.6];[FAIL] Candle Strength 5m: BS5=0.500 [>= 0.6];[PASS] EMA Trend 1h: EMA21=0.22, EMA50=0.22;[PASS] EMA Trend 4h: EMA21=0.21, EMA50=0.21, EMA200=0.20;[FAIL] RSI 30m: RSI=48.84;[FAIL] MACD 30m: MACD_hist=-0.0003;[FAIL] Smart Pullback: price=0.2193 EMA=0.2196 RSI=48.8 BS=0.500;[PASS] ADX: ADX=23.43 [>22], DI+=22.91, DI-=19.02;[FAIL] CCI Momentum: CCI=-51.47;[PASS] SAR: SAR=0.2187, price=0.2193;[FAIL] Stochastic: K=30.16 D=30.16;[PASS] EMA Rejection: Rejected;[PASS] Resistance Test: Tested;[PASS] Pullback: Detected;[PASS] Double Top/Bottom: Pattern=double_top;[FAIL] Range Filter: EMA diff=0.0046 [>0.005];[PASS] Combined Range Filter: diff=0.0046, ADX=23.43, mode=AND"
AVAX-USDT,LONG,S3,کرونوس (Cronus),7.65200000,7.34592000,0.00000000,2026-09-06 13:47:24,OPEN,,,,,,10.00,,"[PASS] Candle Strength 15m: BS15=0.750 [>= 0.6];[PASS] Candle Strength 5m: BS5=0.750 [>= 0.6];[PASS] EMA Trend 1h: EMA21=7.62, EMA50=7.54;[PASS] EMA Trend 4h: EMA21=7.49, EMA50=7.40, EMA200=7.01;[PASS] RSI 30m: RSI=52.97;[FAIL] MACD 30m: MACD_hist=-0.0060;[FAIL] Smart Pullback: price=7.6520 EMA=7.6471 RSI=53.0 BS=0.750;[PASS] ADX: ADX=27.80 [>22], DI+=24.84, DI-=18.58;[FAIL] CCI Momentum: CCI=-28.71;[PASS] SAR: SAR=7.6362, price=7.6520;[FAIL] Stochastic: K=33.33 D=33.33;[PASS] EMA Rejection: Rejected;[FAIL] Resistance Test: No test;[PASS] Pullback: Detected;[PASS] Double Top/Bottom: Pattern=double_top;[PASS] Range Filter: EMA diff=0.0058 [>0.005];[PASS] Combined Range Filter: diff=0.0058, ADX=27.80, mode=AND"
ATOM-USDT,LONG,S1,پرومتئوس (Prometheus),1.59600000,1.53216000,0.00000000,2026-09-06 13:47:25,OPEN,,,,,,10.00,,"[FAIL] Candle Strength 15m: BS15=0.010 [>= 0.6];[FAIL] Candle Strength 5m: BS5=0.415 [>= 0.6];[PASS] EMA Trend 1h: EMA21=1.57, EMA50=1.55;[PASS] EMA Trend 4h: EMA21=1.54, EMA50=1.51, EMA200=1.46;[PASS] RSI 30m: RSI=61.07;[FAIL] MACD 30m: MACD_hist=0.0012;[FAIL] Smart Pullback: price=1.5960 EMA=1.5813 RSI=61.1 BS=0.010;[PASS] ADX: ADX=30.09 [>22], DI+=29.81, DI-=13.31;[FAIL] CCI Momentum: CCI=110.96;[PASS] SAR: SAR=1.5913, price=1.5960;[FAIL] Stochastic: K=70.98 D=70.98;[FAIL] EMA Rejection: No rejection;[FAIL] Resistance Test: No test;[PASS] Pullback: Detected;[FAIL] Double Top/Bottom: No pattern;[PASS] Range Filter: EMA diff=0.0101 [>0.005];[PASS] Combined Range Filter: diff=0.0101, ADX=30.09, mode=AND"
FIL-USDT,LONG,S3,کرونوس (Cronus),0.79670000,0.76483200,0.00000000,2026-09-06 13:47:26,OPEN,,,,,,10.00,,"[FAIL] Candle Strength 15m: BS15=0.000 [>= 0.6];[FAIL] Candle Strength 5m: BS5=0.000 [>= 0.6];[PASS] EMA Trend 1h: EMA21=0.80, EMA50=0.79;[PASS] EMA Trend 4h: EMA21=0.78, EMA50=0.76, EMA200=0.72;[FAIL] RSI 30m: RSI=47.06;[FAIL] MACD 30m: MACD_hist=-0.0025;[FAIL] Smart Pullback: price=0.7967 EMA=0.8013 RSI=47.1 BS=0.000;[FAIL] ADX: ADX=23.13 [>22], DI+=20.02, DI-=22.00;[FAIL] CCI Momentum: CCI=-78.35;[PASS] SAR: SAR=0.7950, price=0.7967;[FAIL] Stochastic: K=13.11 D=13.11;[FAIL] EMA Rejection: No rejection;[FAIL] Resistance Test: No test;[PASS] Pullback: Detected;[PASS] Double Top/Bottom: Pattern=double_bottom;[PASS] Range Filter: EMA diff=0.0096 [>0.005];[PASS] Combined Range Filter: diff=0.0096, ADX=23.13, mode=AND"
INJ-USDT,LONG,S3,کرونوس (Cronus),5.15100000,4.94496000,0.00000000,2026-09-06 13:47:29,OPEN,,,,,,10.00,,"[FAIL] Candle Strength 15m: BS15=1.000 [too high - likely end of move];[FAIL] Candle Strength 5m: BS5=1.000 [too high];[PASS] EMA Trend 1h: EMA21=5.04, EMA50=4.96;[FAIL] EMA Trend 4h: EMA21=4.95, EMA50=4.97, EMA200=4.89;[PASS] RSI 30m: RSI=64.23;[FAIL] MACD 30m: MACD_hist=0.0005;[FAIL] Smart Pullback: price=5.1510 EMA=5.0863 RSI=64.2 BS=1.000;[PASS] ADX: ADX=40.80 [>22], DI+=33.39, DI-=13.08;[FAIL] CCI Momentum: CCI=120.67;[PASS] SAR: SAR=5.1486, price=5.1510;[FAIL] Stochastic: K=75.86 D=75.86;[FAIL] EMA Rejection: No rejection;[FAIL] Resistance Test: No test;[PASS] Pullback: Detected;[PASS] Double Top/Bottom: Pattern=double_bottom;[PASS] Range Filter: EMA diff=0.0148 [>0.005];[PASS] Combined Range Filter: diff=0.0148, ADX=40.80, mode=AND"
SEI-USDT,LONG,S3,کرونوس (Cronus),0.04853000,0.04658880,0.00000000,2026-09-06 13:47:47,OPEN,,,,,,10.00,,"[FAIL] Candle Strength 15m: BS15=0.200 [>= 0.6];[FAIL] Candle Strength 5m: BS5=0.200 [>= 0.6];[PASS] EMA Trend 1h: EMA21=0.05, EMA50=0.05;[PASS] EMA Trend 4h: EMA21=0.05, EMA50=0.05, EMA200=0.04;[PASS] RSI 30m: RSI=57.05;[FAIL] MACD 30m: MACD_hist=0.0000;[FAIL] Smart Pullback: price=0.0485 EMA=0.0483 RSI=57.1 BS=0.200;[FAIL] ADX: ADX=18.54 [>22], DI+=23.44, DI-=15.14;[PASS] CCI Momentum: CCI=55.76;[PASS] SAR: SAR=0.0485, price=0.0485;[FAIL] Stochastic: K=72.73 D=72.73;[PASS] EMA Rejection: Rejected;[PASS] Resistance Test: Tested;[PASS] Pullback: Detected;[PASS] Double Top/Bottom: Pattern=double_bottom;[FAIL] Range Filter: EMA diff=0.0039 [>0.005];[PASS] Combined Range Filter: diff=0.0039, ADX=18.54, mode=AND"
TIA-USDT,LONG,S1,پرومتئوس (Prometheus),0.38920000,0.37363200,0.00000000,2026-09-06 13:47:55,OPEN,,,,,,10.00,,"[FAIL] Candle Strength 15m: BS15=1.000 [too high - likely end of move];[FAIL] Candle Strength 5m: BS5=1.000 [too high];[PASS] EMA Trend 1h: EMA21=0.38, EMA50=0.37;[PASS] EMA Trend 4h: EMA21=0.37, EMA50=0.36, EMA200=0.34;[PASS] RSI 30m: RSI=62.33;[FAIL] MACD 30m: MACD_hist=0.0000;[FAIL] Smart Pullback: price=0.3892 EMA=0.3837 RSI=62.3 BS=1.000;[PASS] ADX: ADX=35.20 [>22], DI+=29.22, DI-=13.71;[FAIL] CCI Momentum: CCI=140.36;[PASS] SAR: SAR=0.3859, price=0.3892;[FAIL] Stochastic: K=83.09 D=83.09;[FAIL] EMA Rejection: No rejection;[FAIL] Resistance Test: No test;[PASS] Pullback: Detected;[FAIL] Double Top/Bottom: No pattern;[PASS] Range Filter: EMA diff=0.0162 [>0.005];[PASS] Combined Range Filter: diff=0.0162, ADX=35.20, mode=AND"
TIA-USDT,LONG,S3,کرونوس (Cronus),0.38920000,0.37363200,0.00000000,2026-09-06 13:47:57,OPEN,,,,,,10.00,,"[FAIL] Candle Strength 15m: BS15=1.000 [too high - likely end of move];[FAIL] Candle Strength 5m: BS5=1.000 [too high];[PASS] EMA Trend 1h: EMA21=0.38, EMA50=0.37;[PASS] EMA Trend 4h: EMA21=0.37, EMA50=0.36, EMA200=0.34;[PASS] RSI 30m: RSI=62.33;[FAIL] MACD 30m: MACD_hist=0.0000;[FAIL] Smart Pullback: price=0.3892 EMA=0.3837 RSI=62.3 BS=1.000;[PASS] ADX: ADX=35.20 [>22], DI+=29.22, DI-=13.71;[FAIL] CCI Momentum: CCI=140.36;[PASS] SAR: SAR=0.3859, price=0.3892;[FAIL] Stochastic: K=83.09 D=83.09;[FAIL] EMA Rejection: No rejection;[FAIL] Resistance Test: No test;[PASS] Pullback: Detected;[FAIL] Double Top/Bottom: No pattern;[PASS] Range Filter: EMA diff=0.0162 [>0.005];[PASS] Combined Range Filter: diff=0.0162, ADX=35.20, mode=AND"
TIA-USDT,LONG,B1,هایپریون (Hyperion),0.38920000,0.37363200,0.00000000,2026-09-06 13:47:58,OPEN,,,,,,10.00,,"[FAIL] Candle Strength 15m: BS15=1.000 [too high - likely end of move];[FAIL] Candle Strength 5m: BS5=1.000 [too high];[PASS] EMA Trend 1h: EMA21=0.38, EMA50=0.37;[PASS] EMA Trend 4h: EMA21=0.37, EMA50=0.36, EMA200=0.34;[PASS] RSI 30m: RSI=62.33;[FAIL] MACD 30m: MACD_hist=0.0000;[FAIL] Smart Pullback: price=0.3892 EMA=0.3837 RSI=62.3 BS=1.000;[PASS] ADX: ADX=35.20 [>22], DI+=29.22, DI-=13.71;[FAIL] CCI Momentum: CCI=140.36;[PASS] SAR: SAR=0.3859, price=0.3892;[FAIL] Stochastic: K=83.09 D=83.09;[FAIL] EMA Rejection: No rejection;[FAIL] Resistance Test: No test;[PASS] Pullback: Detected;[FAIL] Double Top/Bottom: No pattern;[PASS] Range Filter: EMA diff=0.0162 [>0.005];[PASS] Combined Range Filter: diff=0.0162, ADX=35.20, mode=OR"
PEPE-USDT,LONG,S3,کرونوس (Cronus),0.00000363,0.00000348,0.00000000,2026-09-06 13:48:01,OPEN,,,,,,10.00,,"[FAIL] Candle Strength 15m: BS15=0.001 [>= 0.6];[FAIL] Candle Strength 5m: BS5=0.001 [>= 0.6];[PASS] EMA Trend 1h: EMA21=0.00, EMA50=0.00;[FAIL] EMA Trend 4h: EMA21=0.00, EMA50=0.00, EMA200=0.00;[FAIL] RSI 30m: RSI=49.96;[FAIL] MACD 30m: MACD_hist=-0.0000;[FAIL] Smart Pullback: price=0.0000 EMA=0.0000 RSI=50.0 BS=0.100;[FAIL] ADX: ADX=21.65 [>22], DI+=23.69, DI-=16.66;[FAIL] CCI Momentum: CCI=-48.56;[PASS] SAR: SAR=0.0000, price=0.0000;[FAIL] Stochastic: K=22.89 D=22.89;[PASS] EMA Rejection: Rejected;[PASS] Resistance Test: Tested;[PASS] Pullback: Detected;[PASS] Double Top/Bottom: Pattern=double_top;[PASS] Range Filter: EMA diff=0.0051 [>0.005];[PASS] Combined Range Filter: diff=0.0051, ADX=21.65, mode=AND"
SHIB-USDT,LONG,S3,کرونوس (Cronus),0.00000544,0.00000523,0.00000000,2026-09-06 13:48:02,OPEN,,,,,,10.00,,"[FAIL] Candle Strength 15m: BS15=0.002 [>= 0.6];[FAIL] Candle Strength 5m: BS5=0.002 [>= 0.6];[PASS] EMA Trend 1h: EMA21=0.00, EMA50=0.00;[PASS] EMA Trend 4h: EMA21=0.00, EMA50=0.00, EMA200=0.00;[FAIL] RSI 30m: RSI=43.50;[FAIL] MACD 30m: MACD_hist=-0.0000;[FAIL] Smart Pullback: price=0.0000 EMA=0.0000 RSI=43.5 BS=0.200;[FAIL] ADX: ADX=17.03 [>22], DI+=22.37, DI-=23.95;[FAIL] CCI Momentum: CCI=-98.34;[PASS] SAR: SAR=0.0000, price=0.0000;[FAIL] Stochastic: K=19.13 D=19.13;[FAIL] EMA Rejection: No rejection;[PASS] Resistance Test: Tested;[PASS] Pullback: Detected;[PASS] Double Top/Bottom: Pattern=double_top;[FAIL] Range Filter: EMA diff=0.0032 [>0.005];[PASS] Combined Range Filter: diff=0.0032, ADX=17.03, mode=AND"
SOL-USDT,LONG,S3,کرونوس (Cronus),106.56000000,102.29760000,0.00000000,2026-09-06 14:12:04,OPEN,,,,,,10.00,,"[FAIL] Candle Strength 15m: BS15=0.250 [>= 0.6];[FAIL] Candle Strength 5m: BS5=0.950 [too high];[PASS] EMA Trend 1h: EMA21=104.66, EMA50=103.65;[PASS] EMA Trend 4h: EMA21=103.35, EMA50=102.18, EMA200=90.61;[FAIL] RSI 30m: RSI=65.82;[PASS] MACD 30m: MACD_hist=0.0538;[FAIL] Smart Pullback: price=106.5600 EMA=105.4338 RSI=65.8 BS=0.250;[PASS] ADX: ADX=40.81 [>22], DI+=37.35, DI-=12.14;[PASS] CCI Momentum: CCI=91.38;[PASS] SAR: SAR=106.3698, price=106.5600;[FAIL] Stochastic: K=71.92 D=71.92;[PASS] EMA Rejection: Rejected;[FAIL] Resistance Test: No test;[PASS] Pullback: Detected;[PASS] Double Top/Bottom: Pattern=double_bottom;[PASS] Range Filter: EMA diff=0.0093 [>0.005];[PASS] Combined Range Filter: diff=0.0093, ADX=40.81, mode=AND"
SOL-USDT,LONG,B1,هایپریون (Hyperion),106.56000000,102.29760000,0.00000000,2026-09-06 14:12:05,OPEN,,,,,,10.00,,"[FAIL] Candle Strength 15m: BS15=0.250 [>= 0.6];[FAIL] Candle Strength 5m: BS5=0.950 [too high];[PASS] EMA Trend 1h: EMA21=104.66, EMA50=103.65;[PASS] EMA Trend 4h: EMA21=103.35, EMA50=102.18, EMA200=90.61;[FAIL] RSI 30m: RSI=65.82;[PASS] MACD 30m: MACD_hist=0.0538;[FAIL] Smart Pullback: price=106.5600 EMA=105.4338 RSI=65.8 BS=0.250;[PASS] ADX: ADX=40.81 [>22], DI+=37.35, DI-=12.14;[PASS] CCI Momentum: CCI=91.38;[PASS] SAR: SAR=106.3698, price=106.5600;[FAIL] Stochastic: K=71.92 D=71.92;[PASS] EMA Rejection: Rejected;[FAIL] Resistance Test: No test;[PASS] Pullback: Detected;[PASS] Double Top/Bottom: Pattern=double_bottom;[PASS] Range Filter: EMA diff=0.0093 [>0.005];[PASS] Combined Range Filter: diff=0.0093, ADX=40.81, mode=OR"
LTC-USDT,LONG,S3,کرونوس (Cronus),54.40000000,52.22400000,0.00000000,2026-09-06 14:12:07,OPEN,,,,,,10.00,,"[FAIL] Candle Strength 15m: BS15=0.875 [too high - likely end of move];[PASS] Candle Strength 5m: BS5=0.667 [>= 0.6];[PASS] EMA Trend 1h: EMA21=54.09, EMA50=53.16;[PASS] EMA Trend 4h: EMA21=52.47, EMA50=51.14, EMA200=48.36;[PASS] RSI 30m: RSI=54.08;[FAIL] MACD 30m: MACD_hist=-0.0262;[FAIL] Smart Pullback: price=54.4000 EMA=54.2671 RSI=54.1 BS=0.875;[FAIL] ADX: ADX=15.66 [>22], DI+=24.49, DI-=21.61;[PASS] CCI Momentum: CCI=-8.07;[PASS] SAR: SAR=54.1258, price=54.4000;[FAIL] Stochastic: K=74.63 D=74.63;[PASS] EMA Rejection: Rejected;[PASS] Resistance Test: Tested;[PASS] Pullback: Detected;[FAIL] Double Top/Bottom: No pattern;[PASS] Range Filter: EMA diff=0.0057 [>0.005];[PASS] Combined Range Filter: diff=0.0057, ADX=15.66, mode=AND"
DOGE-USDT,LONG,B1,هایپریون (Hyperion),0.08983000,0.08623680,0.00000000,2026-09-06 14:12:09,OPEN,,,,,,10.00,,"[FAIL] Candle Strength 15m: BS15=0.067 [>= 0.6];[FAIL] Candle Strength 5m: BS5=0.812 [too high];[PASS] EMA Trend 1h: EMA21=0.09, EMA50=0.09;[PASS] EMA Trend 4h: EMA21=0.09, EMA50=0.09, EMA200=0.08;[FAIL] RSI 30m: RSI=44.15;[FAIL] MACD 30m: MACD_hist=-0.0002;[FAIL] Smart Pullback: price=0.0898 EMA=0.0905 RSI=44.2 BS=0.067;[FAIL] ADX: ADX=32.60 [>22], DI+=19.02, DI-=31.15;[FAIL] CCI Momentum: CCI=-204.60;[PASS] SAR: SAR=0.0898, price=0.0898;[FAIL] Stochastic: K=41.87 D=41.87;[PASS] EMA Rejection: Rejected;[FAIL] Resistance Test: No test;[PASS] Pullback: Detected;[PASS] Double Top/Bottom: Pattern=double_top;[PASS] Range Filter: EMA diff=0.0097 [>0.005];[PASS] Combined Range Filter: diff=0.0097, ADX=32.60, mode=OR"
NEAR-USDT,LONG,S3,کرونوس (Cronus),2.39510000,2.29929600,0.00000000,2026-09-06 14:12:11,OPEN,,,,,,10.00,,"[FAIL] Candle Strength 15m: BS15=0.553 [>= 0.6];[FAIL] Candle Strength 5m: BS5=0.804 [too high];[PASS] EMA Trend 1h: EMA21=2.25, EMA50=2.18;[PASS] EMA Trend 4h: EMA21=2.13, EMA50=2.02, EMA200=1.84;[FAIL] RSI 30m: RSI=72.84;[PASS] MACD 30m: MACD_hist=0.0167;[FAIL] Smart Pullback: price=2.3951 EMA=2.2819 RSI=72.8 BS=0.553;[PASS] ADX: ADX=33.30 [>22], DI+=34.17, DI-=5.61;[FAIL] CCI Momentum: CCI=152.97;[PASS] SAR: SAR=2.3593, price=2.3951;[FAIL] Stochastic: K=93.10 D=93.10;[FAIL] EMA Rejection: No rejection;[FAIL] Resistance Test: No test;[PASS] Pullback: Detected;[FAIL] Double Top/Bottom: No pattern;[PASS] Range Filter: EMA diff=0.0199 [>0.005];[PASS] Combined Range Filter: diff=0.0199, ADX=33.30, mode=AND"
NEAR-USDT,LONG,B1,هایپریون (Hyperion),2.39510000,2.29929600,0.00000000,2026-09-06 14:12:12,OPEN,,,,,,10.00,,"[FAIL] Candle Strength 15m: BS15=0.553 [>= 0.6];[FAIL] Candle Strength 5m: BS5=0.804 [too high];[PASS] EMA Trend 1h: EMA21=2.25, EMA50=2.18;[PASS] EMA Trend 4h: EMA21=2.13, EMA50=2.02, EMA200=1.84;[FAIL] RSI 30m: RSI=72.84;[PASS] MACD 30m: MACD_hist=0.0167;[FAIL] Smart Pullback: price=2.3951 EMA=2.2819 RSI=72.8 BS=0.553;[PASS] ADX: ADX=33.30 [>22], DI+=34.17, DI-=5.61;[FAIL] CCI Momentum: CCI=152.97;[PASS] SAR: SAR=2.3593, price=2.3951;[FAIL] Stochastic: K=93.10 D=93.10;[FAIL] EMA Rejection: No rejection;[FAIL] Resistance Test: No test;[PASS] Pullback: Detected;[FAIL] Double Top/Bottom: No pattern;[PASS] Range Filter: EMA diff=0.0199 [>0.005];[PASS] Combined Range Filter: diff=0.0199, ADX=33.30, mode=OR"
TIA-USDT,LONG,S3,کرونوس (Cronus),0.39940000,0.38342400,0.00000000,2026-09-06 14:12:16,OPEN,,,,,,10.00,,"[FAIL] Candle Strength 15m: BS15=0.580 [>= 0.6];[FAIL] Candle Strength 5m: BS5=0.231 [>= 0.6];[PASS] EMA Trend 1h: EMA21=0.38, EMA50=0.37;[PASS] EMA Trend 4h: EMA21=0.37, EMA50=0.36, EMA200=0.34;[FAIL] RSI 30m: RSI=71.96;[FAIL] MACD 30m: MACD_hist=0.0010;[FAIL] Smart Pullback: price=0.3994 EMA=0.3857 RSI=72.0 BS=0.580;[PASS] ADX: ADX=37.45 [>22], DI+=39.98, DI-=11.47;[FAIL] CCI Momentum: CCI=296.14;[PASS] SAR: SAR=0.3862, price=0.3994;[FAIL] Stochastic: K=93.48 D=93.48;[PASS] EMA Rejection: Rejected;[FAIL] Resistance Test: No test;[PASS] Pullback: Detected;[FAIL] Double Top/Bottom: No pattern;[PASS] Range Filter: EMA diff=0.0180 [>0.005];[PASS] Combined Range Filter: diff=0.0180, ADX=37.45, mode=AND"
TIA-USDT,LONG,B1,هایپریون (Hyperion),0.39940000,0.38342400,0.00000000,2026-09-06 14:12:17,OPEN,,,,,,10.00,,"[FAIL] Candle Strength 15m: BS15=0.580 [>= 0.6];[FAIL] Candle Strength 5m: BS5=0.231 [>= 0.6];[PASS] EMA Trend 1h: EMA21=0.38, EMA50=0.37;[PASS] EMA Trend 4h: EMA21=0.37, EMA50=0.36, EMA200=0.34;[FAIL] RSI 30m: RSI=71.96;[FAIL] MACD 30m: MACD_hist=0.0010;[FAIL] Smart Pullback: price=0.3994 EMA=0.3857 RSI=72.0 BS=0.580;[PASS] ADX: ADX=37.45 [>22], DI+=39.98, DI-=11.47;[FAIL] CCI Momentum: CCI=296.14;[PASS] SAR: SAR=0.3862, price=0.3994;[FAIL] Stochastic: K=93.48 D=93.48;[PASS] EMA Rejection: Rejected;[FAIL] Resistance Test: No test;[PASS] Pullback: Detected;[FAIL] Double Top/Bottom: No pattern;[PASS] Range Filter: EMA diff=0.0180 [>0.005];[PASS] Combined Range Filter: diff=0.0180, ADX=37.45, mode=OR"
POL-USDT,LONG,S3,کرونوس (Cronus),0.09660000,0.09273600,0.00000000,2026-09-06 14:12:18,OPEN,,,,,,10.00,,"[PASS] Candle Strength 15m: BS15=0.667 [>= 0.6];[FAIL] Candle Strength 5m: BS5=0.000 [>= 0.6];[PASS] EMA Trend 1h: EMA21=0.10, EMA50=0.10;[FAIL] EMA Trend 4h: EMA21=0.10, EMA50=0.10, EMA200=0.09;[FAIL] RSI 30m: RSI=40.96;[FAIL] MACD 30m: MACD_hist=-0.0004;[FAIL] Smart Pullback: price=0.0966 EMA=0.0978 RSI=41.0 BS=0.667;[FAIL] ADX: ADX=27.97 [>22], DI+=14.44, DI-=31.64;[FAIL] CCI Momentum: CCI=-194.12;[PASS] SAR: SAR=0.0963, price=0.0966;[FAIL] Stochastic: K=33.33 D=33.33;[PASS] EMA Rejection: Rejected;[FAIL] Resistance Test: No test;[PASS] Pullback: Detected;[FAIL] Double Top/Bottom: No pattern;[PASS] Range Filter: EMA diff=0.0082 [>0.005];[PASS] Combined Range Filter: diff=0.0082, ADX=27.97, mode=AND"
POL-USDT,LONG,B1,هایپریون (Hyperion),0.09660000,0.09273600,0.00000000,2026-09-06 14:12:20,OPEN,,,,,,10.00,,"[PASS] Candle Strength 15m: BS15=0.667 [>= 0.6];[FAIL] Candle Strength 5m: BS5=0.000 [>= 0.6];[PASS] EMA Trend 1h: EMA21=0.10, EMA50=0.10;[FAIL] EMA Trend 4h: EMA21=0.10, EMA50=0.10, EMA200=0.09;[FAIL] RSI 30m: RSI=40.96;[FAIL] MACD 30m: MACD_hist=-0.0004;[FAIL] Smart Pullback: price=0.0966 EMA=0.0978 RSI=41.0 BS=0.667;[FAIL] ADX: ADX=27.97 [>22], DI+=14.44, DI-=31.64;[FAIL] CCI Momentum: CCI=-194.12;[PASS] SAR: SAR=0.0963, price=0.0966;[FAIL] Stochastic: K=33.33 D=33.33;[PASS] EMA Rejection: Rejected;[FAIL] Resistance Test: No test;[PASS] Pullback: Detected;[FAIL] Double Top/Bottom: No pattern;[PASS] Range Filter: EMA diff=0.0082 [>0.005];[PASS] Combined Range Filter: diff=0.0082, ADX=27.97, mode=OR"
SOL-USDT,LONG,S1,پرومتئوس (Prometheus),106.54000000,102.27840000,0.00000000,2026-09-06 14:46:46,OPEN,,,,,,10.00,,"[FAIL] Candle Strength 15m: BS15=0.000 [>= 0.6];[FAIL] Candle Strength 5m: BS5=0.000 [>= 0.6];[PASS] EMA Trend 1h: EMA21=104.84, EMA50=103.77;[PASS] EMA Trend 4h: EMA21=103.35, EMA50=102.18, EMA200=90.61;[PASS] RSI 30m: RSI=64.87;[PASS] MACD 30m: MACD_hist=0.0468;[FAIL] Smart Pullback: price=106.5400 EMA=105.5418 RSI=64.9 BS=0.000;[PASS] ADX: ADX=41.51 [>22], DI+=35.54, DI-=11.66;[PASS] CCI Momentum: CCI=85.99;[PASS] SAR: SAR=106.3598, price=106.5400;[FAIL] Stochastic: K=71.15 D=71.15;[FAIL] EMA Rejection: No rejection;[FAIL] Resistance Test: No test;[PASS] Pullback: Detected;[FAIL] Double Top/Bottom: No pattern;[PASS] Range Filter: EMA diff=0.0095 [>0.005];[PASS] Combined Range Filter: diff=0.0095, ADX=41.51, mode=AND"
XRP-USDT,LONG,B1,هایپریون (Hyperion),1.42117000,1.36432320,0.00000000,2026-09-06 14:46:49,OPEN,,,,,,10.00,,"[FAIL] Candle Strength 15m: BS15=1.000 [too high - likely end of move];[FAIL] Candle Strength 5m: BS5=1.000 [too high];[PASS] EMA Trend 1h: EMA21=1.42, EMA50=1.41;[PASS] EMA Trend 4h: EMA21=1.41, EMA50=1.40, EMA200=1.26;[PASS] RSI 30m: RSI=55.14;[FAIL] MACD 30m: MACD_hist=0.0000;[FAIL] Smart Pullback: price=1.4212 EMA=1.4187 RSI=55.1 BS=1.000;[FAIL] ADX: ADX=16.87 [>22], DI+=24.52, DI-=16.44;[PASS] CCI Momentum: CCI=45.06;[PASS] SAR: SAR=1.4177, price=1.4212;[FAIL] Stochastic: K=61.56 D=61.56;[FAIL] EMA Rejection: No rejection;[PASS] Resistance Test: Tested;[PASS] Pullback: Detected;[PASS] Double Top/Bottom: Pattern=double_bottom;[FAIL] Range Filter: EMA diff=0.0017 [>0.005];[FAIL] Combined Range Filter: diff=0.0017, ADX=16.87, mode=OR"
DOGE-USDT,LONG,B1,هایپریون (Hyperion),0.09011000,0.08650560,0.00000000,2026-09-06 14:46:50,OPEN,,,,,,10.00,,"[PASS] Candle Strength 15m: BS15=0.700 [>= 0.6];[PASS] Candle Strength 5m: BS5=0.700 [>= 0.6];[PASS] EMA Trend 1h: EMA21=0.09, EMA50=0.09;[PASS] EMA Trend 4h: EMA21=0.09, EMA50=0.09, EMA200=0.08;[FAIL] RSI 30m: RSI=47.33;[FAIL] MACD 30m: MACD_hist=-0.0002;[PASS] Smart Pullback: price=0.0901 EMA=0.0905 RSI=47.3 BS=0.700;[FAIL] ADX: ADX=31.83 [>22], DI+=19.12, DI-=29.75;[FAIL] CCI Momentum: CCI=-128.76;[PASS] SAR: SAR=0.0896, price=0.0901;[FAIL] Stochastic: K=49.33 D=49.33;[PASS] EMA Rejection: Rejected;[FAIL] Resistance Test: No test;[PASS] Pullback: Detected;[PASS] Double Top/Bottom: Pattern=double_top;[PASS] Range Filter: EMA diff=0.0092 [>0.005];[PASS] Combined Range Filter: diff=0.0092, ADX=31.83, mode=OR"
SUI-USDT,LONG,S3,کرونوس (Cronus),0.79970000,0.76771200,0.00000000,2026-09-06 14:46:52,OPEN,,,,,,10.00,,"[FAIL] Candle Strength 15m: BS15=0.250 [>= 0.6];[FAIL] Candle Strength 5m: BS5=0.250 [>= 0.6];[PASS] EMA Trend 1h: EMA21=0.80, EMA50=0.79;[PASS] EMA Trend 4h: EMA21=0.78, EMA50=0.76, EMA200=0.73;[PASS] RSI 30m: RSI=53.36;[FAIL] MACD 30m: MACD_hist=0.0003;[FAIL] Smart Pullback: price=0.7997 EMA=0.7975 RSI=53.4 BS=0.250;[PASS] ADX: ADX=23.31 [>22], DI+=23.20, DI-=16.52;[PASS] CCI Momentum: CCI=61.00;[PASS] SAR: SAR=0.7965, price=0.7997;[FAIL] Stochastic: K=75.25 D=75.25;[FAIL] EMA Rejection: No rejection;[PASS] Resistance Test: Tested;[PASS] Pullback: Detected;[FAIL] Double Top/Bottom: No pattern;[FAIL] Range Filter: EMA diff=0.0043 [>0.005];[PASS] Combined Range Filter: diff=0.0043, ADX=23.31, mode=AND"
NEAR-USDT,LONG,S3,کرونوس (Cronus),2.38380000,2.28844800,0.00000000,2026-09-06 14:46:54,OPEN,,,,,,10.00,,"[PASS] Candle Strength 15m: BS15=0.753 [>= 0.6];[PASS] Candle Strength 5m: BS5=0.753 [>= 0.6];[PASS] EMA Trend 1h: EMA21=2.27, EMA50=2.19;[PASS] EMA Trend 4h: EMA21=2.13, EMA50=2.02, EMA200=1.84;[FAIL] RSI 30m: RSI=69.12;[PASS] MACD 30m: MACD_hist=0.0154;[FAIL] Smart Pullback: price=2.3838 EMA=2.2917 RSI=69.1 BS=0.753;[PASS] ADX: ADX=36.08 [>22], DI+=32.62, DI-=5.30;[FAIL] CCI Momentum: CCI=128.68;[PASS] SAR: SAR=2.3662, price=2.3838;[FAIL] Stochastic: K=87.55 D=87.55;[FAIL] EMA Rejection: No rejection;[FAIL] Resistance Test: No test;[PASS] Pullback: Detected;[FAIL] Double Top/Bottom: No pattern;[PASS] Range Filter: EMA diff=0.0215 [>0.005];[PASS] Combined Range Filter: diff=0.0215, ADX=36.08, mode=AND"
NEAR-USDT,LONG,B1,هایپریون (Hyperion),2.38380000,2.28844800,0.00000000,2026-09-06 14:46:55,OPEN,,,,,,10.00,,"[PASS] Candle Strength 15m: BS15=0.753 [>= 0.6];[PASS] Candle Strength 5m: BS5=0.753 [>= 0.6];[PASS] EMA Trend 1h: EMA21=2.27, EMA50=2.19;[PASS] EMA Trend 4h: EMA21=2.13, EMA50=2.02, EMA200=1.84;[FAIL] RSI 30m: RSI=69.12;[PASS] MACD 30m: MACD_hist=0.0154;[FAIL] Smart Pullback: price=2.3838 EMA=2.2917 RSI=69.1 BS=0.753;[PASS] ADX: ADX=36.08 [>22], DI+=32.62, DI-=5.30;[FAIL] CCI Momentum: CCI=128.68;[PASS] SAR: SAR=2.3662, price=2.3838;[FAIL] Stochastic: K=87.55 D=87.55;[FAIL] EMA Rejection: No rejection;[FAIL] Resistance Test: No test;[PASS] Pullback: Detected;[FAIL] Double Top/Bottom: No pattern;[PASS] Range Filter: EMA diff=0.0215 [>0.005];[PASS] Combined Range Filter: diff=0.0215, ADX=36.08, mode=OR"
DOT-USDT,LONG,S3,کرونوس (Cronus),0.97660000,0.93753600,0.00000000,2026-09-06 14:46:57,OPEN,,,,,,10.00,,"[FAIL] Candle Strength 15m: BS15=0.455 [>= 0.6];[FAIL] Candle Strength 5m: BS5=0.455 [>= 0.6];[PASS] EMA Trend 1h: EMA21=0.93, EMA50=0.91;[PASS] EMA Trend 4h: EMA21=0.90, EMA50=0.88, EMA200=0.84;[FAIL] RSI 30m: RSI=77.25;[PASS] MACD 30m: MACD_hist=0.0034;[FAIL] Smart Pullback: price=0.9766 EMA=0.9414 RSI=77.2 BS=0.455;[PASS] ADX: ADX=50.83 [>22], DI+=42.81, DI-=6.19;[FAIL] CCI Momentum: CCI=252.60;[PASS] SAR: SAR=0.9515, price=0.9766;[FAIL] Stochastic: K=90.05 D=90.05;[FAIL] EMA Rejection: No rejection;[FAIL] Resistance Test: No test;[PASS] Pullback: Detected;[PASS] Double Top/Bottom: Pattern=double_top;[PASS] Range Filter: EMA diff=0.0154 [>0.005];[PASS] Combined Range Filter: diff=0.0154, ADX=50.83, mode=AND"
DOT-USDT,LONG,B1,هایپریون (Hyperion),0.97660000,0.93753600,0.00000000,2026-09-06 14:46:58,OPEN,,,,,,10.00,,"[FAIL] Candle Strength 15m: BS15=0.455 [>= 0.6];[FAIL] Candle Strength 5m: BS5=0.455 [>= 0.6];[PASS] EMA Trend 1h: EMA21=0.93, EMA50=0.91;[PASS] EMA Trend 4h: EMA21=0.90, EMA50=0.88, EMA200=0.84;[FAIL] RSI 30m: RSI=77.25;[PASS] MACD 30m: MACD_hist=0.0034;[FAIL] Smart Pullback: price=0.9766 EMA=0.9414 RSI=77.2 BS=0.455;[PASS] ADX: ADX=50.83 [>22], DI+=42.81, DI-=6.19;[FAIL] CCI Momentum: CCI=252.60;[PASS] SAR: SAR=0.9515, price=0.9766;[FAIL] Stochastic: K=90.05 D=90.05;[FAIL] EMA Rejection: No rejection;[FAIL] Resistance Test: No test;[PASS] Pullback: Detected;[PASS] Double Top/Bottom: Pattern=double_top;[PASS] Range Filter: EMA diff=0.0154 [>0.005];[PASS] Combined Range Filter: diff=0.0154, ADX=50.83, mode=OR"
ADA-USDT,LONG,S3,کرونوس (Cronus),0.21970000,0.21091200,0.00000000,2026-09-06 14:47:00,OPEN,,,,,,10.00,,"[FAIL] Candle Strength 15m: BS15=1.000 [too high - likely end of move];[FAIL] Candle Strength 5m: BS5=1.000 [too high];[PASS] EMA Trend 1h: EMA21=0.22, EMA50=0.22;[PASS] EMA Trend 4h: EMA21=0.21, EMA50=0.21, EMA200=0.20;[PASS] RSI 30m: RSI=51.02;[FAIL] MACD 30m: MACD_hist=-0.0002;[FAIL] Smart Pullback: price=0.2197 EMA=0.2196 RSI=51.0 BS=1.000;[FAIL] ADX: ADX=21.36 [>22], DI+=23.12, DI-=18.54;[FAIL] CCI Momentum: CCI=-31.60;[PASS] SAR: SAR=0.2186, price=0.2197;[FAIL] Stochastic: K=41.07 D=41.07;[PASS] EMA Rejection: Rejected;[PASS] Resistance Test: Tested;[PASS] Pullback: Detected;[FAIL] Double Top/Bottom: No pattern;[FAIL] Range Filter: EMA diff=0.0042 [>0.005];[PASS] Combined Range Filter: diff=0.0042, ADX=21.36, mode=AND"
ADA-USDT,LONG,B1,هایپریون (Hyperion),0.21970000,0.21091200,0.00000000,2026-09-06 14:47:01,OPEN,,,,,,10.00,,"[FAIL] Candle Strength 15m: BS15=1.000 [too high - likely end of move];[FAIL] Candle Strength 5m: BS5=1.000 [too high];[PASS] EMA Trend 1h: EMA21=0.22, EMA50=0.22;[PASS] EMA Trend 4h: EMA21=0.21, EMA50=0.21, EMA200=0.20;[PASS] RSI 30m: RSI=51.02;[FAIL] MACD 30m: MACD_hist=-0.0002;[FAIL] Smart Pullback: price=0.2197 EMA=0.2196 RSI=51.0 BS=1.000;[FAIL] ADX: ADX=21.36 [>22], DI+=23.12, DI-=18.54;[FAIL] CCI Momentum: CCI=-31.60;[PASS] SAR: SAR=0.2186, price=0.2197;[FAIL] Stochastic: K=41.07 D=41.07;[PASS] EMA Rejection: Rejected;[PASS] Resistance Test: Tested;[PASS] Pullback: Detected;[FAIL] Double Top/Bottom: No pattern;[FAIL] Range Filter: EMA diff=0.0042 [>0.005];[FAIL] Combined Range Filter: diff=0.0042, ADX=21.36, mode=OR"
AVAX-USDT,LONG,S1,پرومتئوس (Prometheus),7.68600000,7.37856000,0.00000000,2026-09-06 14:47:03,OPEN,,,,,,10.00,,"[FAIL] Candle Strength 15m: BS15=0.250 [>= 0.6];[FAIL] Candle Strength 5m: BS5=0.250 [>= 0.6];[PASS] EMA Trend 1h: EMA21=7.63, EMA50=7.55;[PASS] EMA Trend 4h: EMA21=7.50, EMA50=7.40, EMA200=7.01;[PASS] RSI 30m: RSI=59.16;[FAIL] MACD 30m: MACD_hist=-0.0017;[FAIL] Smart Pullback: price=7.6860 EMA=7.6547 RSI=59.2 BS=0.250;[PASS] ADX: ADX=27.18 [>22], DI+=26.62, DI-=16.50;[PASS] CCI Momentum: CCI=70.00;[PASS] SAR: SAR=7.6538, price=7.6860;[FAIL] Stochastic: K=78.00 D=78.00;[FAIL] EMA Rejection: No rejection;[FAIL] Resistance Test: No test;[PASS] Pullback: Detected;[PASS] Double Top/Bottom: Pattern=double_top;[PASS] Range Filter: EMA diff=0.0059 [>0.005];[PASS] Combined Range Filter: diff=0.0059, ADX=27.18, mode=AND"
AVAX-USDT,LONG,S3,کرونوس (Cronus),7.68600000,7.37856000,0.00000000,2026-09-06 14:47:05,OPEN,,,,,,10.00,,"[FAIL] Candle Strength 15m: BS15=0.250 [>= 0.6];[FAIL] Candle Strength 5m: BS5=0.250 [>= 0.6];[PASS] EMA Trend 1h: EMA21=7.63, EMA50=7.55;[PASS] EMA Trend 4h: EMA21=7.50, EMA50=7.40, EMA200=7.01;[PASS] RSI 30m: RSI=59.16;[FAIL] MACD 30m: MACD_hist=-0.0017;[FAIL] Smart Pullback: price=7.6860 EMA=7.6547 RSI=59.2 BS=0.250;[PASS] ADX: ADX=27.18 [>22], DI+=26.62, DI-=16.50;[PASS] CCI Momentum: CCI=70.00;[PASS] SAR: SAR=7.6538, price=7.6860;[FAIL] Stochastic: K=78.00 D=78.00;[FAIL] EMA Rejection: No rejection;[FAIL] Resistance Test: No test;[PASS] Pullback: Detected;[PASS] Double Top/Bottom: Pattern=double_top;[PASS] Range Filter: EMA diff=0.0059 [>0.005];[PASS] Combined Range Filter: diff=0.0059, ADX=27.18, mode=AND"
AVAX-USDT,LONG,B1,هایپریون (Hyperion),7.68600000,7.37856000,0.00000000,2026-09-06 14:47:06,OPEN,,,,,,10.00,,"[FAIL] Candle Strength 15m: BS15=0.250 [>= 0.6];[FAIL] Candle Strength 5m: BS5=0.250 [>= 0.6];[PASS] EMA Trend 1h: EMA21=7.63, EMA50=7.55;[PASS] EMA Trend 4h: EMA21=7.50, EMA50=7.40, EMA200=7.01;[PASS] RSI 30m: RSI=59.16;[FAIL] MACD 30m: MACD_hist=-0.0017;[FAIL] Smart Pullback: price=7.6860 EMA=7.6547 RSI=59.2 BS=0.250;[PASS] ADX: ADX=27.18 [>22], DI+=26.62, DI-=16.50;[PASS] CCI Momentum: CCI=70.00;[PASS] SAR: SAR=7.6538, price=7.6860;[FAIL] Stochastic: K=78.00 D=78.00;[FAIL] EMA Rejection: No rejection;[FAIL] Resistance Test: No test;[PASS] Pullback: Detected;[PASS] Double Top/Bottom: Pattern=double_top;[PASS] Range Filter: EMA diff=0.0059 [>0.005];[PASS] Combined Range Filter: diff=0.0059, ADX=27.18, mode=OR"
SEI-USDT,LONG,S3,کرونوس (Cronus),0.04888000,0.04692480,0.00000000,2026-09-06 14:47:09,OPEN,,,,,,10.00,,"[PASS] Candle Strength 15m: BS15=0.667 [>= 0.6];[PASS] Candle Strength 5m: BS5=0.667 [>= 0.6];[PASS] EMA Trend 1h: EMA21=0.05, EMA50=0.05;[PASS] EMA Trend 4h: EMA21=0.05, EMA50=0.05, EMA200=0.04;[PASS] RSI 30m: RSI=63.34;[FAIL] MACD 30m: MACD_hist=0.0000;[FAIL] Smart Pullback: price=0.0489 EMA=0.0484 RSI=63.3 BS=0.667;[FAIL] ADX: ADX=20.89 [>22], DI+=30.06, DI-=12.69;[FAIL] CCI Momentum: CCI=153.71;[PASS] SAR: SAR=0.0485, price=0.0489;[FAIL] Stochastic: K=78.68 D=78.68;[FAIL] EMA Rejection: No rejection;[PASS] Resistance Test: Tested;[PASS] Pullback: Detected;[FAIL] Double Top/Bottom: No pattern;[FAIL] Range Filter: EMA diff=0.0047 [>0.005];[PASS] Combined Range Filter: diff=0.0047, ADX=20.89, mode=AND"
SEI-USDT,LONG,B1,هایپریون (Hyperion),0.04888000,0.04692480,0.00000000,2026-09-06 14:47:11,OPEN,,,,,,10.00,,"[PASS] Candle Strength 15m: BS15=0.667 [>= 0.6];[PASS] Candle Strength 5m: BS5=0.667 [>= 0.6];[PASS] EMA Trend 1h: EMA21=0.05, EMA50=0.05;[PASS] EMA Trend 4h: EMA21=0.05, EMA50=0.05, EMA200=0.04;[PASS] RSI 30m: RSI=63.34;[FAIL] MACD 30m: MACD_hist=0.0000;[FAIL] Smart Pullback: price=0.0489 EMA=0.0484 RSI=63.3 BS=0.667;[FAIL] ADX: ADX=20.89 [>22], DI+=30.06, DI-=12.69;[FAIL] CCI Momentum: CCI=153.71;[PASS] SAR: SAR=0.0485, price=0.0489;[FAIL] Stochastic: K=78.68 D=78.68;[FAIL] EMA Rejection: No rejection;[PASS] Resistance Test: Tested;[PASS] Pullback: Detected;[FAIL] Double Top/Bottom: No pattern;[FAIL] Range Filter: EMA diff=0.0047 [>0.005];[FAIL] Combined Range Filter: diff=0.0047, ADX=20.89, mode=OR"
TIA-USDT,LONG,S3,کرونوس (Cronus),0.40390000,0.38774400,0.00000000,2026-09-06 14:47:12,OPEN,,,,,,10.00,,"[PASS] Candle Strength 15m: BS15=0.700 [>= 0.6];[PASS] Candle Strength 5m: BS5=0.700 [>= 0.6];[PASS] EMA Trend 1h: EMA21=0.38, EMA50=0.37;[PASS] EMA Trend 4h: EMA21=0.37, EMA50=0.36, EMA200=0.34;[FAIL] RSI 30m: RSI=75.12;[FAIL] MACD 30m: MACD_hist=0.0015;[FAIL] Smart Pullback: price=0.4039 EMA=0.3874 RSI=75.1 BS=0.700;[PASS] ADX: ADX=39.11 [>22], DI+=40.50, DI-=10.07;[FAIL] CCI Momentum: CCI=257.22;[PASS] SAR: SAR=0.3961, price=0.4039;[FAIL] Stochastic: K=97.67 D=97.67;[PASS] EMA Rejection: Rejected;[FAIL] Resistance Test: No test;[PASS] Pullback: Detected;[FAIL] Double Top/Bottom: No pattern;[PASS] Range Filter: EMA diff=0.0195 [>0.005];[PASS] Combined Range Filter: diff=0.0195, ADX=39.11, mode=AND"
TIA-USDT,LONG,B1,هایپریون (Hyperion),0.40390000,0.38774400,0.00000000,2026-09-06 14:47:13,OPEN,,,,,,10.00,,"[PASS] Candle Strength 15m: BS15=0.700 [>= 0.6];[PASS] Candle Strength 5m: BS5=0.700 [>= 0.6];[PASS] EMA Trend 1h: EMA21=0.38, EMA50=0.37;[PASS] EMA Trend 4h: EMA21=0.37, EMA50=0.36, EMA200=0.34;[FAIL] RSI 30m: RSI=75.12;[FAIL] MACD 30m: MACD_hist=0.0015;[FAIL] Smart Pullback: price=0.4039 EMA=0.3874 RSI=75.1 BS=0.700;[PASS] ADX: ADX=39.11 [>22], DI+=40.50, DI-=10.07;[FAIL] CCI Momentum: CCI=257.22;[PASS] SAR: SAR=0.3961, price=0.4039;[FAIL] Stochastic: K=97.67 D=97.67;[PASS] EMA Rejection: Rejected;[FAIL] Resistance Test: No test;[PASS] Pullback: Detected;[FAIL] Double Top/Bottom: No pattern;[PASS] Range Filter: EMA diff=0.0195 [>0.005];[PASS] Combined Range Filter: diff=0.0195, ADX=39.11, mode=OR"
POL-USDT,LONG,S3,کرونوس (Cronus),0.09720000,0.09331200,0.00000000,2026-09-06 14:47:15,OPEN,,,,,,10.00,,"[FAIL] Candle Strength 15m: BS15=1.000 [too high - likely end of move];[FAIL] Candle Strength 5m: BS5=1.000 [too high];[PASS] EMA Trend 1h: EMA21=0.10, EMA50=0.10;[FAIL] EMA Trend 4h: EMA21=0.10, EMA50=0.10, EMA200=0.09;[FAIL] RSI 30m: RSI=46.17;[FAIL] MACD 30m: MACD_hist=-0.0003;[FAIL] Smart Pullback: price=0.0972 EMA=0.0978 RSI=46.2 BS=1.000;[FAIL] ADX: ADX=27.02 [>22], DI+=18.29, DI-=29.70;[FAIL] CCI Momentum: CCI=-106.80;[PASS] SAR: SAR=0.0963, price=0.0972;[FAIL] Stochastic: K=45.28 D=45.28;[PASS] EMA Rejection: Rejected;[PASS] Resistance Test: Tested;[PASS] Pullback: Detected;[FAIL] Double Top/Bottom: No pattern;[PASS] Range Filter: EMA diff=0.0077 [>0.005];[PASS] Combined Range Filter: diff=0.0077, ADX=27.02, mode=AND"
POL-USDT,LONG,B1,هایپریون (Hyperion),0.09720000,0.09331200,0.00000000,2026-09-06 14:47:16,OPEN,,,,,,10.00,,"[FAIL] Candle Strength 15m: BS15=1.000 [too high - likely end of move];[FAIL] Candle Strength 5m: BS5=1.000 [too high];[PASS] EMA Trend 1h: EMA21=0.10, EMA50=0.10;[FAIL] EMA Trend 4h: EMA21=0.10, EMA50=0.10, EMA200=0.09;[FAIL] RSI 30m: RSI=46.17;[FAIL] MACD 30m: MACD_hist=-0.0003;[FAIL] Smart Pullback: price=0.0972 EMA=0.0978 RSI=46.2 BS=1.000;[FAIL] ADX: ADX=27.02 [>22], DI+=18.29, DI-=29.70;[FAIL] CCI Momentum: CCI=-106.80;[PASS] SAR: SAR=0.0963, price=0.0972;[FAIL] Stochastic: K=45.28 D=45.28;[PASS] EMA Rejection: Rejected;[PASS] Resistance Test: Tested;[PASS] Pullback: Detected;[FAIL] Double Top/Bottom: No pattern;[PASS] Range Filter: EMA diff=0.0077 [>0.005];[PASS] Combined Range Filter: diff=0.0077, ADX=27.02, mode=OR"
PEPE-USDT,LONG,S3,کرونوس (Cronus),0.00000364,0.00000349,0.00000000,2026-09-06 14:47:18,OPEN,,,,,,10.00,,"[FAIL] Candle Strength 15m: BS15=0.002 [>= 0.6];[FAIL] Candle Strength 5m: BS5=0.002 [>= 0.6];[PASS] EMA Trend 1h: EMA21=0.00, EMA50=0.00;[FAIL] EMA Trend 4h: EMA21=0.00, EMA50=0.00, EMA200=0.00;[PASS] RSI 30m: RSI=53.18;[FAIL] MACD 30m: MACD_hist=-0.0000;[FAIL] Smart Pullback: price=0.0000 EMA=0.0000 RSI=53.2 BS=0.200;[FAIL] ADX: ADX=20.83 [>22], DI+=21.74, DI-=15.84;[FAIL] CCI Momentum: CCI=-22.46;[PASS] SAR: SAR=0.0000, price=0.0000;[FAIL] Stochastic: K=48.44 D=48.44;[PASS] EMA Rejection: Rejected;[PASS] Resistance Test: Tested;[PASS] Pullback: Detected;[FAIL] Double Top/Bottom: No pattern;[FAIL] Range Filter: EMA diff=0.0049 [>0.005];[PASS] Combined Range Filter: diff=0.0049, ADX=20.83, mode=AND"
XAUT-USDT,SHORT,S3,کرونوس (Cronus),4422.88000000,4599.79520000,0.00000000,2026-09-06 15:11:44,OPEN,,,,,,10.00,,"[FAIL] Candle Strength 15m: BS15=0.859 [too high - likely end of move];[FAIL] Candle Strength 5m: BS5=0.859 [too high];[PASS] EMA Trend 1h: EMA21=4424.59, EMA50=4426.68;[FAIL] EMA Trend 4h: EMA21=4427.11, EMA50=4440.92, EMA200=4365.28;[PASS] RSI 30m: RSI=46.02;[FAIL] MACD 30m: MACD_hist=0.2333;[FAIL] Smart Pullback: price=4422.8800 EMA=4423.7082 RSI=46.0 BS=0.859;[FAIL] ADX: ADX=16.40 [>22], DI+=35.86, DI-=30.10;[PASS] CCI Momentum: CCI=-3.74;[PASS] SAR: SAR=4423.5118, price=4422.8800;[FAIL] Stochastic: K=62.95 D=62.95;[PASS] EMA Rejection: Rejected;[PASS] Resistance Test: Tested;[PASS] Pullback: Detected;[PASS] Double Top/Bottom: Pattern=double_top;[FAIL] Range Filter: EMA diff=0.0004 [>0.005];[FAIL] Combined Range Filter: diff=0.0004, ADX=16.40, mode=AND"
LTC-USDT,LONG,B1,هایپریون (Hyperion),54.47000000,52.29120000,0.00000000,2026-09-06 15:11:45,OPEN,,,,,,10.00,,"[PASS] Candle Strength 15m: BS15=0.774 [>= 0.6];[FAIL] Candle Strength 5m: BS5=0.500 [>= 0.6];[PASS] EMA Trend 1h: EMA21=54.12, EMA50=53.21;[PASS] EMA Trend 4h: EMA21=52.48, EMA50=51.14, EMA200=48.37;[PASS] RSI 30m: RSI=55.69;[FAIL] MACD 30m: MACD_hist=-0.0023;[FAIL] Smart Pullback: price=54.4700 EMA=54.2756 RSI=55.7 BS=0.774;[FAIL] ADX: ADX=14.95 [>22], DI+=26.27, DI-=19.65;[PASS] CCI Momentum: CCI=22.35;[PASS] SAR: SAR=54.2064, price=54.4700;[FAIL] Stochastic: K=79.85 D=79.85;[PASS] EMA Rejection: Rejected;[PASS] Resistance Test: Tested;[PASS] Pullback: Detected;[FAIL] Double Top/Bottom: No pattern;[PASS] Range Filter: EMA diff=0.0054 [>0.005];[FAIL] Combined Range Filter: diff=0.0054, ADX=14.95, mode=OR"
SUI-USDT,LONG,S3,کرونوس (Cronus),0.79930000,0.76732800,0.00000000,2026-09-06 15:11:48,OPEN,,,,,,10.00,,"[FAIL] Candle Strength 15m: BS15=0.205 [>= 0.6];[FAIL] Candle Strength 5m: BS5=0.000 [>= 0.6];[PASS] EMA Trend 1h: EMA21=0.80, EMA50=0.79;[PASS] EMA Trend 4h: EMA21=0.78, EMA50=0.76, EMA200=0.73;[PASS] RSI 30m: RSI=52.74;[FAIL] MACD 30m: MACD_hist=0.0003;[FAIL] Smart Pullback: price=0.7993 EMA=0.7977 RSI=52.7 BS=0.205;[PASS] ADX: ADX=22.85 [>22], DI+=22.07, DI-=15.72;[PASS] CCI Momentum: CCI=66.97;[PASS] SAR: SAR=0.7980, price=0.7993;[FAIL] Stochastic: K=73.27 D=73.27;[PASS] EMA Rejection: Rejected;[PASS] Resistance Test: Tested;[PASS] Pullback: Detected;[PASS] Double Top/Bottom: Pattern=double_top;[FAIL] Range Filter: EMA diff=0.0043 [>0.005];[PASS] Combined Range Filter: diff=0.0043, ADX=22.85, mode=AND"
NEAR-USDT,LONG,S3,کرونوس (Cronus),2.39280000,2.29708800,0.00000000,2026-09-06 15:11:50,OPEN,,,,,,10.00,,"[FAIL] Candle Strength 15m: BS15=0.179 [>= 0.6];[FAIL] Candle Strength 5m: BS5=0.549 [>= 0.6];[PASS] EMA Trend 1h: EMA21=2.27, EMA50=2.19;[PASS] EMA Trend 4h: EMA21=2.13, EMA50=2.02, EMA200=1.84;[FAIL] RSI 30m: RSI=71.20;[PASS] MACD 30m: MACD_hist=0.0142;[FAIL] Smart Pullback: price=2.3928 EMA=2.3018 RSI=71.2 BS=0.179;[PASS] ADX: ADX=38.64 [>22], DI+=31.74, DI-=5.16;[FAIL] CCI Momentum: CCI=112.60;[PASS] SAR: SAR=2.3790, price=2.3928;[FAIL] Stochastic: K=90.88 D=90.88;[FAIL] EMA Rejection: No rejection;[FAIL] Resistance Test: No test;[PASS] Pullback: Detected;[FAIL] Double Top/Bottom: No pattern;[PASS] Range Filter: EMA diff=0.0230 [>0.005];[PASS] Combined Range Filter: diff=0.0230, ADX=38.64, mode=AND"
NEAR-USDT,LONG,B1,هایپریون (Hyperion),2.39280000,2.29708800,0.00000000,2026-09-06 15:11:51,OPEN,,,,,,10.00,,"[FAIL] Candle Strength 15m: BS15=0.179 [>= 0.6];[FAIL] Candle Strength 5m: BS5=0.549 [>= 0.6];[PASS] EMA Trend 1h: EMA21=2.27, EMA50=2.19;[PASS] EMA Trend 4h: EMA21=2.13, EMA50=2.02, EMA200=1.84;[FAIL] RSI 30m: RSI=71.20;[PASS] MACD 30m: MACD_hist=0.0142;[FAIL] Smart Pullback: price=2.3928 EMA=2.3018 RSI=71.2 BS=0.179;[PASS] ADX: ADX=38.64 [>22], DI+=31.74, DI-=5.16;[FAIL] CCI Momentum: CCI=112.60;[PASS] SAR: SAR=2.3790, price=2.3928;[FAIL] Stochastic: K=90.88 D=90.88;[FAIL] EMA Rejection: No rejection;[FAIL] Resistance Test: No test;[PASS] Pullback: Detected;[FAIL] Double Top/Bottom: No pattern;[PASS] Range Filter: EMA diff=0.0230 [>0.005];[PASS] Combined Range Filter: diff=0.0230, ADX=38.64, mode=OR"
ADA-USDT,LONG,S3,کرونوس (Cronus),0.22130000,0.21244800,0.00000000,2026-09-06 15:11:52,OPEN,,,,,,10.00,,"[FAIL] Candle Strength 15m: BS15=0.444 [>= 0.6];[PASS] Candle Strength 5m: BS5=0.667 [>= 0.6];[PASS] EMA Trend 1h: EMA21=0.22, EMA50=0.22;[PASS] EMA Trend 4h: EMA21=0.21, EMA50=0.21, EMA200=0.20;[PASS] RSI 30m: RSI=57.97;[FAIL] MACD 30m: MACD_hist=0.0000;[FAIL] Smart Pullback: price=0.2213 EMA=0.2199 RSI=58.0 BS=0.444;[PASS] ADX: ADX=22.52 [>22], DI+=27.41, DI-=16.51;[PASS] CCI Momentum: CCI=54.90;[PASS] SAR: SAR=0.2193, price=0.2213;[FAIL] Stochastic: K=69.64 D=69.64;[PASS] EMA Rejection: Rejected;[PASS] Resistance Test: Tested;[PASS] Pullback: Detected;[PASS] Double Top/Bottom: Pattern=double_top;[FAIL] Range Filter: EMA diff=0.0046 [>0.005];[PASS] Combined Range Filter: diff=0.0046, ADX=22.52, mode=AND"
ADA-USDT,LONG,B1,هایپریون (Hyperion),0.22130000,0.21244800,0.00000000,2026-09-06 15:11:54,OPEN,,,,,,10.00,,"[FAIL] Candle Strength 15m: BS15=0.444 [>= 0.6];[PASS] Candle Strength 5m: BS5=0.667 [>= 0.6];[PASS] EMA Trend 1h: EMA21=0.22, EMA50=0.22;[PASS] EMA Trend 4h: EMA21=0.21, EMA50=0.21, EMA200=0.20;[PASS] RSI 30m: RSI=57.97;[FAIL] MACD 30m: MACD_hist=0.0000;[FAIL] Smart Pullback: price=0.2213 EMA=0.2199 RSI=58.0 BS=0.444;[PASS] ADX: ADX=22.52 [>22], DI+=27.41, DI-=16.51;[PASS] CCI Momentum: CCI=54.90;[PASS] SAR: SAR=0.2193, price=0.2213;[FAIL] Stochastic: K=69.64 D=69.64;[PASS] EMA Rejection: Rejected;[PASS] Resistance Test: Tested;[PASS] Pullback: Detected;[PASS] Double Top/Bottom: Pattern=double_top;[FAIL] Range Filter: EMA diff=0.0046 [>0.005];[PASS] Combined Range Filter: diff=0.0046, ADX=22.52, mode=OR"
ATOM-USDT,LONG,S1,پرومتئوس (Prometheus),1.60320000,1.53907200,0.00000000,2026-09-06 15:11:56,OPEN,,,,,,10.00,,"[FAIL] Candle Strength 15m: BS15=1.000 [too high - likely end of move];[FAIL] Candle Strength 5m: BS5=1.000 [too high];[PASS] EMA Trend 1h: EMA21=1.57, EMA50=1.55;[PASS] EMA Trend 4h: EMA21=1.54, EMA50=1.52, EMA200=1.46;[PASS] RSI 30m: RSI=64.42;[FAIL] MACD 30m: MACD_hist=0.0009;[FAIL] Smart Pullback: price=1.6032 EMA=1.5861 RSI=64.4 BS=1.000;[PASS] ADX: ADX=30.51 [>22], DI+=28.34, DI-=14.10;[FAIL] CCI Momentum: CCI=114.97;[PASS] SAR: SAR=1.5983, price=1.6032;[FAIL] Stochastic: K=87.13 D=87.13;[FAIL] EMA Rejection: No rejection;[FAIL] Resistance Test: No test;[PASS] Pullback: Detected;[PASS] Double Top/Bottom: Pattern=double_bottom;[PASS] Range Filter: EMA diff=0.0105 [>0.005];[PASS] Combined Range Filter: diff=0.0105, ADX=30.51, mode=AND"
FIL-USDT,LONG,S3,کرونوس (Cronus),0.79800000,0.76608000,0.00000000,2026-09-06 15:11:58,OPEN,,,,,,10.00,,"[FAIL] Candle Strength 15m: BS15=0.333 [>= 0.6];[FAIL] Candle Strength 5m: BS5=0.000 [>= 0.6];[PASS] EMA Trend 1h: EMA21=0.80, EMA50=0.79;[PASS] EMA Trend 4h: EMA21=0.78, EMA50=0.76, EMA200=0.72;[FAIL] RSI 30m: RSI=48.21;[FAIL] MACD 30m: MACD_hist=-0.0018;[FAIL] Smart Pullback: price=0.7980 EMA=0.8006 RSI=48.2 BS=0.333;[FAIL] ADX: ADX=19.37 [>22], DI+=20.06, DI-=21.43;[FAIL] CCI Momentum: CCI=-66.99;[PASS] SAR: SAR=0.7974, price=0.7980;[FAIL] Stochastic: K=22.86 D=22.86;[FAIL] EMA Rejection: No rejection;[FAIL] Resistance Test: No test;[PASS] Pullback: Detected;[PASS] Double Top/Bottom: Pattern=double_top;[PASS] Range Filter: EMA diff=0.0080 [>0.005];[PASS] Combined Range Filter: diff=0.0080, ADX=19.37, mode=AND"
SEI-USDT,LONG,S3,کرونوس (Cronus),0.04908000,0.04711680,0.00000000,2026-09-06 15:12:17,OPEN,,,,,,10.00,,"[FAIL] Candle Strength 15m: BS15=0.571 [>= 0.6];[FAIL] Candle Strength 5m: BS5=0.455 [>= 0.6];[PASS] EMA Trend 1h: EMA21=0.05, EMA50=0.05;[PASS] EMA Trend 4h: EMA21=0.05, EMA50=0.05, EMA200=0.04;[FAIL] RSI 30m: RSI=66.41;[FAIL] MACD 30m: MACD_hist=0.0001;[FAIL] Smart Pullback: price=0.0491 EMA=0.0485 RSI=66.4 BS=0.571;[PASS] ADX: ADX=22.30 [>22], DI+=29.15, DI-=12.31;[FAIL] CCI Momentum: CCI=179.21;[PASS] SAR: SAR=0.0487, price=0.0491;[FAIL] Stochastic: K=93.38 D=93.38;[FAIL] EMA Rejection: No rejection;[PASS] Resistance Test: Tested;[PASS] Pullback: Detected;[FAIL] Double Top/Bottom: No pattern;[PASS] Range Filter: EMA diff=0.0053 [>0.005];[PASS] Combined Range Filter: diff=0.0053, ADX=22.30, mode=AND"
SEI-USDT,LONG,B1,هایپریون (Hyperion),0.04908000,0.04711680,0.00000000,2026-09-06 15:12:24,OPEN,,,,,,10.00,,"[FAIL] Candle Strength 15m: BS15=0.571 [>= 0.6];[FAIL] Candle Strength 5m: BS5=0.455 [>= 0.6];[PASS] EMA Trend 1h: EMA21=0.05, EMA50=0.05;[PASS] EMA Trend 4h: EMA21=0.05, EMA50=0.05, EMA200=0.04;[FAIL] RSI 30m: RSI=66.41;[FAIL] MACD 30m: MACD_hist=0.0001;[FAIL] Smart Pullback: price=0.0491 EMA=0.0485 RSI=66.4 BS=0.571;[PASS] ADX: ADX=22.30 [>22], DI+=29.15, DI-=12.31;[FAIL] CCI Momentum: CCI=179.21;[PASS] SAR: SAR=0.0487, price=0.0491;[FAIL] Stochastic: K=93.38 D=93.38;[FAIL] EMA Rejection: No rejection;[PASS] Resistance Test: Tested;[PASS] Pullback: Detected;[FAIL] Double Top/Bottom: No pattern;[PASS] Range Filter: EMA diff=0.0053 [>0.005];[PASS] Combined Range Filter: diff=0.0053, ADX=22.30, mode=OR"
POL-USDT,LONG,S3,کرونوس (Cronus),0.09770000,0.09379200,0.00000000,2026-09-06 15:12:25,OPEN,,,,,,10.00,,"[PASS] Candle Strength 15m: BS15=0.667 [>= 0.6];[FAIL] Candle Strength 5m: BS5=0.000 [>= 0.6];[PASS] EMA Trend 1h: EMA21=0.10, EMA50=0.10;[FAIL] EMA Trend 4h: EMA21=0.10, EMA50=0.10, EMA200=0.09;[PASS] RSI 30m: RSI=50.19;[FAIL] MACD 30m: MACD_hist=-0.0003;[FAIL] Smart Pullback: price=0.0977 EMA=0.0978 RSI=50.2 BS=0.667;[FAIL] ADX: ADX=26.04 [>22], DI+=20.49, DI-=28.64;[FAIL] CCI Momentum: CCI=-59.41;[PASS] SAR: SAR=0.0971, price=0.0977;[FAIL] Stochastic: K=56.86 D=56.86;[FAIL] EMA Rejection: No rejection;[FAIL] Resistance Test: No test;[PASS] Pullback: Detected;[FAIL] Double Top/Bottom: No pattern;[PASS] Range Filter: EMA diff=0.0075 [>0.005];[PASS] Combined Range Filter: diff=0.0075, ADX=26.04, mode=AND"
POL-USDT,LONG,B1,هایپریون (Hyperion),0.09770000,0.09379200,0.00000000,2026-09-06 15:12:27,OPEN,,,,,,10.00,,"[PASS] Candle Strength 15m: BS15=0.667 [>= 0.6];[FAIL] Candle Strength 5m: BS5=0.000 [>= 0.6];[PASS] EMA Trend 1h: EMA21=0.10, EMA50=0.10;[FAIL] EMA Trend 4h: EMA21=0.10, EMA50=0.10, EMA200=0.09;[PASS] RSI 30m: RSI=50.19;[FAIL] MACD 30m: MACD_hist=-0.0003;[FAIL] Smart Pullback: price=0.0977 EMA=0.0978 RSI=50.2 BS=0.667;[FAIL] ADX: ADX=26.04 [>22], DI+=20.49, DI-=28.64;[FAIL] CCI Momentum: CCI=-59.41;[PASS] SAR: SAR=0.0971, price=0.0977;[FAIL] Stochastic: K=56.86 D=56.86;[FAIL] EMA Rejection: No rejection;[FAIL] Resistance Test: No test;[PASS] Pullback: Detected;[FAIL] Double Top/Bottom: No pattern;[PASS] Range Filter: EMA diff=0.0075 [>0.005];[PASS] Combined Range Filter: diff=0.0075, ADX=26.04, mode=OR"
ETH-USDT,LONG,S3,کرونوس (Cronus),2503.91000000,2403.75360000,0.00000000,2026-09-06 15:51:17,OPEN,,,,,,10.00,,"[FAIL] Candle Strength 15m: BS15=0.308 [>= 0.6];[FAIL] Candle Strength 5m: BS5=0.500 [>= 0.6];[PASS] EMA Trend 1h: EMA21=2492.85, EMA50=2479.97;[PASS] EMA Trend 4h: EMA21=2475.14, EMA50=2456.00, EMA200=2228.18;[PASS] RSI 30m: RSI=58.86;[FAIL] MACD 30m: MACD_hist=-1.0430;[FAIL] Smart Pullback: price=2503.9100 EMA=2498.6624 RSI=58.9 BS=0.308;[PASS] ADX: ADX=38.24 [>22], DI+=25.81, DI-=14.98;[PASS] CCI Momentum: CCI=7.76;[PASS] SAR: SAR=2499.8468, price=2503.9100;[FAIL] Stochastic: K=50.51 D=50.51;[PASS] EMA Rejection: Rejected;[FAIL] Resistance Test: No test;[PASS] Pullback: Detected;[PASS] Double Top/Bottom: Pattern=double_top;[FAIL] Range Filter: EMA diff=0.0038 [>0.005];[PASS] Combined Range Filter: diff=0.0038, ADX=38.24, mode=AND"
XRP-USDT,LONG,S3,کرونوس (Cronus),1.42213000,1.36524480,0.00000000,2026-09-06 15:51:20,OPEN,,,,,,10.00,,"[FAIL] Candle Strength 15m: BS15=0.154 [>= 0.6];[PASS] Candle Strength 5m: BS5=0.625 [>= 0.6];[PASS] EMA Trend 1h: EMA21=1.42, EMA50=1.41;[PASS] EMA Trend 4h: EMA21=1.41, EMA50=1.40, EMA200=1.26;[PASS] RSI 30m: RSI=56.36;[FAIL] MACD 30m: MACD_hist=0.0001;[FAIL] Smart Pullback: price=1.4221 EMA=1.4191 RSI=56.4 BS=0.154;[FAIL] ADX: ADX=17.46 [>22], DI+=23.47, DI-=14.84;[PASS] CCI Momentum: CCI=72.18;[PASS] SAR: SAR=1.4183, price=1.4221;[FAIL] Stochastic: K=66.34 D=66.34;[PASS] EMA Rejection: Rejected;[PASS] Resistance Test: Tested;[PASS] Pullback: Detected;[PASS] Double Top/Bottom: Pattern=double_top;[FAIL] Range Filter: EMA diff=0.0017 [>0.005];[FAIL] Combined Range Filter: diff=0.0017, ADX=17.46, mode=AND"
LTC-USDT,LONG,S3,کرونوس (Cronus),54.60000000,52.41600000,0.00000000,2026-09-06 15:51:22,OPEN,,,,,,10.00,,"[FAIL] Candle Strength 15m: BS15=0.222 [>= 0.6];[FAIL] Candle Strength 5m: BS5=0.000 [>= 0.6];[PASS] EMA Trend 1h: EMA21=54.17, EMA50=53.27;[PASS] EMA Trend 4h: EMA21=52.68, EMA50=51.28, EMA200=48.42;[PASS] RSI 30m: RSI=58.26;[PASS] MACD 30m: MACD_hist=0.0248;[FAIL] Smart Pullback: price=54.6000 EMA=54.3167 RSI=58.3 BS=0.222;[FAIL] ADX: ADX=15.66 [>22], DI+=27.74, DI-=18.35;[PASS] CCI Momentum: CCI=81.41;[PASS] SAR: SAR=54.2194, price=54.6000;[FAIL] Stochastic: K=89.55 D=89.55;[PASS] EMA Rejection: Rejected;[PASS] Resistance Test: Tested;[PASS] Pullback: Detected;[PASS] Double Top/Bottom: Pattern=double_top;[PASS] Range Filter: EMA diff=0.0056 [>0.005];[PASS] Combined Range Filter: diff=0.0056, ADX=15.66, mode=AND"
LTC-USDT,LONG,B1,هایپریون (Hyperion),54.60000000,52.41600000,0.00000000,2026-09-06 15:51:23,OPEN,,,,,,10.00,,"[FAIL] Candle Strength 15m: BS15=0.222 [>= 0.6];[FAIL] Candle Strength 5m: BS5=0.000 [>= 0.6];[PASS] EMA Trend 1h: EMA21=54.17, EMA50=53.27;[PASS] EMA Trend 4h: EMA21=52.68, EMA50=51.28, EMA200=48.42;[PASS] RSI 30m: RSI=58.26;[PASS] MACD 30m: MACD_hist=0.0248;[FAIL] Smart Pullback: price=54.6000 EMA=54.3167 RSI=58.3 BS=0.222;[FAIL] ADX: ADX=15.66 [>22], DI+=27.74, DI-=18.35;[PASS] CCI Momentum: CCI=81.41;[PASS] SAR: SAR=54.2194, price=54.6000;[FAIL] Stochastic: K=89.55 D=89.55;[PASS] EMA Rejection: Rejected;[PASS] Resistance Test: Tested;[PASS] Pullback: Detected;[PASS] Double Top/Bottom: Pattern=double_top;[PASS] Range Filter: EMA diff=0.0056 [>0.005];[FAIL] Combined Range Filter: diff=0.0056, ADX=15.66, mode=OR"
DOGE-USDT,LONG,S3,کرونوس (Cronus),0.09005000,0.08644800,0.00000000,2026-09-06 15:51:24,OPEN,,,,,,10.00,,"[FAIL] Candle Strength 15m: BS15=0.385 [>= 0.6];[FAIL] Candle Strength 5m: BS5=0.462 [>= 0.6];[PASS] EMA Trend 1h: EMA21=0.09, EMA50=0.09;[PASS] EMA Trend 4h: EMA21=0.09, EMA50=0.09, EMA200=0.08;[FAIL] RSI 30m: RSI=46.74;[FAIL] MACD 30m: MACD_hist=-0.0002;[FAIL] Smart Pullback: price=0.0901 EMA=0.0904 RSI=46.7 BS=0.385;[FAIL] ADX: ADX=30.75 [>22], DI+=17.92, DI-=29.24;[FAIL] CCI Momentum: CCI=-105.77;[PASS] SAR: SAR=0.0898, price=0.0901;[FAIL] Stochastic: K=47.73 D=47.73;[FAIL] EMA Rejection: No rejection;[FAIL] Resistance Test: No test;[PASS] Pullback: Detected;[FAIL] Double Top/Bottom: No pattern;[PASS] Range Filter: EMA diff=0.0080 [>0.005];[PASS] Combined Range Filter: diff=0.0080, ADX=30.75, mode=AND"
SUI-USDT,LONG,S3,کرونوس (Cronus),0.80570000,0.77347200,0.00000000,2026-09-06 15:51:27,OPEN,,,,,,10.00,,"[FAIL] Candle Strength 15m: BS15=0.348 [>= 0.6];[PASS] Candle Strength 5m: BS5=0.750 [>= 0.6];[PASS] EMA Trend 1h: EMA21=0.80, EMA50=0.79;[PASS] EMA Trend 4h: EMA21=0.78, EMA50=0.77, EMA200=0.73;[PASS] RSI 30m: RSI=60.08;[FAIL] MACD 30m: MACD_hist=0.0009;[FAIL] Smart Pullback: price=0.8057 EMA=0.7989 RSI=60.1 BS=0.348;[PASS] ADX: ADX=23.66 [>22], DI+=25.71, DI-=14.30;[FAIL] CCI Momentum: CCI=180.95;[PASS] SAR: SAR=0.7986, price=0.8057;[FAIL] Stochastic: K=92.58 D=92.58;[PASS] EMA Rejection: Rejected;[PASS] Resistance Test: Tested;[PASS] Pullback: Detected;[PASS] Double Top/Bottom: Pattern=double_top;[FAIL] Range Filter: EMA diff=0.0049 [>0.005];[PASS] Combined Range Filter: diff=0.0049, ADX=23.66, mode=AND"
SUI-USDT,LONG,B1,هایپریون (Hyperion),0.80570000,0.77347200,0.00000000,2026-09-06 15:51:29,OPEN,,,,,,10.00,,"[FAIL] Candle Strength 15m: BS15=0.348 [>= 0.6];[PASS] Candle Strength 5m: BS5=0.750 [>= 0.6];[PASS] EMA Trend 1h: EMA21=0.80, EMA50=0.79;[PASS] EMA Trend 4h: EMA21=0.78, EMA50=0.77, EMA200=0.73;[PASS] RSI 30m: RSI=60.08;[FAIL] MACD 30m: MACD_hist=0.0009;[FAIL] Smart Pullback: price=0.8057 EMA=0.7989 RSI=60.1 BS=0.348;[PASS] ADX: ADX=23.66 [>22], DI+=25.71, DI-=14.30;[FAIL] CCI Momentum: CCI=180.95;[PASS] SAR: SAR=0.7986, price=0.8057;[FAIL] Stochastic: K=92.58 D=92.58;[PASS] EMA Rejection: Rejected;[PASS] Resistance Test: Tested;[PASS] Pullback: Detected;[PASS] Double Top/Bottom: Pattern=double_top;[FAIL] Range Filter: EMA diff=0.0049 [>0.005];[PASS] Combined Range Filter: diff=0.0049, ADX=23.66, mode=OR"
NEAR-USDT,LONG,S3,کرونوس (Cronus),2.38250000,2.28720000,0.00000000,2026-09-06 15:51:30,OPEN,,,,,,10.00,,"[FAIL] Candle Strength 15m: BS15=0.301 [>= 0.6];[FAIL] Candle Strength 5m: BS5=0.825 [too high];[PASS] EMA Trend 1h: EMA21=2.28, EMA50=2.19;[PASS] EMA Trend 4h: EMA21=2.16, EMA50=2.03, EMA200=1.84;[FAIL] RSI 30m: RSI=68.41;[PASS] MACD 30m: MACD_hist=0.0112;[FAIL] Smart Pullback: price=2.3825 EMA=2.3091 RSI=68.4 BS=0.301;[PASS] ADX: ADX=39.95 [>22], DI+=29.87, DI-=8.40;[PASS] CCI Momentum: CCI=91.21;[FAIL] SAR: SAR=2.3831, price=2.3825;[FAIL] Stochastic: K=84.65 D=84.65;[FAIL] EMA Rejection: No rejection;[FAIL] Resistance Test: No test;[PASS] Pullback: Detected;[FAIL] Double Top/Bottom: No pattern;[PASS] Range Filter: EMA diff=0.0239 [>0.005];[PASS] Combined Range Filter: diff=0.0239, ADX=39.95, mode=AND"
NEAR-USDT,LONG,B1,هایپریون (Hyperion),2.38250000,2.28720000,0.00000000,2026-09-06 15:51:31,OPEN,,,,,,10.00,,"[FAIL] Candle Strength 15m: BS15=0.301 [>= 0.6];[FAIL] Candle Strength 5m: BS5=0.825 [too high];[PASS] EMA Trend 1h: EMA21=2.28, EMA50=2.19;[PASS] EMA Trend 4h: EMA21=2.16, EMA50=2.03, EMA200=1.84;[FAIL] RSI 30m: RSI=68.41;[PASS] MACD 30m: MACD_hist=0.0112;[FAIL] Smart Pullback: price=2.3825 EMA=2.3091 RSI=68.4 BS=0.301;[PASS] ADX: ADX=39.95 [>22], DI+=29.87, DI-=8.40;[PASS] CCI Momentum: CCI=91.21;[FAIL] SAR: SAR=2.3831, price=2.3825;[FAIL] Stochastic: K=84.65 D=84.65;[FAIL] EMA Rejection: No rejection;[FAIL] Resistance Test: No test;[PASS] Pullback: Detected;[FAIL] Double Top/Bottom: No pattern;[PASS] Range Filter: EMA diff=0.0239 [>0.005];[PASS] Combined Range Filter: diff=0.0239, ADX=39.95, mode=OR"
DOT-USDT,LONG,S3,کرونوس (Cronus),0.98680000,0.94732800,0.00000000,2026-09-06 15:51:49,OPEN,,,,,,10.00,,"[FAIL] Candle Strength 15m: BS15=0.023 [>= 0.6];[FAIL] Candle Strength 5m: BS5=0.053 [>= 0.6];[PASS] EMA Trend 1h: EMA21=0.94, EMA50=0.92;[PASS] EMA Trend 4h: EMA21=0.91, EMA50=0.89, EMA200=0.84;[FAIL] RSI 30m: RSI=80.18;[PASS] MACD 30m: MACD_hist=0.0046;[FAIL] Smart Pullback: price=0.9868 EMA=0.9488 RSI=80.2 BS=0.023;[PASS] ADX: ADX=54.53 [>22], DI+=41.70, DI-=5.17;[FAIL] CCI Momentum: CCI=200.77;[PASS] SAR: SAR=0.9721, price=0.9868;[FAIL] Stochastic: K=92.63 D=92.63;[FAIL] EMA Rejection: No rejection;[FAIL] Resistance Test: No test;[PASS] Pullback: Detected;[FAIL] Double Top/Bottom: No pattern;[PASS] Range Filter: EMA diff=0.0183 [>0.005];[PASS] Combined Range Filter: diff=0.0183, ADX=54.53, mode=AND"
DOT-USDT,LONG,B1,هایپریون (Hyperion),0.98680000,0.94732800,0.00000000,2026-09-06 15:52:04,OPEN,,,,,,10.00,,"[FAIL] Candle Strength 15m: BS15=0.023 [>= 0.6];[FAIL] Candle Strength 5m: BS5=0.053 [>= 0.6];[PASS] EMA Trend 1h: EMA21=0.94, EMA50=0.92;[PASS] EMA Trend 4h: EMA21=0.91, EMA50=0.89, EMA200=0.84;[FAIL] RSI 30m: RSI=80.18;[PASS] MACD 30m: MACD_hist=0.0046;[FAIL] Smart Pullback: price=0.9868 EMA=0.9488 RSI=80.2 BS=0.023;[PASS] ADX: ADX=54.53 [>22], DI+=41.70, DI-=5.17;[FAIL] CCI Momentum: CCI=200.77;[PASS] SAR: SAR=0.9721, price=0.9868;[FAIL] Stochastic: K=92.63 D=92.63;[FAIL] EMA Rejection: No rejection;[FAIL] Resistance Test: No test;[PASS] Pullback: Detected;[FAIL] Double Top/Bottom: No pattern;[PASS] Range Filter: EMA diff=0.0183 [>0.005];[PASS] Combined Range Filter: diff=0.0183, ADX=54.53, mode=OR"
LINK-USDT,LONG,S3,کرونوس (Cronus),12.32940000,11.83622400,0.00000000,2026-09-06 15:52:06,OPEN,,,,,,10.00,,"[PASS] Candle Strength 15m: BS15=0.637 [>= 0.6];[FAIL] Candle Strength 5m: BS5=0.576 [>= 0.6];[PASS] EMA Trend 1h: EMA21=12.16, EMA50=11.98;[PASS] EMA Trend 4h: EMA21=11.88, EMA50=11.64, EMA200=10.35;[PASS] RSI 30m: RSI=61.19;[FAIL] MACD 30m: MACD_hist=-0.0030;[FAIL] Smart Pullback: price=12.3294 EMA=12.2311 RSI=61.2 BS=0.637;[PASS] ADX: ADX=35.39 [>22], DI+=25.61, DI-=12.47;[FAIL] CCI Momentum: CCI=125.08;[PASS] SAR: SAR=12.2617, price=12.3294;[FAIL] Stochastic: K=95.29 D=95.29;[FAIL] EMA Rejection: No rejection;[FAIL] Resistance Test: No test;[PASS] Pullback: Detected;[PASS] Double Top/Bottom: Pattern=double_top;[PASS] Range Filter: EMA diff=0.0096 [>0.005];[PASS] Combined Range Filter: diff=0.0096, ADX=35.39, mode=AND"
SHIB-USDT,LONG,S3,کرونوس (Cronus),0.00000547,0.00000525,0.00000000,2026-09-06 15:52:10,OPEN,,,,,,10.00,,"[FAIL] Candle Strength 15m: BS15=0.000 [>= 0.6];[FAIL] Candle Strength 5m: BS5=0.000 [>= 0.6];[PASS] EMA Trend 1h: EMA21=0.00, EMA50=0.00;[PASS] EMA Trend 4h: EMA21=0.00, EMA50=0.00, EMA200=0.00;[PASS] RSI 30m: RSI=50.93;[FAIL] MACD 30m: MACD_hist=-0.0000;[FAIL] Smart Pullback: price=0.0000 EMA=0.0000 RSI=50.9 BS=0.000;[FAIL] ADX: ADX=13.87 [>22], DI+=21.06, DI-=19.85;[PASS] CCI Momentum: CCI=-13.66;[PASS] SAR: SAR=0.0000, price=0.0000;[FAIL] Stochastic: K=46.32 D=46.32;[PASS] EMA Rejection: Rejected;[PASS] Resistance Test: Tested;[PASS] Pullback: Detected;[PASS] Double Top/Bottom: Pattern=double_top;[FAIL] Range Filter: EMA diff=0.0025 [>0.005];[FAIL] Combined Range Filter: diff=0.0025, ADX=13.87, mode=AND"
SHIB-USDT,LONG,B1,هایپریون (Hyperion),0.00000547,0.00000525,0.00000000,2026-09-06 15:52:11,OPEN,,,,,,10.00,,"[FAIL] Candle Strength 15m: BS15=0.000 [>= 0.6];[FAIL] Candle Strength 5m: BS5=0.000 [>= 0.6];[PASS] EMA Trend 1h: EMA21=0.00, EMA50=0.00;[PASS] EMA Trend 4h: EMA21=0.00, EMA50=0.00, EMA200=0.00;[PASS] RSI 30m: RSI=50.93;[FAIL] MACD 30m: MACD_hist=-0.0000;[FAIL] Smart Pullback: price=0.0000 EMA=0.0000 RSI=50.9 BS=0.000;[FAIL] ADX: ADX=13.87 [>22], DI+=21.06, DI-=19.85;[PASS] CCI Momentum: CCI=-13.66;[PASS] SAR: SAR=0.0000, price=0.0000;[FAIL] Stochastic: K=46.32 D=46.32;[PASS] EMA Rejection: Rejected;[PASS] Resistance Test: Tested;[PASS] Pullback: Detected;[PASS] Double Top/Bottom: Pattern=double_top;[FAIL] Range Filter: EMA diff=0.0025 [>0.005];[FAIL] Combined Range Filter: diff=0.0025, ADX=13.87, mode=OR"
SOL-USDT,LONG,S3,کرونوس (Cronus),106.97000000,102.69120000,0.00000000,2026-09-06 16:16:31,OPEN,,,,,,10.00,,"[FAIL] Candle Strength 15m: BS15=1.000 [too high - likely end of move];[FAIL] Candle Strength 5m: BS5=1.000 [too high];[PASS] EMA Trend 1h: EMA21=105.03, EMA50=103.89;[PASS] EMA Trend 4h: EMA21=103.67, EMA50=102.37, EMA200=90.73;[FAIL] RSI 30m: RSI=67.97;[PASS] MACD 30m: MACD_hist=0.0235;[FAIL] Smart Pullback: price=106.9700 EMA=105.8275 RSI=68.0 BS=1.000;[PASS] ADX: ADX=43.13 [>22], DI+=36.01, DI-=10.72;[FAIL] CCI Momentum: CCI=122.58;[PASS] SAR: SAR=106.3972, price=106.9700;[FAIL] Stochastic: K=87.69 D=87.69;[FAIL] EMA Rejection: No rejection;[FAIL] Resistance Test: No test;[PASS] Pullback: Detected;[PASS] Double Top/Bottom: Pattern=double_bottom;[PASS] Range Filter: EMA diff=0.0099 [>0.005];[PASS] Combined Range Filter: diff=0.0099, ADX=43.13, mode=AND"
SOL-USDT,LONG,B1,هایپریون (Hyperion),106.97000000,102.69120000,0.00000000,2026-09-06 16:16:32,OPEN,,,,,,10.00,,"[FAIL] Candle Strength 15m: BS15=1.000 [too high - likely end of move];[FAIL] Candle Strength 5m: BS5=1.000 [too high];[PASS] EMA Trend 1h: EMA21=105.03, EMA50=103.89;[PASS] EMA Trend 4h: EMA21=103.67, EMA50=102.37, EMA200=90.73;[FAIL] RSI 30m: RSI=67.97;[PASS] MACD 30m: MACD_hist=0.0235;[FAIL] Smart Pullback: price=106.9700 EMA=105.8275 RSI=68.0 BS=1.000;[PASS] ADX: ADX=43.13 [>22], DI+=36.01, DI-=10.72;[FAIL] CCI Momentum: CCI=122.58;[PASS] SAR: SAR=106.3972, price=106.9700;[FAIL] Stochastic: K=87.69 D=87.69;[FAIL] EMA Rejection: No rejection;[FAIL] Resistance Test: No test;[PASS] Pullback: Detected;[PASS] Double Top/Bottom: Pattern=double_bottom;[PASS] Range Filter: EMA diff=0.0099 [>0.005];[PASS] Combined Range Filter: diff=0.0099, ADX=43.13, mode=OR"
XRP-USDT,LONG,S3,کرونوس (Cronus),1.42096000,1.36412160,0.00000000,2026-09-06 16:16:35,OPEN,,,,,,10.00,,"[FAIL] Candle Strength 15m: BS15=0.033 [>= 0.6];[FAIL] Candle Strength 5m: BS5=0.033 [>= 0.6];[PASS] EMA Trend 1h: EMA21=1.42, EMA50=1.41;[PASS] EMA Trend 4h: EMA21=1.41, EMA50=1.40, EMA200=1.26;[PASS] RSI 30m: RSI=53.43;[FAIL] MACD 30m: MACD_hist=0.0001;[FAIL] Smart Pullback: price=1.4210 EMA=1.4194 RSI=53.4 BS=0.033;[FAIL] ADX: ADX=18.72 [>22], DI+=25.72, DI-=13.37;[PASS] CCI Momentum: CCI=91.96;[PASS] SAR: SAR=1.4203, price=1.4210;[FAIL] Stochastic: K=67.31 D=67.31;[FAIL] EMA Rejection: No rejection;[PASS] Resistance Test: Tested;[PASS] Pullback: Detected;[PASS] Double Top/Bottom: Pattern=double_top;[FAIL] Range Filter: EMA diff=0.0018 [>0.005];[FAIL] Combined Range Filter: diff=0.0018, ADX=18.72, mode=AND"
XRP-USDT,LONG,B1,هایپریون (Hyperion),1.42096000,1.36412160,0.00000000,2026-09-06 16:16:36,OPEN,,,,,,10.00,,"[FAIL] Candle Strength 15m: BS15=0.033 [>= 0.6];[FAIL] Candle Strength 5m: BS5=0.033 [>= 0.6];[PASS] EMA Trend 1h: EMA21=1.42, EMA50=1.41;[PASS] EMA Trend 4h: EMA21=1.41, EMA50=1.40, EMA200=1.26;[PASS] RSI 30m: RSI=53.43;[FAIL] MACD 30m: MACD_hist=0.0001;[FAIL] Smart Pullback: price=1.4210 EMA=1.4194 RSI=53.4 BS=0.033;[FAIL] ADX: ADX=18.72 [>22], DI+=25.72, DI-=13.37;[PASS] CCI Momentum: CCI=91.96;[PASS] SAR: SAR=1.4203, price=1.4210;[FAIL] Stochastic: K=67.31 D=67.31;[FAIL] EMA Rejection: No rejection;[PASS] Resistance Test: Tested;[PASS] Pullback: Detected;[PASS] Double Top/Bottom: Pattern=double_top;[FAIL] Range Filter: EMA diff=0.0018 [>0.005];[FAIL] Combined Range Filter: diff=0.0018, ADX=18.72, mode=OR"
DOT-USDT,LONG,S3,کرونوس (Cronus),0.97580000,0.93676800,0.00000000,2026-09-06 16:16:39,OPEN,,,,,,10.00,,"[FAIL] Candle Strength 15m: BS15=0.300 [>= 0.6];[FAIL] Candle Strength 5m: BS5=0.300 [>= 0.6];[PASS] EMA Trend 1h: EMA21=0.94, EMA50=0.92;[PASS] EMA Trend 4h: EMA21=0.91, EMA50=0.89, EMA200=0.84;[FAIL] RSI 30m: RSI=69.55;[PASS] MACD 30m: MACD_hist=0.0039;[FAIL] Smart Pullback: price=0.9758 EMA=0.9512 RSI=69.5 BS=0.300;[PASS] ADX: ADX=55.01 [>22], DI+=37.07, DI-=8.93;[FAIL] CCI Momentum: CCI=140.05;[FAIL] SAR: SAR=0.9822, price=0.9758;[FAIL] Stochastic: K=75.73 D=75.73;[FAIL] EMA Rejection: No rejection;[FAIL] Resistance Test: No test;[PASS] Pullback: Detected;[FAIL] Double Top/Bottom: No pattern;[PASS] Range Filter: EMA diff=0.0192 [>0.005];[PASS] Combined Range Filter: diff=0.0192, ADX=55.01, mode=AND"
DOT-USDT,LONG,B1,هایپریون (Hyperion),0.97580000,0.93676800,0.00000000,2026-09-06 16:16:40,OPEN,,,,,,10.00,,"[FAIL] Candle Strength 15m: BS15=0.300 [>= 0.6];[FAIL] Candle Strength 5m: BS5=0.300 [>= 0.6];[PASS] EMA Trend 1h: EMA21=0.94, EMA50=0.92;[PASS] EMA Trend 4h: EMA21=0.91, EMA50=0.89, EMA200=0.84;[FAIL] RSI 30m: RSI=69.55;[PASS] MACD 30m: MACD_hist=0.0039;[FAIL] Smart Pullback: price=0.9758 EMA=0.9512 RSI=69.5 BS=0.300;[PASS] ADX: ADX=55.01 [>22], DI+=37.07, DI-=8.93;[FAIL] CCI Momentum: CCI=140.05;[FAIL] SAR: SAR=0.9822, price=0.9758;[FAIL] Stochastic: K=75.73 D=75.73;[FAIL] EMA Rejection: No rejection;[FAIL] Resistance Test: No test;[PASS] Pullback: Detected;[FAIL] Double Top/Bottom: No pattern;[PASS] Range Filter: EMA diff=0.0192 [>0.005];[PASS] Combined Range Filter: diff=0.0192, ADX=55.01, mode=OR"
LINK-USDT,LONG,S1,پرومتئوس (Prometheus),12.30130000,11.80924800,0.00000000,2026-09-06 16:16:59,OPEN,,,,,,10.00,,"[PASS] Candle Strength 15m: BS15=0.724 [>= 0.6];[PASS] Candle Strength 5m: BS5=0.724 [>= 0.6];[PASS] EMA Trend 1h: EMA21=12.16, EMA50=11.98;[PASS] EMA Trend 4h: EMA21=11.88, EMA50=11.64, EMA200=10.35;[PASS] RSI 30m: RSI=58.09;[FAIL] MACD 30m: MACD_hist=-0.0032;[FAIL] Smart Pullback: price=12.3013 EMA=12.2379 RSI=58.1 BS=0.724;[PASS] ADX: ADX=35.73 [>22], DI+=27.16, DI-=11.62;[FAIL] CCI Momentum: CCI=137.35;[PASS] SAR: SAR=12.2588, price=12.3013;[FAIL] Stochastic: K=69.47 D=69.47;[FAIL] EMA Rejection: No rejection;[FAIL] Resistance Test: No test;[PASS] Pullback: Detected;[PASS] Double Top/Bottom: Pattern=double_top;[PASS] Range Filter: EMA diff=0.0095 [>0.005];[PASS] Combined Range Filter: diff=0.0095, ADX=35.73, mode=AND"
LINK-USDT,LONG,S3,کرونوس (Cronus),12.30130000,11.80924800,0.00000000,2026-09-06 16:17:11,OPEN,,,,,,10.00,,"[PASS] Candle Strength 15m: BS15=0.724 [>= 0.6];[PASS] Candle Strength 5m: BS5=0.724 [>= 0.6];[PASS] EMA Trend 1h: EMA21=12.16, EMA50=11.98;[PASS] EMA Trend 4h: EMA21=11.88, EMA50=11.64, EMA200=10.35;[PASS] RSI 30m: RSI=58.09;[FAIL] MACD 30m: MACD_hist=-0.0032;[FAIL] Smart Pullback: price=12.3013 EMA=12.2379 RSI=58.1 BS=0.724;[PASS] ADX: ADX=35.73 [>22], DI+=27.16, DI-=11.62;[FAIL] CCI Momentum: CCI=137.35;[PASS] SAR: SAR=12.2588, price=12.3013;[FAIL] Stochastic: K=69.47 D=69.47;[FAIL] EMA Rejection: No rejection;[FAIL] Resistance Test: No test;[PASS] Pullback: Detected;[PASS] Double Top/Bottom: Pattern=double_top;[PASS] Range Filter: EMA diff=0.0095 [>0.005];[PASS] Combined Range Filter: diff=0.0095, ADX=35.73, mode=AND"
LINK-USDT,LONG,B1,هایپریون (Hyperion),12.30130000,11.80924800,0.00000000,2026-09-06 16:17:13,OPEN,,,,,,10.00,,"[PASS] Candle Strength 15m: BS15=0.724 [>= 0.6];[PASS] Candle Strength 5m: BS5=0.724 [>= 0.6];[PASS] EMA Trend 1h: EMA21=12.16, EMA50=11.98;[PASS] EMA Trend 4h: EMA21=11.88, EMA50=11.64, EMA200=10.35;[PASS] RSI 30m: RSI=58.09;[FAIL] MACD 30m: MACD_hist=-0.0032;[FAIL] Smart Pullback: price=12.3013 EMA=12.2379 RSI=58.1 BS=0.724;[PASS] ADX: ADX=35.73 [>22], DI+=27.16, DI-=11.62;[FAIL] CCI Momentum: CCI=137.35;[PASS] SAR: SAR=12.2588, price=12.3013;[FAIL] Stochastic: K=69.47 D=69.47;[FAIL] EMA Rejection: No rejection;[FAIL] Resistance Test: No test;[PASS] Pullback: Detected;[PASS] Double Top/Bottom: Pattern=double_top;[PASS] Range Filter: EMA diff=0.0095 [>0.005];[PASS] Combined Range Filter: diff=0.0095, ADX=35.73, mode=OR"
AVAX-USDT,LONG,S1,پرومتئوس (Prometheus),7.69300000,7.38528000,0.00000000,2026-09-06 16:17:14,OPEN,,,,,,10.00,,"[FAIL] Candle Strength 15m: BS15=0.500 [>= 0.6];[FAIL] Candle Strength 5m: BS5=0.500 [>= 0.6];[PASS] EMA Trend 1h: EMA21=7.63, EMA50=7.55;[PASS] EMA Trend 4h: EMA21=7.52, EMA50=7.41, EMA200=7.01;[PASS] RSI 30m: RSI=59.72;[FAIL] MACD 30m: MACD_hist=0.0003;[FAIL] Smart Pullback: price=7.6930 EMA=7.6638 RSI=59.7 BS=0.500;[PASS] ADX: ADX=27.40 [>22], DI+=26.82, DI-=14.22;[FAIL] CCI Momentum: CCI=108.15;[PASS] SAR: SAR=7.6855, price=7.6930;[FAIL] Stochastic: K=81.73 D=81.73;[FAIL] EMA Rejection: No rejection;[FAIL] Resistance Test: No test;[PASS] Pullback: Detected;[PASS] Double Top/Bottom: Pattern=double_top;[PASS] Range Filter: EMA diff=0.0059 [>0.005];[PASS] Combined Range Filter: diff=0.0059, ADX=27.40, mode=AND"
AVAX-USDT,LONG,S3,کرونوس (Cronus),7.69300000,7.38528000,0.00000000,2026-09-06 16:17:16,OPEN,,,,,,10.00,,"[FAIL] Candle Strength 15m: BS15=0.500 [>= 0.6];[FAIL] Candle Strength 5m: BS5=0.500 [>= 0.6];[PASS] EMA Trend 1h: EMA21=7.63, EMA50=7.55;[PASS] EMA Trend 4h: EMA21=7.52, EMA50=7.41, EMA200=7.01;[PASS] RSI 30m: RSI=59.72;[FAIL] MACD 30m: MACD_hist=0.0003;[FAIL] Smart Pullback: price=7.6930 EMA=7.6638 RSI=59.7 BS=0.500;[PASS] ADX: ADX=27.40 [>22], DI+=26.82, DI-=14.22;[FAIL] CCI Momentum: CCI=108.15;[PASS] SAR: SAR=7.6855, price=7.6930;[FAIL] Stochastic: K=81.73 D=81.73;[FAIL] EMA Rejection: No rejection;[FAIL] Resistance Test: No test;[PASS] Pullback: Detected;[PASS] Double Top/Bottom: Pattern=double_top;[PASS] Range Filter: EMA diff=0.0059 [>0.005];[PASS] Combined Range Filter: diff=0.0059, ADX=27.40, mode=AND"
AVAX-USDT,LONG,B1,هایپریون (Hyperion),7.69300000,7.38528000,0.00000000,2026-09-06 16:17:17,OPEN,,,,,,10.00,,"[FAIL] Candle Strength 15m: BS15=0.500 [>= 0.6];[FAIL] Candle Strength 5m: BS5=0.500 [>= 0.6];[PASS] EMA Trend 1h: EMA21=7.63, EMA50=7.55;[PASS] EMA Trend 4h: EMA21=7.52, EMA50=7.41, EMA200=7.01;[PASS] RSI 30m: RSI=59.72;[FAIL] MACD 30m: MACD_hist=0.0003;[FAIL] Smart Pullback: price=7.6930 EMA=7.6638 RSI=59.7 BS=0.500;[PASS] ADX: ADX=27.40 [>22], DI+=26.82, DI-=14.22;[FAIL] CCI Momentum: CCI=108.15;[PASS] SAR: SAR=7.6855, price=7.6930;[FAIL] Stochastic: K=81.73 D=81.73;[FAIL] EMA Rejection: No rejection;[FAIL] Resistance Test: No test;[PASS] Pullback: Detected;[PASS] Double Top/Bottom: Pattern=double_top;[PASS] Range Filter: EMA diff=0.0059 [>0.005];[PASS] Combined Range Filter: diff=0.0059, ADX=27.40, mode=OR"
SEI-USDT,LONG,S1,پرومتئوس (Prometheus),0.04904000,0.04707840,0.00000000,2026-09-06 16:17:20,OPEN,,,,,,10.00,,"[FAIL] Candle Strength 15m: BS15=0.556 [>= 0.6];[FAIL] Candle Strength 5m: BS5=0.556 [>= 0.6];[PASS] EMA Trend 1h: EMA21=0.05, EMA50=0.05;[PASS] EMA Trend 4h: EMA21=0.05, EMA50=0.05, EMA200=0.04;[PASS] RSI 30m: RSI=64.29;[FAIL] MACD 30m: MACD_hist=0.0001;[FAIL] Smart Pullback: price=0.0490 EMA=0.0485 RSI=64.3 BS=0.556;[PASS] ADX: ADX=25.49 [>22], DI+=28.06, DI-=10.60;[FAIL] CCI Momentum: CCI=142.91;[PASS] SAR: SAR=0.0489, price=0.0490;[FAIL] Stochastic: K=84.83 D=84.83;[FAIL] EMA Rejection: No rejection;[FAIL] Resistance Test: No test;[PASS] Pullback: Detected;[FAIL] Double Top/Bottom: No pattern;[PASS] Range Filter: EMA diff=0.0059 [>0.005];[PASS] Combined Range Filter: diff=0.0059, ADX=25.49, mode=AND"
TIA-USDT,LONG,S1,پرومتئوس (Prometheus),0.39710000,0.38121600,0.00000000,2026-09-06 16:17:21,OPEN,,,,,,10.00,,"[FAIL] Candle Strength 15m: BS15=1.000 [too high - likely end of move];[FAIL] Candle Strength 5m: BS5=1.000 [too high];[PASS] EMA Trend 1h: EMA21=0.38, EMA50=0.37;[PASS] EMA Trend 4h: EMA21=0.37, EMA50=0.36, EMA200=0.34;[PASS] RSI 30m: RSI=62.92;[FAIL] MACD 30m: MACD_hist=0.0009;[FAIL] Smart Pullback: price=0.3971 EMA=0.3903 RSI=62.9 BS=1.000;[PASS] ADX: ADX=40.43 [>22], DI+=33.75, DI-=17.27;[PASS] CCI Momentum: CCI=89.69;[FAIL] SAR: SAR=0.3979, price=0.3971;[FAIL] Stochastic: K=67.61 D=67.61;[FAIL] EMA Rejection: No rejection;[FAIL] Resistance Test: No test;[PASS] Pullback: Detected;[FAIL] Double Top/Bottom: No pattern;[PASS] Range Filter: EMA diff=0.0216 [>0.005];[PASS] Combined Range Filter: diff=0.0216, ADX=40.43, mode=AND"
SOL-USDT,LONG,S1,پرومتئوس (Prometheus),106.58000000,102.31680000,0.00000000,2026-09-06 16:45:57,OPEN,,,,,,10.00,,"[FAIL] Candle Strength 15m: BS15=0.571 [>= 0.6];[FAIL] Candle Strength 5m: BS5=0.571 [>= 0.6];[PASS] EMA Trend 1h: EMA21=105.16, EMA50=103.99;[PASS] EMA Trend 4h: EMA21=103.64, EMA50=102.35, EMA200=90.73;[PASS] RSI 30m: RSI=62.82;[FAIL] MACD 30m: MACD_hist=-0.0081;[FAIL] Smart Pullback: price=106.5800 EMA=105.8835 RSI=62.8 BS=0.571;[PASS] ADX: ADX=43.82 [>22], DI+=34.72, DI-=11.13;[PASS] CCI Momentum: CCI=84.87;[FAIL] SAR: SAR=106.6280, price=106.5800;[FAIL] Stochastic: K=70.79 D=70.79;[FAIL] EMA Rejection: No rejection;[FAIL] Resistance Test: No test;[PASS] Pullback: Detected;[PASS] Double Top/Bottom: Pattern=double_top;[PASS] Range Filter: EMA diff=0.0099 [>0.005];[PASS] Combined Range Filter: diff=0.0099, ADX=43.82, mode=AND"
NEAR-USDT,LONG,S1,پرومتئوس (Prometheus),2.37250000,2.27760000,0.00000000,2026-09-06 16:46:01,OPEN,,,,,,10.00,,"[PASS] Candle Strength 15m: BS15=0.800 [>= 0.6];[PASS] Candle Strength 5m: BS5=0.800 [>= 0.6];[PASS] EMA Trend 1h: EMA21=2.28, EMA50=2.20;[PASS] EMA Trend 4h: EMA21=2.16, EMA50=2.03, EMA200=1.84;[PASS] RSI 30m: RSI=63.85;[PASS] MACD 30m: MACD_hist=0.0037;[FAIL] Smart Pullback: price=2.3725 EMA=2.3167 RSI=63.8 BS=0.800;[PASS] ADX: ADX=39.29 [>22], DI+=25.44, DI-=11.81;[PASS] CCI Momentum: CCI=62.40;[PASS] SAR: SAR=2.3345, price=2.3725;[FAIL] Stochastic: K=79.21 D=79.21;[FAIL] EMA Rejection: No rejection;[FAIL] Resistance Test: No test;[PASS] Pullback: Detected;[PASS] Double Top/Bottom: Pattern=double_top;[PASS] Range Filter: EMA diff=0.0240 [>0.005];[PASS] Combined Range Filter: diff=0.0240, ADX=39.29, mode=AND"
LINK-USDT,LONG,S1,پرومتئوس (Prometheus),12.32850000,11.83536000,0.00000000,2026-09-06 16:46:04,OPEN,,,,,,10.00,,"[FAIL] Candle Strength 15m: BS15=0.082 [>= 0.6];[FAIL] Candle Strength 5m: BS5=0.082 [>= 0.6];[PASS] EMA Trend 1h: EMA21=12.18, EMA50=11.99;[PASS] EMA Trend 4h: EMA21=11.88, EMA50=11.64, EMA200=10.35;[PASS] RSI 30m: RSI=60.58;[FAIL] MACD 30m: MACD_hist=-0.0007;[FAIL] Smart Pullback: price=12.3285 EMA=12.2493 RSI=60.6 BS=0.082;[PASS] ADX: ADX=36.49 [>22], DI+=25.74, DI-=10.17;[FAIL] CCI Momentum: CCI=148.58;[PASS] SAR: SAR=12.2577, price=12.3285;[FAIL] Stochastic: K=73.08 D=73.08;[FAIL] EMA Rejection: No rejection;[FAIL] Resistance Test: No test;[PASS] Pullback: Detected;[PASS] Double Top/Bottom: Pattern=double_top;[PASS] Range Filter: EMA diff=0.0096 [>0.005];[PASS] Combined Range Filter: diff=0.0096, ADX=36.49, mode=AND"
LINK-USDT,LONG,S3,کرونوس (Cronus),12.32850000,11.83536000,0.00000000,2026-09-06 16:46:05,OPEN,,,,,,10.00,,"[FAIL] Candle Strength 15m: BS15=0.082 [>= 0.6];[FAIL] Candle Strength 5m: BS5=0.082 [>= 0.6];[PASS] EMA Trend 1h: EMA21=12.18, EMA50=11.99;[PASS] EMA Trend 4h: EMA21=11.88, EMA50=11.64, EMA200=10.35;[PASS] RSI 30m: RSI=60.58;[FAIL] MACD 30m: MACD_hist=-0.0007;[FAIL] Smart Pullback: price=12.3285 EMA=12.2493 RSI=60.6 BS=0.082;[PASS] ADX: ADX=36.49 [>22], DI+=25.74, DI-=10.17;[FAIL] CCI Momentum: CCI=148.58;[PASS] SAR: SAR=12.2577, price=12.3285;[FAIL] Stochastic: K=73.08 D=73.08;[FAIL] EMA Rejection: No rejection;[FAIL] Resistance Test: No test;[PASS] Pullback: Detected;[PASS] Double Top/Bottom: Pattern=double_top;[PASS] Range Filter: EMA diff=0.0096 [>0.005];[PASS] Combined Range Filter: diff=0.0096, ADX=36.49, mode=AND"
LINK-USDT,LONG,B1,هایپریون (Hyperion),12.32850000,11.83536000,0.00000000,2026-09-06 16:46:06,OPEN,,,,,,10.00,,"[FAIL] Candle Strength 15m: BS15=0.082 [>= 0.6];[FAIL] Candle Strength 5m: BS5=0.082 [>= 0.6];[PASS] EMA Trend 1h: EMA21=12.18, EMA50=11.99;[PASS] EMA Trend 4h: EMA21=11.88, EMA50=11.64, EMA200=10.35;[PASS] RSI 30m: RSI=60.58;[FAIL] MACD 30m: MACD_hist=-0.0007;[FAIL] Smart Pullback: price=12.3285 EMA=12.2493 RSI=60.6 BS=0.082;[PASS] ADX: ADX=36.49 [>22], DI+=25.74, DI-=10.17;[FAIL] CCI Momentum: CCI=148.58;[PASS] SAR: SAR=12.2577, price=12.3285;[FAIL] Stochastic: K=73.08 D=73.08;[FAIL] EMA Rejection: No rejection;[FAIL] Resistance Test: No test;[PASS] Pullback: Detected;[PASS] Double Top/Bottom: Pattern=double_top;[PASS] Range Filter: EMA diff=0.0096 [>0.005];[PASS] Combined Range Filter: diff=0.0096, ADX=36.49, mode=OR"
SEI-USDT,LONG,S1,پرومتئوس (Prometheus),0.04903000,0.04706880,0.00000000,2026-09-06 16:46:09,OPEN,,,,,,10.00,,"[PASS] Candle Strength 15m: BS15=0.733 [>= 0.6];[PASS] Candle Strength 5m: BS5=0.733 [>= 0.6];[PASS] EMA Trend 1h: EMA21=0.05, EMA50=0.05;[PASS] EMA Trend 4h: EMA21=0.05, EMA50=0.05, EMA200=0.04;[PASS] RSI 30m: RSI=62.43;[FAIL] MACD 30m: MACD_hist=0.0001;[FAIL] Smart Pullback: price=0.0490 EMA=0.0486 RSI=62.4 BS=0.733;[PASS] ADX: ADX=25.79 [>22], DI+=25.36, DI-=11.20;[FAIL] CCI Momentum: CCI=125.46;[PASS] SAR: SAR=0.0488, price=0.0490;[FAIL] Stochastic: K=84.14 D=84.14;[FAIL] EMA Rejection: No rejection;[FAIL] Resistance Test: No test;[PASS] Pullback: Detected;[FAIL] Double Top/Bottom: No pattern;[PASS] Range Filter: EMA diff=0.0060 [>0.005];[PASS] Combined Range Filter: diff=0.0060, ADX=25.79, mode=AND"
SEI-USDT,LONG,S3,کرونوس (Cronus),0.04903000,0.04706880,0.00000000,2026-09-06 16:46:10,OPEN,,,,,,10.00,,"[PASS] Candle Strength 15m: BS15=0.733 [>= 0.6];[PASS] Candle Strength 5m: BS5=0.733 [>= 0.6];[PASS] EMA Trend 1h: EMA21=0.05, EMA50=0.05;[PASS] EMA Trend 4h: EMA21=0.05, EMA50=0.05, EMA200=0.04;[PASS] RSI 30m: RSI=62.43;[FAIL] MACD 30m: MACD_hist=0.0001;[FAIL] Smart Pullback: price=0.0490 EMA=0.0486 RSI=62.4 BS=0.733;[PASS] ADX: ADX=25.79 [>22], DI+=25.36, DI-=11.20;[FAIL] CCI Momentum: CCI=125.46;[PASS] SAR: SAR=0.0488, price=0.0490;[FAIL] Stochastic: K=84.14 D=84.14;[FAIL] EMA Rejection: No rejection;[FAIL] Resistance Test: No test;[PASS] Pullback: Detected;[FAIL] Double Top/Bottom: No pattern;[PASS] Range Filter: EMA diff=0.0060 [>0.005];[PASS] Combined Range Filter: diff=0.0060, ADX=25.79, mode=AND"
SEI-USDT,LONG,B1,هایپریون (Hyperion),0.04903000,0.04706880,0.00000000,2026-09-06 16:46:12,OPEN,,,,,,10.00,,"[PASS] Candle Strength 15m: BS15=0.733 [>= 0.6];[PASS] Candle Strength 5m: BS5=0.733 [>= 0.6];[PASS] EMA Trend 1h: EMA21=0.05, EMA50=0.05;[PASS] EMA Trend 4h: EMA21=0.05, EMA50=0.05, EMA200=0.04;[PASS] RSI 30m: RSI=62.43;[FAIL] MACD 30m: MACD_hist=0.0001;[FAIL] Smart Pullback: price=0.0490 EMA=0.0486 RSI=62.4 BS=0.733;[PASS] ADX: ADX=25.79 [>22], DI+=25.36, DI-=11.20;[FAIL] CCI Momentum: CCI=125.46;[PASS] SAR: SAR=0.0488, price=0.0490;[FAIL] Stochastic: K=84.14 D=84.14;[FAIL] EMA Rejection: No rejection;[FAIL] Resistance Test: No test;[PASS] Pullback: Detected;[FAIL] Double Top/Bottom: No pattern;[PASS] Range Filter: EMA diff=0.0060 [>0.005];[PASS] Combined Range Filter: diff=0.0060, ADX=25.79, mode=OR"
NEAR-USDT,LONG,S3,کرونوس (Cronus),2.42210000,2.32521600,0.00000000,2026-09-06 17:11:54,OPEN,,,,,,10.00,,"[FAIL] Candle Strength 15m: BS15=0.857 [too high - likely end of move];[PASS] Candle Strength 5m: BS5=0.792 [>= 0.6];[PASS] EMA Trend 1h: EMA21=2.29, EMA50=2.20;[PASS] EMA Trend 4h: EMA21=2.16, EMA50=2.04, EMA200=1.84;[FAIL] RSI 30m: RSI=69.66;[PASS] MACD 30m: MACD_hist=0.0053;[FAIL] Smart Pullback: price=2.4221 EMA=2.3266 RSI=69.7 BS=0.857;[PASS] ADX: ADX=40.08 [>22], DI+=29.88, DI-=10.53;[PASS] CCI Momentum: CCI=93.48;[PASS] SAR: SAR=2.3440, price=2.4221;[FAIL] Stochastic: K=99.32 D=99.32;[FAIL] EMA Rejection: No rejection;[FAIL] Resistance Test: No test;[PASS] Pullback: Detected;[FAIL] Double Top/Bottom: No pattern;[PASS] Range Filter: EMA diff=0.0249 [>0.005];[PASS] Combined Range Filter: diff=0.0249, ADX=40.08, mode=AND"
NEAR-USDT,LONG,B1,هایپریون (Hyperion),2.42210000,2.32521600,0.00000000,2026-09-06 17:11:55,OPEN,,,,,,10.00,,"[FAIL] Candle Strength 15m: BS15=0.857 [too high - likely end of move];[PASS] Candle Strength 5m: BS5=0.792 [>= 0.6];[PASS] EMA Trend 1h: EMA21=2.29, EMA50=2.20;[PASS] EMA Trend 4h: EMA21=2.16, EMA50=2.04, EMA200=1.84;[FAIL] RSI 30m: RSI=69.66;[PASS] MACD 30m: MACD_hist=0.0053;[FAIL] Smart Pullback: price=2.4221 EMA=2.3266 RSI=69.7 BS=0.857;[PASS] ADX: ADX=40.08 [>22], DI+=29.88, DI-=10.53;[PASS] CCI Momentum: CCI=93.48;[PASS] SAR: SAR=2.3440, price=2.4221;[FAIL] Stochastic: K=99.32 D=99.32;[FAIL] EMA Rejection: No rejection;[FAIL] Resistance Test: No test;[PASS] Pullback: Detected;[FAIL] Double Top/Bottom: No pattern;[PASS] Range Filter: EMA diff=0.0249 [>0.005];[PASS] Combined Range Filter: diff=0.0249, ADX=40.08, mode=OR"
DOT-USDT,LONG,S1,پرومتئوس (Prometheus),0.97100000,0.93216000,0.00000000,2026-09-06 17:11:57,OPEN,,,,,,10.00,,"[FAIL] Candle Strength 15m: BS15=0.983 [too high - likely end of move];[FAIL] Candle Strength 5m: BS5=0.964 [too high];[PASS] EMA Trend 1h: EMA21=0.94, EMA50=0.92;[PASS] EMA Trend 4h: EMA21=0.91, EMA50=0.89, EMA200=0.84;[PASS] RSI 30m: RSI=63.98;[FAIL] MACD 30m: MACD_hist=0.0016;[FAIL] Smart Pullback: price=0.9710 EMA=0.9538 RSI=64.0 BS=0.983;[PASS] ADX: ADX=51.85 [>22], DI+=31.49, DI-=13.42;[PASS] CCI Momentum: CCI=73.26;[PASS] SAR: SAR=0.9651, price=0.9710;[FAIL] Stochastic: K=65.67 D=65.67;[FAIL] EMA Rejection: No rejection;[FAIL] Resistance Test: No test;[PASS] Pullback: Detected;[FAIL] Double Top/Bottom: No pattern;[PASS] Range Filter: EMA diff=0.0193 [>0.005];[PASS] Combined Range Filter: diff=0.0193, ADX=51.85, mode=AND"
ATOM-USDT,LONG,B1,هایپریون (Hyperion),1.57960000,1.51641600,0.00000000,2026-09-06 17:11:59,OPEN,,,,,,10.00,,"[FAIL] Candle Strength 15m: BS15=0.821 [too high - likely end of move];[FAIL] Candle Strength 5m: BS5=0.000 [>= 0.6];[PASS] EMA Trend 1h: EMA21=1.58, EMA50=1.55;[PASS] EMA Trend 4h: EMA21=1.54, EMA50=1.52, EMA200=1.46;[FAIL] RSI 30m: RSI=48.36;[FAIL] MACD 30m: MACD_hist=-0.0028;[PASS] Smart Pullback: price=1.5796 EMA=1.5848 RSI=48.4 BS=0.821;[FAIL] ADX: ADX=25.08 [>22], DI+=21.89, DI-=25.64;[FAIL] CCI Momentum: CCI=-48.05;[PASS] SAR: SAR=1.5776, price=1.5796;[FAIL] Stochastic: K=32.56 D=32.56;[PASS] EMA Rejection: Rejected;[FAIL] Resistance Test: No test;[PASS] Pullback: Detected;[PASS] Double Top/Bottom: Pattern=double_top;[PASS] Range Filter: EMA diff=0.0087 [>0.005];[PASS] Combined Range Filter: diff=0.0087, ADX=25.08, mode=OR"
FIL-USDT,LONG,B1,هایپریون (Hyperion),0.79370000,0.76195200,0.00000000,2026-09-06 17:12:01,OPEN,,,,,,10.00,,"[PASS] Candle Strength 15m: BS15=0.760 [>= 0.6];[FAIL] Candle Strength 5m: BS5=1.000 [too high];[PASS] EMA Trend 1h: EMA21=0.80, EMA50=0.79;[PASS] EMA Trend 4h: EMA21=0.78, EMA50=0.76, EMA200=0.72;[FAIL] RSI 30m: RSI=44.42;[FAIL] MACD 30m: MACD_hist=-0.0016;[FAIL] Smart Pullback: price=0.7937 EMA=0.7985 RSI=44.4 BS=0.760;[FAIL] ADX: ADX=19.45 [>22], DI+=16.13, DI-=25.79;[FAIL] CCI Momentum: CCI=-105.94;[PASS] SAR: SAR=0.7894, price=0.7937;[FAIL] Stochastic: K=26.04 D=26.04;[FAIL] EMA Rejection: No rejection;[PASS] Resistance Test: Tested;[PASS] Pullback: Detected;[PASS] Double Top/Bottom: Pattern=double_top;[PASS] Range Filter: EMA diff=0.0054 [>0.005];[FAIL] Combined Range Filter: diff=0.0054, ADX=19.45, mode=OR"
OP-USDT,LONG,S1,پرومتئوس (Prometheus),0.10920000,0.10483200,0.00000000,2026-09-06 17:12:04,OPEN,,,,,,10.00,,"[PASS] Candle Strength 15m: BS15=0.714 [>= 0.6];[FAIL] Candle Strength 5m: BS5=1.000 [too high];[PASS] EMA Trend 1h: EMA21=0.11, EMA50=0.10;[PASS] EMA Trend 4h: EMA21=0.10, EMA50=0.10, EMA200=0.09;[PASS] RSI 30m: RSI=50.71;[FAIL] MACD 30m: MACD_hist=-0.0004;[FAIL] Smart Pullback: price=0.1092 EMA=0.1094 RSI=50.7 BS=0.714;[PASS] ADX: ADX=27.51 [>22], DI+=19.92, DI-=18.23;[FAIL] CCI Momentum: CCI=-77.33;[PASS] SAR: SAR=0.1083, price=0.1092;[FAIL] Stochastic: K=33.33 D=33.33;[PASS] EMA Rejection: Rejected;[FAIL] Resistance Test: No test;[PASS] Pullback: Detected;[FAIL] Double Top/Bottom: No pattern;[PASS] Range Filter: EMA diff=0.0172 [>0.005];[PASS] Combined Range Filter: diff=0.0172, ADX=27.51, mode=AND"
OP-USDT,LONG,B1,هایپریون (Hyperion),0.10920000,0.10483200,0.00000000,2026-09-06 17:12:06,OPEN,,,,,,10.00,,"[PASS] Candle Strength 15m: BS15=0.714 [>= 0.6];[FAIL] Candle Strength 5m: BS5=1.000 [too high];[PASS] EMA Trend 1h: EMA21=0.11, EMA50=0.10;[PASS] EMA Trend 4h: EMA21=0.10, EMA50=0.10, EMA200=0.09;[PASS] RSI 30m: RSI=50.71;[FAIL] MACD 30m: MACD_hist=-0.0004;[FAIL] Smart Pullback: price=0.1092 EMA=0.1094 RSI=50.7 BS=0.714;[PASS] ADX: ADX=27.51 [>22], DI+=19.92, DI-=18.23;[FAIL] CCI Momentum: CCI=-77.33;[PASS] SAR: SAR=0.1083, price=0.1092;[FAIL] Stochastic: K=33.33 D=33.33;[PASS] EMA Rejection: Rejected;[FAIL] Resistance Test: No test;[PASS] Pullback: Detected;[FAIL] Double Top/Bottom: No pattern;[PASS] Range Filter: EMA diff=0.0172 [>0.005];[PASS] Combined Range Filter: diff=0.0172, ADX=27.51, mode=OR"
SOL-USDT,LONG,S1,پرومتئوس (Prometheus),106.29000000,102.03840000,0.00000000,2026-09-06 17:46:29,OPEN,,,,,,10.00,,"[FAIL] Candle Strength 15m: BS15=0.419 [>= 0.6];[FAIL] Candle Strength 5m: BS5=0.419 [>= 0.6];[PASS] EMA Trend 1h: EMA21=105.30, EMA50=104.10;[PASS] EMA Trend 4h: EMA21=103.61, EMA50=102.34, EMA200=90.72;[PASS] RSI 30m: RSI=55.47;[FAIL] MACD 30m: MACD_hist=-0.0523;[FAIL] Smart Pullback: price=106.2900 EMA=105.9861 RSI=55.5 BS=0.419;[PASS] ADX: ADX=41.09 [>22], DI+=26.31, DI-=14.02;[PASS] CCI Momentum: CCI=55.38;[PASS] SAR: SAR=105.9272, price=106.2900;[FAIL] Stochastic: K=56.68 D=56.68;[FAIL] EMA Rejection: No rejection;[FAIL] Resistance Test: No test;[PASS] Pullback: Detected;[PASS] Double Top/Bottom: Pattern=double_top;[PASS] Range Filter: EMA diff=0.0097 [>0.005];[PASS] Combined Range Filter: diff=0.0097, ADX=41.09, mode=AND"
NEAR-USDT,LONG,S3,کرونوس (Cronus),2.42900000,2.33184000,0.00000000,2026-09-06 17:46:33,OPEN,,,,,,10.00,,"[FAIL] Candle Strength 15m: BS15=0.089 [>= 0.6];[FAIL] Candle Strength 5m: BS5=0.089 [>= 0.6];[PASS] EMA Trend 1h: EMA21=2.30, EMA50=2.21;[PASS] EMA Trend 4h: EMA21=2.16, EMA50=2.04, EMA200=1.84;[FAIL] RSI 30m: RSI=65.62;[PASS] MACD 30m: MACD_hist=0.0076;[FAIL] Smart Pullback: price=2.4290 EMA=2.3398 RSI=65.6 BS=0.089;[PASS] ADX: ADX=42.01 [>22], DI+=34.24, DI-=8.85;[FAIL] CCI Momentum: CCI=119.64;[PASS] SAR: SAR=2.3725, price=2.4290;[FAIL] Stochastic: K=75.59 D=75.59;[FAIL] EMA Rejection: No rejection;[FAIL] Resistance Test: No test;[PASS] Pullback: Detected;[FAIL] Double Top/Bottom: No pattern;[PASS] Range Filter: EMA diff=0.0269 [>0.005];[PASS] Combined Range Filter: diff=0.0269, ADX=42.01, mode=AND"
NEAR-USDT,LONG,B1,هایپریون (Hyperion),2.42900000,2.33184000,0.00000000,2026-09-06 17:46:34,OPEN,,,,,,10.00,,"[FAIL] Candle Strength 15m: BS15=0.089 [>= 0.6];[FAIL] Candle Strength 5m: BS5=0.089 [>= 0.6];[PASS] EMA Trend 1h: EMA21=2.30, EMA50=2.21;[PASS] EMA Trend 4h: EMA21=2.16, EMA50=2.04, EMA200=1.84;[FAIL] RSI 30m: RSI=65.62;[PASS] MACD 30m: MACD_hist=0.0076;[FAIL] Smart Pullback: price=2.4290 EMA=2.3398 RSI=65.6 BS=0.089;[PASS] ADX: ADX=42.01 [>22], DI+=34.24, DI-=8.85;[FAIL] CCI Momentum: CCI=119.64;[PASS] SAR: SAR=2.3725, price=2.4290;[FAIL] Stochastic: K=75.59 D=75.59;[FAIL] EMA Rejection: No rejection;[FAIL] Resistance Test: No test;[PASS] Pullback: Detected;[FAIL] Double Top/Bottom: No pattern;[PASS] Range Filter: EMA diff=0.0269 [>0.005];[PASS] Combined Range Filter: diff=0.0269, ADX=42.01, mode=OR"
DOT-USDT,LONG,S1,پرومتئوس (Prometheus),0.96880000,0.93004800,0.00000000,2026-09-06 17:46:35,OPEN,,,,,,10.00,,"[FAIL] Candle Strength 15m: BS15=0.418 [>= 0.6];[FAIL] Candle Strength 5m: BS5=0.418 [>= 0.6];[PASS] EMA Trend 1h: EMA21=0.94, EMA50=0.92;[PASS] EMA Trend 4h: EMA21=0.91, EMA50=0.89, EMA200=0.84;[PASS] RSI 30m: RSI=61.26;[FAIL] MACD 30m: MACD_hist=0.0009;[FAIL] Smart Pullback: price=0.9688 EMA=0.9554 RSI=61.3 BS=0.418;[PASS] ADX: ADX=51.34 [>22], DI+=30.41, DI-=12.24;[PASS] CCI Momentum: CCI=69.41;[PASS] SAR: SAR=0.9653, price=0.9688;[FAIL] Stochastic: K=60.82 D=60.82;[FAIL] EMA Rejection: No rejection;[FAIL] Resistance Test: No test;[PASS] Pullback: Detected;[PASS] Double Top/Bottom: Pattern=double_top;[PASS] Range Filter: EMA diff=0.0195 [>0.005];[PASS] Combined Range Filter: diff=0.0195, ADX=51.34, mode=AND"
LINK-USDT,LONG,S1,پرومتئوس (Prometheus),12.27600000,11.78496000,0.00000000,2026-09-06 17:46:38,OPEN,,,,,,10.00,,"[PASS] Candle Strength 15m: BS15=0.660 [>= 0.6];[PASS] Candle Strength 5m: BS5=0.660 [>= 0.6];[PASS] EMA Trend 1h: EMA21=12.19, EMA50=12.00;[PASS] EMA Trend 4h: EMA21=11.88, EMA50=11.64, EMA200=10.35;[PASS] RSI 30m: RSI=53.88;[FAIL] MACD 30m: MACD_hist=-0.0061;[FAIL] Smart Pullback: price=12.2760 EMA=12.2540 RSI=53.9 BS=0.660;[PASS] ADX: ADX=37.50 [>22], DI+=24.17, DI-=8.73;[PASS] CCI Momentum: CCI=95.16;[PASS] SAR: SAR=12.2522, price=12.2760;[FAIL] Stochastic: K=45.54 D=45.54;[FAIL] EMA Rejection: No rejection;[FAIL] Resistance Test: No test;[PASS] Pullback: Detected;[PASS] Double Top/Bottom: Pattern=double_top;[PASS] Range Filter: EMA diff=0.0092 [>0.005];[PASS] Combined Range Filter: diff=0.0092, ADX=37.50, mode=AND"
LINK-USDT,LONG,S3,کرونوس (Cronus),12.27600000,11.78496000,0.00000000,2026-09-06 17:46:39,OPEN,,,,,,10.00,,"[PASS] Candle Strength 15m: BS15=0.660 [>= 0.6];[PASS] Candle Strength 5m: BS5=0.660 [>= 0.6];[PASS] EMA Trend 1h: EMA21=12.19, EMA50=12.00;[PASS] EMA Trend 4h: EMA21=11.88, EMA50=11.64, EMA200=10.35;[PASS] RSI 30m: RSI=53.88;[FAIL] MACD 30m: MACD_hist=-0.0061;[FAIL] Smart Pullback: price=12.2760 EMA=12.2540 RSI=53.9 BS=0.660;[PASS] ADX: ADX=37.50 [>22], DI+=24.17, DI-=8.73;[PASS] CCI Momentum: CCI=95.16;[PASS] SAR: SAR=12.2522, price=12.2760;[FAIL] Stochastic: K=45.54 D=45.54;[FAIL] EMA Rejection: No rejection;[FAIL] Resistance Test: No test;[PASS] Pullback: Detected;[PASS] Double Top/Bottom: Pattern=double_top;[PASS] Range Filter: EMA diff=0.0092 [>0.005];[PASS] Combined Range Filter: diff=0.0092, ADX=37.50, mode=AND"
LINK-USDT,LONG,B1,هایپریون (Hyperion),12.27600000,11.78496000,0.00000000,2026-09-06 17:46:41,OPEN,,,,,,10.00,,"[PASS] Candle Strength 15m: BS15=0.660 [>= 0.6];[PASS] Candle Strength 5m: BS5=0.660 [>= 0.6];[PASS] EMA Trend 1h: EMA21=12.19, EMA50=12.00;[PASS] EMA Trend 4h: EMA21=11.88, EMA50=11.64, EMA200=10.35;[PASS] RSI 30m: RSI=53.88;[FAIL] MACD 30m: MACD_hist=-0.0061;[FAIL] Smart Pullback: price=12.2760 EMA=12.2540 RSI=53.9 BS=0.660;[PASS] ADX: ADX=37.50 [>22], DI+=24.17, DI-=8.73;[PASS] CCI Momentum: CCI=95.16;[PASS] SAR: SAR=12.2522, price=12.2760;[FAIL] Stochastic: K=45.54 D=45.54;[FAIL] EMA Rejection: No rejection;[FAIL] Resistance Test: No test;[PASS] Pullback: Detected;[PASS] Double Top/Bottom: Pattern=double_top;[PASS] Range Filter: EMA diff=0.0092 [>0.005];[PASS] Combined Range Filter: diff=0.0092, ADX=37.50, mode=OR"
INJ-USDT,LONG,S1,پرومتئوس (Prometheus),5.07100000,4.86816000,0.00000000,2026-09-06 17:46:43,OPEN,,,,,,10.00,,"[PASS] Candle Strength 15m: BS15=0.667 [>= 0.6];[PASS] Candle Strength 5m: BS5=0.667 [>= 0.6];[PASS] EMA Trend 1h: EMA21=5.05, EMA50=4.97;[FAIL] EMA Trend 4h: EMA21=4.96, EMA50=4.98, EMA200=4.89;[FAIL] RSI 30m: RSI=48.94;[FAIL] MACD 30m: MACD_hist=-0.0131;[PASS] Smart Pullback: price=5.0710 EMA=5.0867 RSI=48.9 BS=0.667;[PASS] ADX: ADX=31.46 [>22], DI+=26.57, DI-=20.15;[FAIL] CCI Momentum: CCI=-67.28;[PASS] SAR: SAR=5.0610, price=5.0710;[FAIL] Stochastic: K=19.58 D=19.58;[PASS] EMA Rejection: Rejected;[FAIL] Resistance Test: No test;[PASS] Pullback: Detected;[FAIL] Double Top/Bottom: No pattern;[PASS] Range Filter: EMA diff=0.0109 [>0.005];[PASS] Combined Range Filter: diff=0.0109, ADX=31.46, mode=AND"
INJ-USDT,LONG,B1,هایپریون (Hyperion),5.07100000,4.86816000,0.00000000,2026-09-06 17:46:45,OPEN,,,,,,10.00,,"[PASS] Candle Strength 15m: BS15=0.667 [>= 0.6];[PASS] Candle Strength 5m: BS5=0.667 [>= 0.6];[PASS] EMA Trend 1h: EMA21=5.05, EMA50=4.97;[FAIL] EMA Trend 4h: EMA21=4.96, EMA50=4.98, EMA200=4.89;[FAIL] RSI 30m: RSI=48.94;[FAIL] MACD 30m: MACD_hist=-0.0131;[PASS] Smart Pullback: price=5.0710 EMA=5.0867 RSI=48.9 BS=0.667;[PASS] ADX: ADX=31.46 [>22], DI+=26.57, DI-=20.15;[FAIL] CCI Momentum: CCI=-67.28;[PASS] SAR: SAR=5.0610, price=5.0710;[FAIL] Stochastic: K=19.58 D=19.58;[PASS] EMA Rejection: Rejected;[FAIL] Resistance Test: No test;[PASS] Pullback: Detected;[FAIL] Double Top/Bottom: No pattern;[PASS] Range Filter: EMA diff=0.0109 [>0.005];[PASS] Combined Range Filter: diff=0.0109, ADX=31.46, mode=OR"
TIA-USDT,LONG,S1,پرومتئوس (Prometheus),0.39420000,0.37843200,0.00000000,2026-09-06 17:46:46,OPEN,,,,,,10.00,,"[FAIL] Candle Strength 15m: BS15=0.000 [>= 0.6];[FAIL] Candle Strength 5m: BS5=0.000 [>= 0.6];[PASS] EMA Trend 1h: EMA21=0.39, EMA50=0.38;[PASS] EMA Trend 4h: EMA21=0.37, EMA50=0.36, EMA200=0.34;[PASS] RSI 30m: RSI=56.27;[FAIL] MACD 30m: MACD_hist=-0.0002;[FAIL] Smart Pullback: price=0.3942 EMA=0.3912 RSI=56.3 BS=0.000;[PASS] ADX: ADX=37.08 [>22], DI+=32.34, DI-=18.22;[PASS] CCI Momentum: CCI=52.91;[PASS] SAR: SAR=0.3913, price=0.3942;[FAIL] Stochastic: K=52.81 D=52.81;[FAIL] EMA Rejection: No rejection;[FAIL] Resistance Test: No test;[PASS] Pullback: Detected;[FAIL] Double Top/Bottom: No pattern;[PASS] Range Filter: EMA diff=0.0206 [>0.005];[PASS] Combined Range Filter: diff=0.0206, ADX=37.08, mode=AND"
OP-USDT,LONG,S1,پرومتئوس (Prometheus),0.10910000,0.10473600,0.00000000,2026-09-06 17:46:49,OPEN,,,,,,10.00,,"[FAIL] Candle Strength 15m: BS15=1.000 [too high - likely end of move];[FAIL] Candle Strength 5m: BS5=1.000 [too high];[PASS] EMA Trend 1h: EMA21=0.11, EMA50=0.11;[PASS] EMA Trend 4h: EMA21=0.10, EMA50=0.10, EMA200=0.09;[FAIL] RSI 30m: RSI=49.92;[FAIL] MACD 30m: MACD_hist=-0.0003;[FAIL] Smart Pullback: price=0.1091 EMA=0.1094 RSI=49.9 BS=1.000;[PASS] ADX: ADX=27.00 [>22], DI+=21.77, DI-=16.87;[FAIL] CCI Momentum: CCI=-36.89;[PASS] SAR: SAR=0.1085, price=0.1091;[FAIL] Stochastic: K=22.86 D=22.86;[PASS] EMA Rejection: Rejected;[FAIL] Resistance Test: No test;[PASS] Pullback: Detected;[FAIL] Double Top/Bottom: No pattern;[PASS] Range Filter: EMA diff=0.0166 [>0.005];[PASS] Combined Range Filter: diff=0.0166, ADX=27.00, mode=AND"
OP-USDT,LONG,B1,هایپریون (Hyperion),0.10910000,0.10473600,0.00000000,2026-09-06 17:47:06,OPEN,,,,,,10.00,,"[FAIL] Candle Strength 15m: BS15=1.000 [too high - likely end of move];[FAIL] Candle Strength 5m: BS5=1.000 [too high];[PASS] EMA Trend 1h: EMA21=0.11, EMA50=0.11;[PASS] EMA Trend 4h: EMA21=0.10, EMA50=0.10, EMA200=0.09;[FAIL] RSI 30m: RSI=49.92;[FAIL] MACD 30m: MACD_hist=-0.0003;[FAIL] Smart Pullback: price=0.1091 EMA=0.1094 RSI=49.9 BS=1.000;[PASS] ADX: ADX=27.00 [>22], DI+=21.77, DI-=16.87;[FAIL] CCI Momentum: CCI=-36.89;[PASS] SAR: SAR=0.1085, price=0.1091;[FAIL] Stochastic: K=22.86 D=22.86;[PASS] EMA Rejection: Rejected;[FAIL] Resistance Test: No test;[PASS] Pullback: Detected;[FAIL] Double Top/Bottom: No pattern;[PASS] Range Filter: EMA diff=0.0166 [>0.005];[PASS] Combined Range Filter: diff=0.0166, ADX=27.00, mode=OR"
NEAR-USDT,LONG,S1,پرومتئوس (Prometheus),2.41760000,2.32089600,0.00000000,2026-09-06 18:11:52,OPEN,,,,,,10.00,,"[FAIL] Candle Strength 15m: BS15=0.455 [>= 0.6];[FAIL] Candle Strength 5m: BS5=0.395 [>= 0.6];[PASS] EMA Trend 1h: EMA21=2.30, EMA50=2.21;[PASS] EMA Trend 4h: EMA21=2.16, EMA50=2.04, EMA200=1.84;[PASS] RSI 30m: RSI=62.31;[PASS] MACD 30m: MACD_hist=0.0044;[FAIL] Smart Pullback: price=2.4176 EMA=2.3440 RSI=62.3 BS=0.455;[PASS] ADX: ADX=42.69 [>22], DI+=29.93, DI-=9.56;[PASS] CCI Momentum: CCI=73.89;[PASS] SAR: SAR=2.3855, price=2.4176;[FAIL] Stochastic: K=68.57 D=68.57;[FAIL] EMA Rejection: No rejection;[FAIL] Resistance Test: No test;[PASS] Pullback: Detected;[FAIL] Double Top/Bottom: No pattern;[PASS] Range Filter: EMA diff=0.0270 [>0.005];[PASS] Combined Range Filter: diff=0.0270, ADX=42.69, mode=AND"
TIA-USDT,LONG,S3,کرونوس (Cronus),0.39140000,0.37574400,0.00000000,2026-09-06 18:11:56,OPEN,,,,,,10.00,,"[FAIL] Candle Strength 15m: BS15=0.250 [>= 0.6];[PASS] Candle Strength 5m: BS5=0.706 [>= 0.6];[PASS] EMA Trend 1h: EMA21=0.39, EMA50=0.38;[PASS] EMA Trend 4h: EMA21=0.37, EMA50=0.36, EMA200=0.34;[PASS] RSI 30m: RSI=52.71;[FAIL] MACD 30m: MACD_hist=-0.0008;[FAIL] Smart Pullback: price=0.3914 EMA=0.3909 RSI=52.7 BS=0.250;[PASS] ADX: ADX=34.11 [>22], DI+=26.90, DI-=24.83;[PASS] CCI Momentum: CCI=-17.25;[PASS] SAR: SAR=0.3886, price=0.3914;[FAIL] Stochastic: K=39.91 D=39.91;[PASS] EMA Rejection: Rejected;[FAIL] Resistance Test: No test;[PASS] Pullback: Detected;[FAIL] Double Top/Bottom: No pattern;[PASS] Range Filter: EMA diff=0.0194 [>0.005];[PASS] Combined Range Filter: diff=0.0194, ADX=34.11, mode=AND"
TIA-USDT,LONG,B1,هایپریون (Hyperion),0.39140000,0.37574400,0.00000000,2026-09-06 18:11:57,OPEN,,,,,,10.00,,"[FAIL] Candle Strength 15m: BS15=0.250 [>= 0.6];[PASS] Candle Strength 5m: BS5=0.706 [>= 0.6];[PASS] EMA Trend 1h: EMA21=0.39, EMA50=0.38;[PASS] EMA Trend 4h: EMA21=0.37, EMA50=0.36, EMA200=0.34;[PASS] RSI 30m: RSI=52.71;[FAIL] MACD 30m: MACD_hist=-0.0008;[FAIL] Smart Pullback: price=0.3914 EMA=0.3909 RSI=52.7 BS=0.250;[PASS] ADX: ADX=34.11 [>22], DI+=26.90, DI-=24.83;[PASS] CCI Momentum: CCI=-17.25;[PASS] SAR: SAR=0.3886, price=0.3914;[FAIL] Stochastic: K=39.91 D=39.91;[PASS] EMA Rejection: Rejected;[FAIL] Resistance Test: No test;[PASS] Pullback: Detected;[FAIL] Double Top/Bottom: No pattern;[PASS] Range Filter: EMA diff=0.0194 [>0.005];[PASS] Combined Range Filter: diff=0.0194, ADX=34.11, mode=OR"
OP-USDT,LONG,S3,کرونوس (Cronus),0.10780000,0.10348800,0.00000000,2026-09-06 18:11:59,OPEN,,,,,,10.00,,"[FAIL] Candle Strength 15m: BS15=0.125 [>= 0.6];[PASS] Candle Strength 5m: BS5=0.667 [>= 0.6];[PASS] EMA Trend 1h: EMA21=0.11, EMA50=0.11;[PASS] EMA Trend 4h: EMA21=0.10, EMA50=0.10, EMA200=0.09;[FAIL] RSI 30m: RSI=44.08;[FAIL] MACD 30m: MACD_hist=-0.0004;[FAIL] Smart Pullback: price=0.1078 EMA=0.1091 RSI=44.1 BS=0.125;[FAIL] ADX: ADX=25.25 [>22], DI+=18.68, DI-=24.61;[FAIL] CCI Momentum: CCI=-196.48;[PASS] SAR: SAR=0.1076, price=0.1078;[FAIL] Stochastic: K=27.27 D=27.27;[PASS] EMA Rejection: Rejected;[FAIL] Resistance Test: No test;[PASS] Pullback: Detected;[PASS] Double Top/Bottom: Pattern=double_top;[PASS] Range Filter: EMA diff=0.0148 [>0.005];[PASS] Combined Range Filter: diff=0.0148, ADX=25.25, mode=AND"
NEAR-USDT,LONG,S3,کرونوس (Cronus),2.37560000,2.28057600,0.00000000,2026-09-06 18:46:19,OPEN,,,,,,10.00,,"[FAIL] Candle Strength 15m: BS15=0.039 [>= 0.6];[FAIL] Candle Strength 5m: BS5=0.039 [>= 0.6];[PASS] EMA Trend 1h: EMA21=2.31, EMA50=2.22;[PASS] EMA Trend 4h: EMA21=2.16, EMA50=2.03, EMA200=1.84;[PASS] RSI 30m: RSI=56.57;[FAIL] MACD 30m: MACD_hist=-0.0001;[FAIL] Smart Pullback: price=2.3756 EMA=2.3456 RSI=56.6 BS=0.039;[PASS] ADX: ADX=42.85 [>22], DI+=27.19, DI-=10.36;[PASS] CCI Momentum: CCI=44.46;[PASS] SAR: SAR=2.3730, price=2.3756;[FAIL] Stochastic: K=48.05 D=48.05;[FAIL] EMA Rejection: No rejection;[FAIL] Resistance Test: No test;[PASS] Pullback: Detected;[FAIL] Double Top/Bottom: No pattern;[PASS] Range Filter: EMA diff=0.0268 [>0.005];[PASS] Combined Range Filter: diff=0.0268, ADX=42.85, mode=AND"
NEAR-USDT,LONG,B1,هایپریون (Hyperion),2.37560000,2.28057600,0.00000000,2026-09-06 18:46:21,OPEN,,,,,,10.00,,"[FAIL] Candle Strength 15m: BS15=0.039 [>= 0.6];[FAIL] Candle Strength 5m: BS5=0.039 [>= 0.6];[PASS] EMA Trend 1h: EMA21=2.31, EMA50=2.22;[PASS] EMA Trend 4h: EMA21=2.16, EMA50=2.03, EMA200=1.84;[PASS] RSI 30m: RSI=56.57;[FAIL] MACD 30m: MACD_hist=-0.0001;[FAIL] Smart Pullback: price=2.3756 EMA=2.3456 RSI=56.6 BS=0.039;[PASS] ADX: ADX=42.85 [>22], DI+=27.19, DI-=10.36;[PASS] CCI Momentum: CCI=44.46;[PASS] SAR: SAR=2.3730, price=2.3756;[FAIL] Stochastic: K=48.05 D=48.05;[FAIL] EMA Rejection: No rejection;[FAIL] Resistance Test: No test;[PASS] Pullback: Detected;[FAIL] Double Top/Bottom: No pattern;[PASS] Range Filter: EMA diff=0.0268 [>0.005];[PASS] Combined Range Filter: diff=0.0268, ADX=42.85, mode=OR"
INJ-USDT,LONG,B1,هایپریون (Hyperion),5.09900000,4.89504000,0.00000000,2026-09-06 18:46:25,OPEN,,,,,,10.00,,"[FAIL] Candle Strength 15m: BS15=1.000 [too high - likely end of move];[FAIL] Candle Strength 5m: BS5=1.000 [too high];[PASS] EMA Trend 1h: EMA21=5.06, EMA50=4.98;[FAIL] EMA Trend 4h: EMA21=4.96, EMA50=4.98, EMA200=4.89;[PASS] RSI 30m: RSI=53.78;[FAIL] MACD 30m: MACD_hist=-0.0106;[FAIL] Smart Pullback: price=5.0990 EMA=5.0847 RSI=53.8 BS=1.000;[FAIL] ADX: ADX=27.63 [>22], DI+=21.32, DI-=23.09;[FAIL] CCI Momentum: CCI=-35.32;[PASS] SAR: SAR=4.9993, price=5.0990;[FAIL] Stochastic: K=53.97 D=53.97;[PASS] EMA Rejection: Rejected;[FAIL] Resistance Test: No test;[PASS] Pullback: Detected;[FAIL] Double Top/Bottom: No pattern;[PASS] Range Filter: EMA diff=0.0098 [>0.005];[PASS] Combined Range Filter: diff=0.0098, ADX=27.63, mode=OR"
TIA-USDT,LONG,S3,کرونوس (Cronus),0.39250000,0.37680000,0.00000000,2026-09-06 18:46:26,OPEN,,,,,,10.00,,"[FAIL] Candle Strength 15m: BS15=0.000 [>= 0.6];[FAIL] Candle Strength 5m: BS5=0.000 [>= 0.6];[PASS] EMA Trend 1h: EMA21=0.39, EMA50=0.38;[PASS] EMA Trend 4h: EMA21=0.37, EMA50=0.36, EMA200=0.34;[PASS] RSI 30m: RSI=53.86;[FAIL] MACD 30m: MACD_hist=-0.0009;[FAIL] Smart Pullback: price=0.3925 EMA=0.3911 RSI=53.9 BS=0.000;[PASS] ADX: ADX=32.11 [>22], DI+=25.61, DI-=22.67;[PASS] CCI Momentum: CCI=9.77;[PASS] SAR: SAR=0.3841, price=0.3925;[FAIL] Stochastic: K=44.74 D=44.74;[PASS] EMA Rejection: Rejected;[FAIL] Resistance Test: No test;[PASS] Pullback: Detected;[FAIL] Double Top/Bottom: No pattern;[PASS] Range Filter: EMA diff=0.0190 [>0.005];[PASS] Combined Range Filter: diff=0.0190, ADX=32.11, mode=AND"
TIA-USDT,LONG,B1,هایپریون (Hyperion),0.39250000,0.37680000,0.00000000,2026-09-06 18:46:27,OPEN,,,,,,10.00,,"[FAIL] Candle Strength 15m: BS15=0.000 [>= 0.6];[FAIL] Candle Strength 5m: BS5=0.000 [>= 0.6];[PASS] EMA Trend 1h: EMA21=0.39, EMA50=0.38;[PASS] EMA Trend 4h: EMA21=0.37, EMA50=0.36, EMA200=0.34;[PASS] RSI 30m: RSI=53.86;[FAIL] MACD 30m: MACD_hist=-0.0009;[FAIL] Smart Pullback: price=0.3925 EMA=0.3911 RSI=53.9 BS=0.000;[PASS] ADX: ADX=32.11 [>22], DI+=25.61, DI-=22.67;[PASS] CCI Momentum: CCI=9.77;[PASS] SAR: SAR=0.3841, price=0.3925;[FAIL] Stochastic: K=44.74 D=44.74;[PASS] EMA Rejection: Rejected;[FAIL] Resistance Test: No test;[PASS] Pullback: Detected;[FAIL] Double Top/Bottom: No pattern;[PASS] Range Filter: EMA diff=0.0190 [>0.005];[PASS] Combined Range Filter: diff=0.0190, ADX=32.11, mode=OR"
NEAR-USDT,LONG,S3,کرونوس (Cronus),2.38620000,2.29075200,0.00000000,2026-09-06 19:11:48,OPEN,,,,,,10.00,,"[FAIL] Candle Strength 15m: BS15=0.411 [>= 0.6];[FAIL] Candle Strength 5m: BS5=0.254 [>= 0.6];[PASS] EMA Trend 1h: EMA21=2.31, EMA50=2.22;[PASS] EMA Trend 4h: EMA21=2.16, EMA50=2.03, EMA200=1.84;[PASS] RSI 30m: RSI=57.70;[FAIL] MACD 30m: MACD_hist=-0.0022;[FAIL] Smart Pullback: price=2.3862 EMA=2.3490 RSI=57.7 BS=0.411;[PASS] ADX: ADX=41.64 [>22], DI+=25.05, DI-=12.05;[PASS] CCI Momentum: CCI=35.85;[PASS] SAR: SAR=2.3426, price=2.3862;[FAIL] Stochastic: K=38.07 D=38.07;[FAIL] EMA Rejection: No rejection;[FAIL] Resistance Test: No test;[PASS] Pullback: Detected;[FAIL] Double Top/Bottom: No pattern;[PASS] Range Filter: EMA diff=0.0264 [>0.005];[PASS] Combined Range Filter: diff=0.0264, ADX=41.64, mode=AND"
NEAR-USDT,LONG,B1,هایپریون (Hyperion),2.38620000,2.29075200,0.00000000,2026-09-06 19:11:49,OPEN,,,,,,10.00,,"[FAIL] Candle Strength 15m: BS15=0.411 [>= 0.6];[FAIL] Candle Strength 5m: BS5=0.254 [>= 0.6];[PASS] EMA Trend 1h: EMA21=2.31, EMA50=2.22;[PASS] EMA Trend 4h: EMA21=2.16, EMA50=2.03, EMA200=1.84;[PASS] RSI 30m: RSI=57.70;[FAIL] MACD 30m: MACD_hist=-0.0022;[FAIL] Smart Pullback: price=2.3862 EMA=2.3490 RSI=57.7 BS=0.411;[PASS] ADX: ADX=41.64 [>22], DI+=25.05, DI-=12.05;[PASS] CCI Momentum: CCI=35.85;[PASS] SAR: SAR=2.3426, price=2.3862;[FAIL] Stochastic: K=38.07 D=38.07;[FAIL] EMA Rejection: No rejection;[FAIL] Resistance Test: No test;[PASS] Pullback: Detected;[FAIL] Double Top/Bottom: No pattern;[PASS] Range Filter: EMA diff=0.0264 [>0.005];[PASS] Combined Range Filter: diff=0.0264, ADX=41.64, mode=OR"
ATOM-USDT,LONG,S3,کرونوس (Cronus),1.57870000,1.51555200,0.00000000,2026-09-06 19:11:52,OPEN,,,,,,10.00,,"[FAIL] Candle Strength 15m: BS15=0.333 [>= 0.6];[FAIL] Candle Strength 5m: BS5=0.871 [too high];[PASS] EMA Trend 1h: EMA21=1.58, EMA50=1.55;[PASS] EMA Trend 4h: EMA21=1.54, EMA50=1.52, EMA200=1.46;[FAIL] RSI 30m: RSI=48.60;[FAIL] MACD 30m: MACD_hist=-0.0030;[FAIL] Smart Pullback: price=1.5787 EMA=1.5823 RSI=48.6 BS=0.333;[FAIL] ADX: ADX=25.38 [>22], DI+=17.38, DI-=29.45;[FAIL] CCI Momentum: CCI=-50.70;[PASS] SAR: SAR=1.5677, price=1.5787;[FAIL] Stochastic: K=43.53 D=43.53;[FAIL] EMA Rejection: No rejection;[FAIL] Resistance Test: No test;[PASS] Pullback: Detected;[FAIL] Double Top/Bottom: No pattern;[PASS] Range Filter: EMA diff=0.0066 [>0.005];[PASS] Combined Range Filter: diff=0.0066, ADX=25.38, mode=AND"
TIA-USDT,LONG,S3,کرونوس (Cronus),0.39540000,0.37958400,0.00000000,2026-09-06 19:11:54,OPEN,,,,,,10.00,,"[FAIL] Candle Strength 15m: BS15=0.953 [too high - likely end of move];[FAIL] Candle Strength 5m: BS5=1.000 [too high];[PASS] EMA Trend 1h: EMA21=0.39, EMA50=0.38;[PASS] EMA Trend 4h: EMA21=0.37, EMA50=0.36, EMA200=0.34;[PASS] RSI 30m: RSI=56.95;[FAIL] MACD 30m: MACD_hist=-0.0008;[FAIL] Smart Pullback: price=0.3954 EMA=0.3914 RSI=56.9 BS=0.953;[PASS] ADX: ADX=30.48 [>22], DI+=25.75, DI-=21.36;[PASS] CCI Momentum: CCI=30.85;[PASS] SAR: SAR=0.3891, price=0.3954;[FAIL] Stochastic: K=54.25 D=54.25;[PASS] EMA Rejection: Rejected;[FAIL] Resistance Test: No test;[PASS] Pullback: Detected;[PASS] Double Top/Bottom: Pattern=double_top;[PASS] Range Filter: EMA diff=0.0186 [>0.005];[PASS] Combined Range Filter: diff=0.0186, ADX=30.48, mode=AND"
TIA-USDT,LONG,B1,هایپریون (Hyperion),0.39540000,0.37958400,0.00000000,2026-09-06 19:11:56,OPEN,,,,,,10.00,,"[FAIL] Candle Strength 15m: BS15=0.953 [too high - likely end of move];[FAIL] Candle Strength 5m: BS5=1.000 [too high];[PASS] EMA Trend 1h: EMA21=0.39, EMA50=0.38;[PASS] EMA Trend 4h: EMA21=0.37, EMA50=0.36, EMA200=0.34;[PASS] RSI 30m: RSI=56.95;[FAIL] MACD 30m: MACD_hist=-0.0008;[FAIL] Smart Pullback: price=0.3954 EMA=0.3914 RSI=56.9 BS=0.953;[PASS] ADX: ADX=30.48 [>22], DI+=25.75, DI-=21.36;[PASS] CCI Momentum: CCI=30.85;[PASS] SAR: SAR=0.3891, price=0.3954;[FAIL] Stochastic: K=54.25 D=54.25;[PASS] EMA Rejection: Rejected;[FAIL] Resistance Test: No test;[PASS] Pullback: Detected;[PASS] Double Top/Bottom: Pattern=double_top;[PASS] Range Filter: EMA diff=0.0186 [>0.005];[PASS] Combined Range Filter: diff=0.0186, ADX=30.48, mode=OR"
OP-USDT,LONG,S3,کرونوس (Cronus),0.10880000,0.10444800,0.00000000,2026-09-06 19:11:58,OPEN,,,,,,10.00,,"[FAIL] Candle Strength 15m: BS15=0.875 [too high - likely end of move];[FAIL] Candle Strength 5m: BS5=0.000 [>= 0.6];[PASS] EMA Trend 1h: EMA21=0.11, EMA50=0.11;[PASS] EMA Trend 4h: EMA21=0.10, EMA50=0.10, EMA200=0.09;[FAIL] RSI 30m: RSI=49.44;[FAIL] MACD 30m: MACD_hist=-0.0003;[FAIL] Smart Pullback: price=0.1088 EMA=0.1091 RSI=49.4 BS=0.875;[FAIL] ADX: ADX=23.01 [>22], DI+=18.82, DI-=21.69;[FAIL] CCI Momentum: CCI=-72.11;[PASS] SAR: SAR=0.1071, price=0.1088;[FAIL] Stochastic: K=47.17 D=47.17;[PASS] EMA Rejection: Rejected;[FAIL] Resistance Test: No test;[PASS] Pullback: Detected;[FAIL] Double Top/Bottom: No pattern;[PASS] Range Filter: EMA diff=0.0132 [>0.005];[PASS] Combined Range Filter: diff=0.0132, ADX=23.01, mode=AND"
BTC-USDT,SHORT,S3,کرونوس (Cronus),79706.30000000,82894.55200000,0.00000000,2026-09-06 19:48:04,OPEN,,,,,,10.00,,"[FAIL] Candle Strength 15m: BS15=0.133 [>= 0.6];[FAIL] Candle Strength 5m: BS5=0.133 [>= 0.6];[FAIL] EMA Trend 1h: EMA21=79818.27, EMA50=79771.78;[FAIL] EMA Trend 4h: EMA21=79629.63, EMA50=78946.32, EMA200=72738.61;[PASS] RSI 30m: RSI=44.06;[PASS] MACD 30m: MACD_hist=-26.6601;[FAIL] Smart Pullback: price=79706.3000 EMA=79802.5229 RSI=44.1 BS=0.133;[PASS] ADX: ADX=23.16 [>22], DI+=13.47, DI-=33.08;[PASS] CCI Momentum: CCI=-84.46;[FAIL] SAR: SAR=79618.0580, price=79706.3000;[FAIL] Stochastic: K=61.15 D=61.15;[FAIL] EMA Rejection: No rejection;[PASS] Resistance Test: Tested;[PASS] Pullback: Detected;[FAIL] Double Top/Bottom: No pattern;[FAIL] Range Filter: EMA diff=0.0003 [>0.005];[PASS] Combined Range Filter: diff=0.0003, ADX=23.16, mode=AND"
LTC-USDT,LONG,S3,کرونوس (Cronus),54.70000000,52.51200000,0.00000000,2026-09-06 19:48:07,OPEN,,,,,,10.00,,"[PASS] Candle Strength 15m: BS15=0.750 [>= 0.6];[PASS] Candle Strength 5m: BS5=0.750 [>= 0.6];[PASS] EMA Trend 1h: EMA21=54.26, EMA50=53.44;[PASS] EMA Trend 4h: EMA21=52.85, EMA50=51.41, EMA200=48.47;[PASS] RSI 30m: RSI=57.40;[PASS] MACD 30m: MACD_hist=0.0299;[FAIL] Smart Pullback: price=54.7000 EMA=54.3522 RSI=57.4 BS=0.750;[FAIL] ADX: ADX=11.66 [>22], DI+=23.98, DI-=17.43;[FAIL] CCI Momentum: CCI=175.06;[PASS] SAR: SAR=54.1722, price=54.7000;[FAIL] Stochastic: K=92.55 D=92.55;[PASS] EMA Rejection: Rejected;[PASS] Resistance Test: Tested;[PASS] Pullback: Detected;[PASS] Double Top/Bottom: Pattern=double_bottom;[FAIL] Range Filter: EMA diff=0.0044 [>0.005];[PASS] Combined Range Filter: diff=0.0044, ADX=11.66, mode=AND"
LTC-USDT,LONG,B1,هایپریون (Hyperion),54.70000000,52.51200000,0.00000000,2026-09-06 19:48:08,OPEN,,,,,,10.00,,"[PASS] Candle Strength 15m: BS15=0.750 [>= 0.6];[PASS] Candle Strength 5m: BS5=0.750 [>= 0.6];[PASS] EMA Trend 1h: EMA21=54.26, EMA50=53.44;[PASS] EMA Trend 4h: EMA21=52.85, EMA50=51.41, EMA200=48.47;[PASS] RSI 30m: RSI=57.40;[PASS] MACD 30m: MACD_hist=0.0299;[FAIL] Smart Pullback: price=54.7000 EMA=54.3522 RSI=57.4 BS=0.750;[FAIL] ADX: ADX=11.66 [>22], DI+=23.98, DI-=17.43;[FAIL] CCI Momentum: CCI=175.06;[PASS] SAR: SAR=54.1722, price=54.7000;[FAIL] Stochastic: K=92.55 D=92.55;[PASS] EMA Rejection: Rejected;[PASS] Resistance Test: Tested;[PASS] Pullback: Detected;[PASS] Double Top/Bottom: Pattern=double_bottom;[FAIL] Range Filter: EMA diff=0.0044 [>0.005];[FAIL] Combined Range Filter: diff=0.0044, ADX=11.66, mode=OR"
NEAR-USDT,LONG,S3,کرونوس (Cronus),2.40780000,2.31148800,0.00000000,2026-09-06 19:48:11,OPEN,,,,,,10.00,,"[FAIL] Candle Strength 15m: BS15=0.519 [>= 0.6];[FAIL] Candle Strength 5m: BS5=0.519 [>= 0.6];[PASS] EMA Trend 1h: EMA21=2.32, EMA50=2.23;[PASS] EMA Trend 4h: EMA21=2.18, EMA50=2.05, EMA200=1.85;[PASS] RSI 30m: RSI=60.14;[FAIL] MACD 30m: MACD_hist=-0.0021;[FAIL] Smart Pullback: price=2.4078 EMA=2.3545 RSI=60.1 BS=0.519;[PASS] ADX: ADX=41.32 [>22], DI+=24.66, DI-=11.31;[PASS] CCI Momentum: CCI=66.99;[PASS] SAR: SAR=2.3546, price=2.4078;[FAIL] Stochastic: K=48.48 D=48.48;[FAIL] EMA Rejection: No rejection;[FAIL] Resistance Test: No test;[PASS] Pullback: Detected;[FAIL] Double Top/Bottom: No pattern;[PASS] Range Filter: EMA diff=0.0265 [>0.005];[PASS] Combined Range Filter: diff=0.0265, ADX=41.32, mode=AND"
NEAR-USDT,LONG,B1,هایپریون (Hyperion),2.40780000,2.31148800,0.00000000,2026-09-06 19:48:13,OPEN,,,,,,10.00,,"[FAIL] Candle Strength 15m: BS15=0.519 [>= 0.6];[FAIL] Candle Strength 5m: BS5=0.519 [>= 0.6];[PASS] EMA Trend 1h: EMA21=2.32, EMA50=2.23;[PASS] EMA Trend 4h: EMA21=2.18, EMA50=2.05, EMA200=1.85;[PASS] RSI 30m: RSI=60.14;[FAIL] MACD 30m: MACD_hist=-0.0021;[FAIL] Smart Pullback: price=2.4078 EMA=2.3545 RSI=60.1 BS=0.519;[PASS] ADX: ADX=41.32 [>22], DI+=24.66, DI-=11.31;[PASS] CCI Momentum: CCI=66.99;[PASS] SAR: SAR=2.3546, price=2.4078;[FAIL] Stochastic: K=48.48 D=48.48;[FAIL] EMA Rejection: No rejection;[FAIL] Resistance Test: No test;[PASS] Pullback: Detected;[FAIL] Double Top/Bottom: No pattern;[PASS] Range Filter: EMA diff=0.0265 [>0.005];[PASS] Combined Range Filter: diff=0.0265, ADX=41.32, mode=OR"
ATOM-USDT,LONG,S3,کرونوس (Cronus),1.58570000,1.52227200,0.00000000,2026-09-06 19:48:15,OPEN,,,,,,10.00,,"[FAIL] Candle Strength 15m: BS15=0.426 [>= 0.6];[FAIL] Candle Strength 5m: BS5=1.000 [too high];[PASS] EMA Trend 1h: EMA21=1.58, EMA50=1.56;[PASS] EMA Trend 4h: EMA21=1.54, EMA50=1.52, EMA200=1.46;[PASS] RSI 30m: RSI=53.05;[FAIL] MACD 30m: MACD_hist=-0.0022;[FAIL] Smart Pullback: price=1.5857 EMA=1.5829 RSI=53.1 BS=0.426;[FAIL] ADX: ADX=24.33 [>22], DI+=19.10, DI-=27.47;[FAIL] CCI Momentum: CCI=-26.14;[PASS] SAR: SAR=1.5780, price=1.5857;[FAIL] Stochastic: K=61.51 D=61.51;[PASS] EMA Rejection: Rejected;[PASS] Resistance Test: Tested;[PASS] Pullback: Detected;[PASS] Double Top/Bottom: Pattern=double_top;[PASS] Range Filter: EMA diff=0.0065 [>0.005];[PASS] Combined Range Filter: diff=0.0065, ADX=24.33, mode=AND"
ATOM-USDT,LONG,B1,هایپریون (Hyperion),1.58570000,1.52227200,0.00000000,2026-09-06 19:48:17,OPEN,,,,,,10.00,,"[FAIL] Candle Strength 15m: BS15=0.426 [>= 0.6];[FAIL] Candle Strength 5m: BS5=1.000 [too high];[PASS] EMA Trend 1h: EMA21=1.58, EMA50=1.56;[PASS] EMA Trend 4h: EMA21=1.54, EMA50=1.52, EMA200=1.46;[PASS] RSI 30m: RSI=53.05;[FAIL] MACD 30m: MACD_hist=-0.0022;[FAIL] Smart Pullback: price=1.5857 EMA=1.5829 RSI=53.1 BS=0.426;[FAIL] ADX: ADX=24.33 [>22], DI+=19.10, DI-=27.47;[FAIL] CCI Momentum: CCI=-26.14;[PASS] SAR: SAR=1.5780, price=1.5857;[FAIL] Stochastic: K=61.51 D=61.51;[PASS] EMA Rejection: Rejected;[PASS] Resistance Test: Tested;[PASS] Pullback: Detected;[PASS] Double Top/Bottom: Pattern=double_top;[PASS] Range Filter: EMA diff=0.0065 [>0.005];[PASS] Combined Range Filter: diff=0.0065, ADX=24.33, mode=OR"
INJ-USDT,LONG,S1,پرومتئوس (Prometheus),5.10400000,4.89984000,0.00000000,2026-09-06 19:48:20,OPEN,,,,,,10.00,,"[FAIL] Candle Strength 15m: BS15=1.000 [too high - likely end of move];[FAIL] Candle Strength 5m: BS5=1.000 [too high];[PASS] EMA Trend 1h: EMA21=5.06, EMA50=4.99;[FAIL] EMA Trend 4h: EMA21=4.98, EMA50=4.98, EMA200=4.89;[PASS] RSI 30m: RSI=53.18;[FAIL] MACD 30m: MACD_hist=-0.0050;[FAIL] Smart Pullback: price=5.1040 EMA=5.0906 RSI=53.2 BS=1.000;[PASS] ADX: ADX=25.27 [>22], DI+=24.35, DI-=18.89;[PASS] CCI Momentum: CCI=48.31;[PASS] SAR: SAR=5.0729, price=5.1040;[FAIL] Stochastic: K=56.61 D=56.61;[PASS] EMA Rejection: Rejected;[FAIL] Resistance Test: No test;[PASS] Pullback: Detected;[PASS] Double Top/Bottom: Pattern=double_top;[PASS] Range Filter: EMA diff=0.0097 [>0.005];[PASS] Combined Range Filter: diff=0.0097, ADX=25.27, mode=AND"
INJ-USDT,LONG,S3,کرونوس (Cronus),5.10400000,4.89984000,0.00000000,2026-09-06 19:48:38,OPEN,,,,,,10.00,,"[FAIL] Candle Strength 15m: BS15=1.000 [too high - likely end of move];[FAIL] Candle Strength 5m: BS5=1.000 [too high];[PASS] EMA Trend 1h: EMA21=5.06, EMA50=4.99;[FAIL] EMA Trend 4h: EMA21=4.98, EMA50=4.98, EMA200=4.89;[PASS] RSI 30m: RSI=53.18;[FAIL] MACD 30m: MACD_hist=-0.0050;[FAIL] Smart Pullback: price=5.1040 EMA=5.0906 RSI=53.2 BS=1.000;[PASS] ADX: ADX=25.27 [>22], DI+=24.35, DI-=18.89;[PASS] CCI Momentum: CCI=48.31;[PASS] SAR: SAR=5.0729, price=5.1040;[FAIL] Stochastic: K=56.61 D=56.61;[PASS] EMA Rejection: Rejected;[FAIL] Resistance Test: No test;[PASS] Pullback: Detected;[PASS] Double Top/Bottom: Pattern=double_top;[PASS] Range Filter: EMA diff=0.0097 [>0.005];[PASS] Combined Range Filter: diff=0.0097, ADX=25.27, mode=AND"
INJ-USDT,LONG,B1,هایپریون (Hyperion),5.10400000,4.89984000,0.00000000,2026-09-06 19:48:46,OPEN,,,,,,10.00,,"[FAIL] Candle Strength 15m: BS15=1.000 [too high - likely end of move];[FAIL] Candle Strength 5m: BS5=1.000 [too high];[PASS] EMA Trend 1h: EMA21=5.06, EMA50=4.99;[FAIL] EMA Trend 4h: EMA21=4.98, EMA50=4.98, EMA200=4.89;[PASS] RSI 30m: RSI=53.18;[FAIL] MACD 30m: MACD_hist=-0.0050;[FAIL] Smart Pullback: price=5.1040 EMA=5.0906 RSI=53.2 BS=1.000;[PASS] ADX: ADX=25.27 [>22], DI+=24.35, DI-=18.89;[PASS] CCI Momentum: CCI=48.31;[PASS] SAR: SAR=5.0729, price=5.1040;[FAIL] Stochastic: K=56.61 D=56.61;[PASS] EMA Rejection: Rejected;[FAIL] Resistance Test: No test;[PASS] Pullback: Detected;[PASS] Double Top/Bottom: Pattern=double_top;[PASS] Range Filter: EMA diff=0.0097 [>0.005];[PASS] Combined Range Filter: diff=0.0097, ADX=25.27, mode=OR"
TIA-USDT,LONG,S1,پرومتئوس (Prometheus),0.39650000,0.38064000,0.00000000,2026-09-06 19:48:47,OPEN,,,,,,10.00,,"[FAIL] Candle Strength 15m: BS15=0.333 [>= 0.6];[FAIL] Candle Strength 5m: BS5=0.333 [>= 0.6];[PASS] EMA Trend 1h: EMA21=0.39, EMA50=0.38;[PASS] EMA Trend 4h: EMA21=0.37, EMA50=0.36, EMA200=0.34;[PASS] RSI 30m: RSI=58.05;[FAIL] MACD 30m: MACD_hist=-0.0006;[FAIL] Smart Pullback: price=0.3965 EMA=0.3920 RSI=58.0 BS=0.333;[PASS] ADX: ADX=29.41 [>22], DI+=26.79, DI-=20.47;[PASS] CCI Momentum: CCI=52.84;[PASS] SAR: SAR=0.3912, price=0.3965;[FAIL] Stochastic: K=59.43 D=59.43;[PASS] EMA Rejection: Rejected;[FAIL] Resistance Test: No test;[PASS] Pullback: Detected;[FAIL] Double Top/Bottom: No pattern;[PASS] Range Filter: EMA diff=0.0186 [>0.005];[PASS] Combined Range Filter: diff=0.0186, ADX=29.41, mode=AND"
TIA-USDT,LONG,S3,کرونوس (Cronus),0.39650000,0.38064000,0.00000000,2026-09-06 19:48:49,OPEN,,,,,,10.00,,"[FAIL] Candle Strength 15m: BS15=0.333 [>= 0.6];[FAIL] Candle Strength 5m: BS5=0.333 [>= 0.6];[PASS] EMA Trend 1h: EMA21=0.39, EMA50=0.38;[PASS] EMA Trend 4h: EMA21=0.37, EMA50=0.36, EMA200=0.34;[PASS] RSI 30m: RSI=58.05;[FAIL] MACD 30m: MACD_hist=-0.0006;[FAIL] Smart Pullback: price=0.3965 EMA=0.3920 RSI=58.0 BS=0.333;[PASS] ADX: ADX=29.41 [>22], DI+=26.79, DI-=20.47;[PASS] CCI Momentum: CCI=52.84;[PASS] SAR: SAR=0.3912, price=0.3965;[FAIL] Stochastic: K=59.43 D=59.43;[PASS] EMA Rejection: Rejected;[FAIL] Resistance Test: No test;[PASS] Pullback: Detected;[FAIL] Double Top/Bottom: No pattern;[PASS] Range Filter: EMA diff=0.0186 [>0.005];[PASS] Combined Range Filter: diff=0.0186, ADX=29.41, mode=AND"
TIA-USDT,LONG,B1,هایپریون (Hyperion),0.39650000,0.38064000,0.00000000,2026-09-06 19:48:50,OPEN,,,,,,10.00,,"[FAIL] Candle Strength 15m: BS15=0.333 [>= 0.6];[FAIL] Candle Strength 5m: BS5=0.333 [>= 0.6];[PASS] EMA Trend 1h: EMA21=0.39, EMA50=0.38;[PASS] EMA Trend 4h: EMA21=0.37, EMA50=0.36, EMA200=0.34;[PASS] RSI 30m: RSI=58.05;[FAIL] MACD 30m: MACD_hist=-0.0006;[FAIL] Smart Pullback: price=0.3965 EMA=0.3920 RSI=58.0 BS=0.333;[PASS] ADX: ADX=29.41 [>22], DI+=26.79, DI-=20.47;[PASS] CCI Momentum: CCI=52.84;[PASS] SAR: SAR=0.3912, price=0.3965;[FAIL] Stochastic: K=59.43 D=59.43;[PASS] EMA Rejection: Rejected;[FAIL] Resistance Test: No test;[PASS] Pullback: Detected;[FAIL] Double Top/Bottom: No pattern;[PASS] Range Filter: EMA diff=0.0186 [>0.005];[PASS] Combined Range Filter: diff=0.0186, ADX=29.41, mode=OR"
OP-USDT,LONG,S3,کرونوس (Cronus),0.10950000,0.10512000,0.00000000,2026-09-06 19:48:53,OPEN,,,,,,10.00,,"[FAIL] Candle Strength 15m: BS15=1.000 [too high - likely end of move];[FAIL] Candle Strength 5m: BS5=1.000 [too high];[PASS] EMA Trend 1h: EMA21=0.11, EMA50=0.11;[PASS] EMA Trend 4h: EMA21=0.10, EMA50=0.10, EMA200=0.09;[PASS] RSI 30m: RSI=53.06;[FAIL] MACD 30m: MACD_hist=-0.0002;[FAIL] Smart Pullback: price=0.1095 EMA=0.1091 RSI=53.1 BS=1.000;[FAIL] ADX: ADX=21.23 [>22], DI+=20.86, DI-=20.23;[FAIL] CCI Momentum: CCI=-23.53;[PASS] SAR: SAR=0.1080, price=0.1095;[FAIL] Stochastic: K=62.75 D=62.75;[PASS] EMA Rejection: Rejected;[FAIL] Resistance Test: No test;[PASS] Pullback: Detected;[FAIL] Double Top/Bottom: No pattern;[PASS] Range Filter: EMA diff=0.0128 [>0.005];[PASS] Combined Range Filter: diff=0.0128, ADX=21.23, mode=AND"
OP-USDT,LONG,B1,هایپریون (Hyperion),0.10950000,0.10512000,0.00000000,2026-09-06 19:48:55,OPEN,,,,,,10.00,,"[FAIL] Candle Strength 15m: BS15=1.000 [too high - likely end of move];[FAIL] Candle Strength 5m: BS5=1.000 [too high];[PASS] EMA Trend 1h: EMA21=0.11, EMA50=0.11;[PASS] EMA Trend 4h: EMA21=0.10, EMA50=0.10, EMA200=0.09;[PASS] RSI 30m: RSI=53.06;[FAIL] MACD 30m: MACD_hist=-0.0002;[FAIL] Smart Pullback: price=0.1095 EMA=0.1091 RSI=53.1 BS=1.000;[FAIL] ADX: ADX=21.23 [>22], DI+=20.86, DI-=20.23;[FAIL] CCI Momentum: CCI=-23.53;[PASS] SAR: SAR=0.1080, price=0.1095;[FAIL] Stochastic: K=62.75 D=62.75;[PASS] EMA Rejection: Rejected;[FAIL] Resistance Test: No test;[PASS] Pullback: Detected;[FAIL] Double Top/Bottom: No pattern;[PASS] Range Filter: EMA diff=0.0128 [>0.005];[FAIL] Combined Range Filter: diff=0.0128, ADX=21.23, mode=OR"
SUI-USDT,LONG,B1,هایپریون (Hyperion),0.80040000,0.76838400,0.00000000,2026-09-06 20:12:33,OPEN,,,,,,10.00,,"[FAIL] Candle Strength 15m: BS15=0.500 [>= 0.6];[FAIL] Candle Strength 5m: BS5=0.500 [>= 0.6];[PASS] EMA Trend 1h: EMA21=0.80, EMA50=0.79;[PASS] EMA Trend 4h: EMA21=0.78, EMA50=0.77, EMA200=0.73;[PASS] RSI 30m: RSI=54.55;[FAIL] MACD 30m: MACD_hist=-0.0001;[FAIL] Smart Pullback: price=0.8004 EMA=0.7965 RSI=54.5 BS=0.500;[FAIL] ADX: ADX=16.32 [>22], DI+=24.48, DI-=17.93;[PASS] CCI Momentum: CCI=64.50;[PASS] SAR: SAR=0.7898, price=0.8004;[FAIL] Stochastic: K=69.70 D=69.70;[PASS] EMA Rejection: Rejected;[FAIL] Resistance Test: No test;[PASS] Pullback: Detected;[FAIL] Double Top/Bottom: No pattern;[FAIL] Range Filter: EMA diff=0.0021 [>0.005];[FAIL] Combined Range Filter: diff=0.0021, ADX=16.32, mode=OR"
NEAR-USDT,LONG,S1,پرومتئوس (Prometheus),2.43980000,2.34220800,0.00000000,2026-09-06 20:12:34,OPEN,,,,,,10.00,,"[FAIL] Candle Strength 15m: BS15=0.161 [>= 0.6];[FAIL] Candle Strength 5m: BS5=0.419 [>= 0.6];[PASS] EMA Trend 1h: EMA21=2.32, EMA50=2.23;[PASS] EMA Trend 4h: EMA21=2.18, EMA50=2.05, EMA200=1.85;[PASS] RSI 30m: RSI=63.00;[FAIL] MACD 30m: MACD_hist=0.0009;[FAIL] Smart Pullback: price=2.4398 EMA=2.3653 RSI=63.0 BS=0.161;[PASS] ADX: ADX=42.04 [>22], DI+=27.63, DI-=10.51;[FAIL] CCI Momentum: CCI=124.23;[PASS] SAR: SAR=2.3855, price=2.4398;[FAIL] Stochastic: K=69.59 D=69.59;[FAIL] EMA Rejection: No rejection;[FAIL] Resistance Test: No test;[PASS] Pullback: Detected;[PASS] Double Top/Bottom: Pattern=double_bottom;[PASS] Range Filter: EMA diff=0.0276 [>0.005];[PASS] Combined Range Filter: diff=0.0276, ADX=42.04, mode=AND"
NEAR-USDT,LONG,S3,کرونوس (Cronus),2.43980000,2.34220800,0.00000000,2026-09-06 20:12:35,OPEN,,,,,,10.00,,"[FAIL] Candle Strength 15m: BS15=0.161 [>= 0.6];[FAIL] Candle Strength 5m: BS5=0.419 [>= 0.6];[PASS] EMA Trend 1h: EMA21=2.32, EMA50=2.23;[PASS] EMA Trend 4h: EMA21=2.18, EMA50=2.05, EMA200=1.85;[PASS] RSI 30m: RSI=63.00;[FAIL] MACD 30m: MACD_hist=0.0009;[FAIL] Smart Pullback: price=2.4398 EMA=2.3653 RSI=63.0 BS=0.161;[PASS] ADX: ADX=42.04 [>22], DI+=27.63, DI-=10.51;[FAIL] CCI Momentum: CCI=124.23;[PASS] SAR: SAR=2.3855, price=2.4398;[FAIL] Stochastic: K=69.59 D=69.59;[FAIL] EMA Rejection: No rejection;[FAIL] Resistance Test: No test;[PASS] Pullback: Detected;[PASS] Double Top/Bottom: Pattern=double_bottom;[PASS] Range Filter: EMA diff=0.0276 [>0.005];[PASS] Combined Range Filter: diff=0.0276, ADX=42.04, mode=AND"
NEAR-USDT,LONG,B1,هایپریون (Hyperion),2.43980000,2.34220800,0.00000000,2026-09-06 20:12:37,OPEN,,,,,,10.00,,"[FAIL] Candle Strength 15m: BS15=0.161 [>= 0.6];[FAIL] Candle Strength 5m: BS5=0.419 [>= 0.6];[PASS] EMA Trend 1h: EMA21=2.32, EMA50=2.23;[PASS] EMA Trend 4h: EMA21=2.18, EMA50=2.05, EMA200=1.85;[PASS] RSI 30m: RSI=63.00;[FAIL] MACD 30m: MACD_hist=0.0009;[FAIL] Smart Pullback: price=2.4398 EMA=2.3653 RSI=63.0 BS=0.161;[PASS] ADX: ADX=42.04 [>22], DI+=27.63, DI-=10.51;[FAIL] CCI Momentum: CCI=124.23;[PASS] SAR: SAR=2.3855, price=2.4398;[FAIL] Stochastic: K=69.59 D=69.59;[FAIL] EMA Rejection: No rejection;[FAIL] Resistance Test: No test;[PASS] Pullback: Detected;[PASS] Double Top/Bottom: Pattern=double_bottom;[PASS] Range Filter: EMA diff=0.0276 [>0.005];[PASS] Combined Range Filter: diff=0.0276, ADX=42.04, mode=OR"
ADA-USDT,LONG,B1,هایپریون (Hyperion),0.21880000,0.21004800,0.00000000,2026-09-06 20:12:38,OPEN,,,,,,10.00,,"[FAIL] Candle Strength 15m: BS15=0.000 [>= 0.6];[FAIL] Candle Strength 5m: BS5=0.333 [>= 0.6];[PASS] EMA Trend 1h: EMA21=0.22, EMA50=0.22;[PASS] EMA Trend 4h: EMA21=0.22, EMA50=0.21, EMA200=0.20;[FAIL] RSI 30m: RSI=48.57;[FAIL] MACD 30m: MACD_hist=-0.0001;[FAIL] Smart Pullback: price=0.2188 EMA=0.2191 RSI=48.6 BS=0.000;[FAIL] ADX: ADX=20.30 [>22], DI+=16.69, DI-=20.93;[PASS] CCI Momentum: CCI=-7.77;[PASS] SAR: SAR=0.2171, price=0.2188;[FAIL] Stochastic: K=53.23 D=53.23;[PASS] EMA Rejection: Rejected;[PASS] Resistance Test: Tested;[PASS] Pullback: Detected;[PASS] Double Top/Bottom: Pattern=double_bottom;[FAIL] Range Filter: EMA diff=0.0013 [>0.005];[FAIL] Combined Range Filter: diff=0.0013, ADX=20.30, mode=OR"
LINK-USDT,LONG,S1,پرومتئوس (Prometheus),12.35320000,11.85907200,0.00000000,2026-09-06 20:12:57,OPEN,,,,,,10.00,,"[FAIL] Candle Strength 15m: BS15=0.495 [>= 0.6];[PASS] Candle Strength 5m: BS5=0.708 [>= 0.6];[PASS] EMA Trend 1h: EMA21=12.20, EMA50=12.02;[PASS] EMA Trend 4h: EMA21=11.92, EMA50=11.66, EMA200=10.36;[PASS] RSI 30m: RSI=59.41;[FAIL] MACD 30m: MACD_hist=-0.0042;[FAIL] Smart Pullback: price=12.3532 EMA=12.2508 RSI=59.4 BS=0.495;[PASS] ADX: ADX=28.23 [>22], DI+=23.68, DI-=15.12;[FAIL] CCI Momentum: CCI=127.57;[PASS] SAR: SAR=12.2050, price=12.3532;[FAIL] Stochastic: K=85.97 D=85.97;[PASS] EMA Rejection: Rejected;[PASS] Resistance Test: Tested;[PASS] Pullback: Detected;[PASS] Double Top/Bottom: Pattern=double_bottom;[PASS] Range Filter: EMA diff=0.0074 [>0.005];[PASS] Combined Range Filter: diff=0.0074, ADX=28.23, mode=AND"
LINK-USDT,LONG,S3,کرونوس (Cronus),12.35320000,11.85907200,0.00000000,2026-09-06 20:13:10,OPEN,,,,,,10.00,,"[FAIL] Candle Strength 15m: BS15=0.495 [>= 0.6];[PASS] Candle Strength 5m: BS5=0.708 [>= 0.6];[PASS] EMA Trend 1h: EMA21=12.20, EMA50=12.02;[PASS] EMA Trend 4h: EMA21=11.92, EMA50=11.66, EMA200=10.36;[PASS] RSI 30m: RSI=59.41;[FAIL] MACD 30m: MACD_hist=-0.0042;[FAIL] Smart Pullback: price=12.3532 EMA=12.2508 RSI=59.4 BS=0.495;[PASS] ADX: ADX=28.23 [>22], DI+=23.68, DI-=15.12;[FAIL] CCI Momentum: CCI=127.57;[PASS] SAR: SAR=12.2050, price=12.3532;[FAIL] Stochastic: K=85.97 D=85.97;[PASS] EMA Rejection: Rejected;[PASS] Resistance Test: Tested;[PASS] Pullback: Detected;[PASS] Double Top/Bottom: Pattern=double_bottom;[PASS] Range Filter: EMA diff=0.0074 [>0.005];[PASS] Combined Range Filter: diff=0.0074, ADX=28.23, mode=AND"
LINK-USDT,LONG,B1,هایپریون (Hyperion),12.35320000,11.85907200,0.00000000,2026-09-06 20:13:11,OPEN,,,,,,10.00,,"[FAIL] Candle Strength 15m: BS15=0.495 [>= 0.6];[PASS] Candle Strength 5m: BS5=0.708 [>= 0.6];[PASS] EMA Trend 1h: EMA21=12.20, EMA50=12.02;[PASS] EMA Trend 4h: EMA21=11.92, EMA50=11.66, EMA200=10.36;[PASS] RSI 30m: RSI=59.41;[FAIL] MACD 30m: MACD_hist=-0.0042;[FAIL] Smart Pullback: price=12.3532 EMA=12.2508 RSI=59.4 BS=0.495;[PASS] ADX: ADX=28.23 [>22], DI+=23.68, DI-=15.12;[FAIL] CCI Momentum: CCI=127.57;[PASS] SAR: SAR=12.2050, price=12.3532;[FAIL] Stochastic: K=85.97 D=85.97;[PASS] EMA Rejection: Rejected;[PASS] Resistance Test: Tested;[PASS] Pullback: Detected;[PASS] Double Top/Bottom: Pattern=double_bottom;[PASS] Range Filter: EMA diff=0.0074 [>0.005];[PASS] Combined Range Filter: diff=0.0074, ADX=28.23, mode=OR"
ATOM-USDT,LONG,S3,کرونوس (Cronus),1.59310000,1.52937600,0.00000000,2026-09-06 20:13:13,OPEN,,,,,,10.00,,"[FAIL] Candle Strength 15m: BS15=1.000 [too high - likely end of move];[FAIL] Candle Strength 5m: BS5=1.000 [too high];[PASS] EMA Trend 1h: EMA21=1.58, EMA50=1.56;[PASS] EMA Trend 4h: EMA21=1.55, EMA50=1.52, EMA200=1.46;[PASS] RSI 30m: RSI=57.43;[FAIL] MACD 30m: MACD_hist=-0.0012;[FAIL] Smart Pullback: price=1.5931 EMA=1.5838 RSI=57.4 BS=1.000;[FAIL] ADX: ADX=22.99 [>22], DI+=23.28, DI-=26.01;[PASS] CCI Momentum: CCI=28.23;[PASS] SAR: SAR=1.5806, price=1.5931;[FAIL] Stochastic: K=78.66 D=78.66;[PASS] EMA Rejection: Rejected;[PASS] Resistance Test: Tested;[PASS] Pullback: Detected;[PASS] Double Top/Bottom: Pattern=double_top;[PASS] Range Filter: EMA diff=0.0065 [>0.005];[PASS] Combined Range Filter: diff=0.0065, ADX=22.99, mode=AND"
ATOM-USDT,LONG,B1,هایپریون (Hyperion),1.59310000,1.52937600,0.00000000,2026-09-06 20:13:14,OPEN,,,,,,10.00,,"[FAIL] Candle Strength 15m: BS15=1.000 [too high - likely end of move];[FAIL] Candle Strength 5m: BS5=1.000 [too high];[PASS] EMA Trend 1h: EMA21=1.58, EMA50=1.56;[PASS] EMA Trend 4h: EMA21=1.55, EMA50=1.52, EMA200=1.46;[PASS] RSI 30m: RSI=57.43;[FAIL] MACD 30m: MACD_hist=-0.0012;[FAIL] Smart Pullback: price=1.5931 EMA=1.5838 RSI=57.4 BS=1.000;[FAIL] ADX: ADX=22.99 [>22], DI+=23.28, DI-=26.01;[PASS] CCI Momentum: CCI=28.23;[PASS] SAR: SAR=1.5806, price=1.5931;[FAIL] Stochastic: K=78.66 D=78.66;[PASS] EMA Rejection: Rejected;[PASS] Resistance Test: Tested;[PASS] Pullback: Detected;[PASS] Double Top/Bottom: Pattern=double_top;[PASS] Range Filter: EMA diff=0.0065 [>0.005];[PASS] Combined Range Filter: diff=0.0065, ADX=22.99, mode=OR"
INJ-USDT,LONG,S3,کرونوس (Cronus),5.17400000,4.96704000,0.00000000,2026-09-06 20:13:17,OPEN,,,,,,10.00,,"[FAIL] Candle Strength 15m: BS15=0.955 [too high - likely end of move];[PASS] Candle Strength 5m: BS5=0.783 [>= 0.6];[PASS] EMA Trend 1h: EMA21=5.07, EMA50=4.99;[FAIL] EMA Trend 4h: EMA21=4.98, EMA50=4.99, EMA200=4.89;[PASS] RSI 30m: RSI=61.36;[FAIL] MACD 30m: MACD_hist=0.0003;[FAIL] Smart Pullback: price=5.1740 EMA=5.0988 RSI=61.4 BS=0.955;[PASS] ADX: ADX=24.63 [>22], DI+=23.32, DI-=16.77;[FAIL] CCI Momentum: CCI=110.26;[PASS] SAR: SAR=5.0849, price=5.1740;[FAIL] Stochastic: K=98.33 D=98.33;[PASS] EMA Rejection: Rejected;[FAIL] Resistance Test: No test;[PASS] Pullback: Detected;[FAIL] Double Top/Bottom: No pattern;[PASS] Range Filter: EMA diff=0.0100 [>0.005];[PASS] Combined Range Filter: diff=0.0100, ADX=24.63, mode=AND"
INJ-USDT,LONG,B1,هایپریون (Hyperion),5.17400000,4.96704000,0.00000000,2026-09-06 20:13:18,OPEN,,,,,,10.00,,"[FAIL] Candle Strength 15m: BS15=0.955 [too high - likely end of move];[PASS] Candle Strength 5m: BS5=0.783 [>= 0.6];[PASS] EMA Trend 1h: EMA21=5.07, EMA50=4.99;[FAIL] EMA Trend 4h: EMA21=4.98, EMA50=4.99, EMA200=4.89;[PASS] RSI 30m: RSI=61.36;[FAIL] MACD 30m: MACD_hist=0.0003;[FAIL] Smart Pullback: price=5.1740 EMA=5.0988 RSI=61.4 BS=0.955;[PASS] ADX: ADX=24.63 [>22], DI+=23.32, DI-=16.77;[FAIL] CCI Momentum: CCI=110.26;[PASS] SAR: SAR=5.0849, price=5.1740;[FAIL] Stochastic: K=98.33 D=98.33;[PASS] EMA Rejection: Rejected;[FAIL] Resistance Test: No test;[PASS] Pullback: Detected;[FAIL] Double Top/Bottom: No pattern;[PASS] Range Filter: EMA diff=0.0100 [>0.005];[PASS] Combined Range Filter: diff=0.0100, ADX=24.63, mode=OR"
TIA-USDT,LONG,S1,پرومتئوس (Prometheus),0.39770000,0.38179200,0.00000000,2026-09-06 20:13:20,OPEN,,,,,,10.00,,"[FAIL] Candle Strength 15m: BS15=0.222 [>= 0.6];[FAIL] Candle Strength 5m: BS5=0.143 [>= 0.6];[PASS] EMA Trend 1h: EMA21=0.39, EMA50=0.38;[PASS] EMA Trend 4h: EMA21=0.37, EMA50=0.36, EMA200=0.34;[PASS] RSI 30m: RSI=58.62;[FAIL] MACD 30m: MACD_hist=-0.0004;[FAIL] Smart Pullback: price=0.3977 EMA=0.3927 RSI=58.6 BS=0.222;[PASS] ADX: ADX=28.91 [>22], DI+=28.07, DI-=19.44;[PASS] CCI Momentum: CCI=69.09;[PASS] SAR: SAR=0.3949, price=0.3977;[FAIL] Stochastic: K=65.09 D=65.09;[PASS] EMA Rejection: Rejected;[FAIL] Resistance Test: No test;[PASS] Pullback: Detected;[FAIL] Double Top/Bottom: No pattern;[PASS] Range Filter: EMA diff=0.0188 [>0.005];[PASS] Combined Range Filter: diff=0.0188, ADX=28.91, mode=AND"
TIA-USDT,LONG,S3,کرونوس (Cronus),0.39770000,0.38179200,0.00000000,2026-09-06 20:13:21,OPEN,,,,,,10.00,,"[FAIL] Candle Strength 15m: BS15=0.222 [>= 0.6];[FAIL] Candle Strength 5m: BS5=0.143 [>= 0.6];[PASS] EMA Trend 1h: EMA21=0.39, EMA50=0.38;[PASS] EMA Trend 4h: EMA21=0.37, EMA50=0.36, EMA200=0.34;[PASS] RSI 30m: RSI=58.62;[FAIL] MACD 30m: MACD_hist=-0.0004;[FAIL] Smart Pullback: price=0.3977 EMA=0.3927 RSI=58.6 BS=0.222;[PASS] ADX: ADX=28.91 [>22], DI+=28.07, DI-=19.44;[PASS] CCI Momentum: CCI=69.09;[PASS] SAR: SAR=0.3949, price=0.3977;[FAIL] Stochastic: K=65.09 D=65.09;[PASS] EMA Rejection: Rejected;[FAIL] Resistance Test: No test;[PASS] Pullback: Detected;[FAIL] Double Top/Bottom: No pattern;[PASS] Range Filter: EMA diff=0.0188 [>0.005];[PASS] Combined Range Filter: diff=0.0188, ADX=28.91, mode=AND"
TIA-USDT,LONG,B1,هایپریون (Hyperion),0.39770000,0.38179200,0.00000000,2026-09-06 20:13:23,OPEN,,,,,,10.00,,"[FAIL] Candle Strength 15m: BS15=0.222 [>= 0.6];[FAIL] Candle Strength 5m: BS5=0.143 [>= 0.6];[PASS] EMA Trend 1h: EMA21=0.39, EMA50=0.38;[PASS] EMA Trend 4h: EMA21=0.37, EMA50=0.36, EMA200=0.34;[PASS] RSI 30m: RSI=58.62;[FAIL] MACD 30m: MACD_hist=-0.0004;[FAIL] Smart Pullback: price=0.3977 EMA=0.3927 RSI=58.6 BS=0.222;[PASS] ADX: ADX=28.91 [>22], DI+=28.07, DI-=19.44;[PASS] CCI Momentum: CCI=69.09;[PASS] SAR: SAR=0.3949, price=0.3977;[FAIL] Stochastic: K=65.09 D=65.09;[PASS] EMA Rejection: Rejected;[FAIL] Resistance Test: No test;[PASS] Pullback: Detected;[FAIL] Double Top/Bottom: No pattern;[PASS] Range Filter: EMA diff=0.0188 [>0.005];[PASS] Combined Range Filter: diff=0.0188, ADX=28.91, mode=OR"
OP-USDT,LONG,S3,کرونوس (Cronus),0.11070000,0.10627200,0.00000000,2026-09-06 20:13:25,OPEN,,,,,,10.00,,"[PASS] Candle Strength 15m: BS15=0.727 [>= 0.6];[FAIL] Candle Strength 5m: BS5=1.000 [too high];[PASS] EMA Trend 1h: EMA21=0.11, EMA50=0.11;[PASS] EMA Trend 4h: EMA21=0.10, EMA50=0.10, EMA200=0.09;[PASS] RSI 30m: RSI=58.30;[FAIL] MACD 30m: MACD_hist=-0.0000;[FAIL] Smart Pullback: price=0.1107 EMA=0.1093 RSI=58.3 BS=0.727;[FAIL] ADX: ADX=21.54 [>22], DI+=25.78, DI-=18.37;[PASS] CCI Momentum: CCI=75.22;[PASS] SAR: SAR=0.1085, price=0.1107;[FAIL] Stochastic: K=86.27 D=86.27;[PASS] EMA Rejection: Rejected;[FAIL] Resistance Test: No test;[PASS] Pullback: Detected;[FAIL] Double Top/Bottom: No pattern;[PASS] Range Filter: EMA diff=0.0132 [>0.005];[PASS] Combined Range Filter: diff=0.0132, ADX=21.54, mode=AND"
OP-USDT,LONG,B1,هایپریون (Hyperion),0.11070000,0.10627200,0.00000000,2026-09-06 20:13:27,OPEN,,,,,,10.00,,"[PASS] Candle Strength 15m: BS15=0.727 [>= 0.6];[FAIL] Candle Strength 5m: BS5=1.000 [too high];[PASS] EMA Trend 1h: EMA21=0.11, EMA50=0.11;[PASS] EMA Trend 4h: EMA21=0.10, EMA50=0.10, EMA200=0.09;[PASS] RSI 30m: RSI=58.30;[FAIL] MACD 30m: MACD_hist=-0.0000;[FAIL] Smart Pullback: price=0.1107 EMA=0.1093 RSI=58.3 BS=0.727;[FAIL] ADX: ADX=21.54 [>22], DI+=25.78, DI-=18.37;[PASS] CCI Momentum: CCI=75.22;[PASS] SAR: SAR=0.1085, price=0.1107;[FAIL] Stochastic: K=86.27 D=86.27;[PASS] EMA Rejection: Rejected;[FAIL] Resistance Test: No test;[PASS] Pullback: Detected;[FAIL] Double Top/Bottom: No pattern;[PASS] Range Filter: EMA diff=0.0132 [>0.005];[FAIL] Combined Range Filter: diff=0.0132, ADX=21.54, mode=OR"
BTC-USDT,SHORT,S2,ایاپتوس (Iapetus),79623.00000000,82807.92000000,0.00000000,2026-09-06 20:44:50,OPEN,,,,,,10.00,,"[PASS] Candle Strength 15m: BS15=0.648 [>= 0.6];[FAIL] Candle Strength 5m: BS5=0.997 [too high];[FAIL] EMA Trend 1h: EMA21=79798.24, EMA50=79764.91;[FAIL] EMA Trend 4h: EMA21=79622.06, EMA50=78943.05, EMA200=72737.79;[PASS] RSI 30m: RSI=40.18;[PASS] MACD 30m: MACD_hist=-23.6999;[FAIL] Smart Pullback: price=79623.0000 EMA=79776.8334 RSI=40.2 BS=0.648;[PASS] ADX: ADX=25.32 [>22], DI+=13.94, DI-=33.35;[FAIL] CCI Momentum: CCI=-101.19;[PASS] SAR: SAR=79659.3420, price=79623.0000;[FAIL] Stochastic: K=50.57 D=50.57;[FAIL] EMA Rejection: No rejection;[PASS] Resistance Test: Tested;[PASS] Pullback: Detected;[PASS] Double Top/Bottom: Pattern=double_top;[FAIL] Range Filter: EMA diff=0.0005 [>0.005];[PASS] Combined Range Filter: diff=0.0005, ADX=25.32, mode=AND"
BTC-USDT,SHORT,B2,اطلس (Atlas),79623.00000000,82807.92000000,0.00000000,2026-09-06 20:44:51,OPEN,,,,,,10.00,,"[PASS] Candle Strength 15m: BS15=0.648 [>= 0.48];[FAIL] Candle Strength 5m: BS5=0.997 [too high];[FAIL] EMA Trend 1h: EMA21=79798.24, EMA50=79764.91;[FAIL] EMA Trend 4h: EMA21=79622.06, EMA50=78943.05, EMA200=72737.79;[PASS] RSI 30m: RSI=40.18;[PASS] MACD 30m: MACD_hist=-23.6999;[FAIL] Smart Pullback: price=79623.0000 EMA=79776.8334 RSI=40.2 BS=0.648;[PASS] ADX: ADX=25.32 [>22], DI+=13.94, DI-=33.35;[FAIL] CCI Momentum: CCI=-101.19;[PASS] SAR: SAR=79659.3420, price=79623.0000;[FAIL] Stochastic: K=50.57 D=50.57;[FAIL] EMA Rejection: No rejection;[PASS] Resistance Test: Tested;[PASS] Pullback: Detected;[PASS] Double Top/Bottom: Pattern=double_top;[FAIL] Range Filter: EMA diff=0.0005 [>0.005];[FAIL] Combined Range Filter: diff=0.0005, ADX=25.32, mode=OR"
SOL-USDT,LONG,B1,هایپریون (Hyperion),106.01000000,101.76960000,0.00000000,2026-09-06 20:44:53,OPEN,,,,,,10.00,,"[FAIL] Candle Strength 15m: BS15=0.170 [>= 0.6];[PASS] Candle Strength 5m: BS5=0.774 [>= 0.6];[PASS] EMA Trend 1h: EMA21=105.43, EMA50=104.29;[PASS] EMA Trend 4h: EMA21=103.78, EMA50=102.46, EMA200=90.83;[PASS] RSI 30m: RSI=52.74;[FAIL] MACD 30m: MACD_hist=-0.1421;[FAIL] Smart Pullback: price=106.0100 EMA=105.9433 RSI=52.7 BS=0.170;[PASS] ADX: ADX=27.85 [>22], DI+=20.51, DI-=19.34;[FAIL] CCI Momentum: CCI=-31.80;[PASS] SAR: SAR=105.9036, price=106.0100;[FAIL] Stochastic: K=44.21 D=44.21;[PASS] EMA Rejection: Rejected;[FAIL] Resistance Test: No test;[PASS] Pullback: Detected;[PASS] Double Top/Bottom: Pattern=double_bottom;[PASS] Range Filter: EMA diff=0.0074 [>0.005];[PASS] Combined Range Filter: diff=0.0074, ADX=27.85, mode=OR"
DOT-USDT,LONG,S1,پرومتئوس (Prometheus),0.96570000,0.92707200,0.00000000,2026-09-06 20:44:57,OPEN,,,,,,10.00,,"[FAIL] Candle Strength 15m: BS15=0.471 [>= 0.6];[FAIL] Candle Strength 5m: BS5=0.031 [>= 0.6];[PASS] EMA Trend 1h: EMA21=0.95, EMA50=0.92;[PASS] EMA Trend 4h: EMA21=0.91, EMA50=0.89, EMA200=0.84;[PASS] RSI 30m: RSI=56.91;[FAIL] MACD 30m: MACD_hist=-0.0015;[FAIL] Smart Pullback: price=0.9657 EMA=0.9579 RSI=56.9 BS=0.471;[PASS] ADX: ADX=40.04 [>22], DI+=30.12, DI-=16.16;[PASS] CCI Momentum: CCI=36.51;[FAIL] SAR: SAR=0.9657, price=0.9657;[FAIL] Stochastic: K=42.19 D=42.19;[PASS] EMA Rejection: Rejected;[FAIL] Resistance Test: No test;[PASS] Pullback: Detected;[FAIL] Double Top/Bottom: No pattern;[PASS] Range Filter: EMA diff=0.0169 [>0.005];[PASS] Combined Range Filter: diff=0.0169, ADX=40.04, mode=AND"
DOT-USDT,LONG,B1,هایپریون (Hyperion),0.96570000,0.92707200,0.00000000,2026-09-06 20:44:58,OPEN,,,,,,10.00,,"[FAIL] Candle Strength 15m: BS15=0.471 [>= 0.6];[FAIL] Candle Strength 5m: BS5=0.031 [>= 0.6];[PASS] EMA Trend 1h: EMA21=0.95, EMA50=0.92;[PASS] EMA Trend 4h: EMA21=0.91, EMA50=0.89, EMA200=0.84;[PASS] RSI 30m: RSI=56.91;[FAIL] MACD 30m: MACD_hist=-0.0015;[FAIL] Smart Pullback: price=0.9657 EMA=0.9579 RSI=56.9 BS=0.471;[PASS] ADX: ADX=40.04 [>22], DI+=30.12, DI-=16.16;[PASS] CCI Momentum: CCI=36.51;[FAIL] SAR: SAR=0.9657, price=0.9657;[FAIL] Stochastic: K=42.19 D=42.19;[PASS] EMA Rejection: Rejected;[FAIL] Resistance Test: No test;[PASS] Pullback: Detected;[FAIL] Double Top/Bottom: No pattern;[PASS] Range Filter: EMA diff=0.0169 [>0.005];[PASS] Combined Range Filter: diff=0.0169, ADX=40.04, mode=OR"
ETH-USDT,LONG,B1,هایپریون (Hyperion),2492.91000000,2393.19360000,0.00000000,2026-09-06 21:10:28,OPEN,,,,,,10.00,,"[FAIL] Candle Strength 15m: BS15=0.584 [>= 0.6];[FAIL] Candle Strength 5m: BS5=1.000 [too high];[PASS] EMA Trend 1h: EMA21=2490.14, EMA50=2480.98;[PASS] EMA Trend 4h: EMA21=2474.77, EMA50=2456.54, EMA200=2229.69;[PASS] RSI 30m: RSI=52.21;[FAIL] MACD 30m: MACD_hist=-0.8168;[FAIL] Smart Pullback: price=2492.9100 EMA=2490.7028 RSI=52.2 BS=0.584;[FAIL] ADX: ADX=30.41 [>22], DI+=18.09, DI-=22.41;[PASS] CCI Momentum: CCI=-4.06;[PASS] SAR: SAR=2480.6910, price=2492.9100;[FAIL] Stochastic: K=72.88 D=72.88;[PASS] EMA Rejection: Rejected;[PASS] Resistance Test: Tested;[PASS] Pullback: Detected;[PASS] Double Top/Bottom: Pattern=double_top;[FAIL] Range Filter: EMA diff=0.0010 [>0.005];[FAIL] Combined Range Filter: diff=0.0010, ADX=30.41, mode=OR"
BNB-USDT,SHORT,B2,اطلس (Atlas),747.70900000,777.61736000,0.00000000,2026-09-06 21:10:30,OPEN,,,,,,10.00,,"[PASS] Candle Strength 15m: BS15=0.547 [>= 0.48];[FAIL] Candle Strength 5m: BS5=0.000 [>= 0.48];[FAIL] EMA Trend 1h: EMA21=754.41, EMA50=747.83;[FAIL] EMA Trend 4h: EMA21=738.59, EMA50=718.96, EMA200=660.55;[PASS] RSI 30m: RSI=37.20;[PASS] MACD 30m: MACD_hist=-0.1924;[FAIL] Smart Pullback: price=747.7090 EMA=751.7148 RSI=37.2 BS=0.547;[PASS] ADX: ADX=40.05 [>22], DI+=12.83, DI-=31.66;[PASS] CCI Momentum: CCI=-62.73;[FAIL] SAR: SAR=746.7072, price=747.7090;[FAIL] Stochastic: K=39.44 D=39.44;[FAIL] EMA Rejection: No rejection;[FAIL] Resistance Test: No test;[PASS] Pullback: Detected;[FAIL] Double Top/Bottom: No pattern;[FAIL] Range Filter: EMA diff=0.0033 [>0.005];[PASS] Combined Range Filter: diff=0.0033, ADX=40.05, mode=OR"
SOL-USDT,LONG,B1,هایپریون (Hyperion),106.32000000,102.06720000,0.00000000,2026-09-06 21:49:10,OPEN,,,,,,10.00,,"[FAIL] Candle Strength 15m: BS15=0.583 [>= 0.6];[FAIL] Candle Strength 5m: BS5=0.583 [>= 0.6];[PASS] EMA Trend 1h: EMA21=105.52, EMA50=104.38;[PASS] EMA Trend 4h: EMA21=103.81, EMA50=102.48, EMA200=90.83;[PASS] RSI 30m: RSI=56.24;[FAIL] MACD 30m: MACD_hist=-0.0965;[FAIL] Smart Pullback: price=106.3200 EMA=106.0010 RSI=56.2 BS=0.583;[PASS] ADX: ADX=24.86 [>22], DI+=20.72, DI-=17.26;[PASS] CCI Momentum: CCI=21.94;[PASS] SAR: SAR=105.8934, price=106.3200;[FAIL] Stochastic: K=57.02 D=57.02;[PASS] EMA Rejection: Rejected;[FAIL] Resistance Test: No test;[PASS] Pullback: Detected;[PASS] Double Top/Bottom: Pattern=double_top;[PASS] Range Filter: EMA diff=0.0072 [>0.005];[PASS] Combined Range Filter: diff=0.0072, ADX=24.86, mode=OR"
XAUT-USDT,SHORT,S3,کرونوس (Cronus),4418.47000000,4595.20880000,0.00000000,2026-09-06 21:49:13,OPEN,,,,,,10.00,,"[FAIL] Candle Strength 15m: BS15=1.000 [too high - likely end of move];[FAIL] Candle Strength 5m: BS5=1.000 [too high];[PASS] EMA Trend 1h: EMA21=4422.09, EMA50=4424.96;[FAIL] EMA Trend 4h: EMA21=4425.87, EMA50=4439.31, EMA200=4365.74;[PASS] RSI 30m: RSI=41.92;[PASS] MACD 30m: MACD_hist=-0.4442;[FAIL] Smart Pullback: price=4418.4700 EMA=4420.5955 RSI=41.9 BS=1.000;[PASS] ADX: ADX=22.02 [>22], DI+=30.99, DI-=38.51;[FAIL] CCI Momentum: CCI=-111.43;[FAIL] SAR: SAR=4413.4562, price=4418.4700;[FAIL] Stochastic: K=46.33 D=46.33;[PASS] EMA Rejection: Rejected;[PASS] Resistance Test: Tested;[PASS] Pullback: Detected;[PASS] Double Top/Bottom: Pattern=double_top;[FAIL] Range Filter: EMA diff=0.0005 [>0.005];[PASS] Combined Range Filter: diff=0.0005, ADX=22.02, mode=AND"
XAUT-USDT,SHORT,B2,اطلس (Atlas),4418.47000000,4595.20880000,0.00000000,2026-09-06 21:49:14,OPEN,,,,,,10.00,,"[FAIL] Candle Strength 15m: BS15=1.000 [too high - likely end of move];[FAIL] Candle Strength 5m: BS5=1.000 [too high];[PASS] EMA Trend 1h: EMA21=4422.09, EMA50=4424.96;[FAIL] EMA Trend 4h: EMA21=4425.87, EMA50=4439.31, EMA200=4365.74;[PASS] RSI 30m: RSI=41.92;[PASS] MACD 30m: MACD_hist=-0.4442;[FAIL] Smart Pullback: price=4418.4700 EMA=4420.5955 RSI=41.9 BS=1.000;[PASS] ADX: ADX=22.02 [>22], DI+=30.99, DI-=38.51;[FAIL] CCI Momentum: CCI=-111.43;[FAIL] SAR: SAR=4413.4562, price=4418.4700;[FAIL] Stochastic: K=46.33 D=46.33;[PASS] EMA Rejection: Rejected;[PASS] Resistance Test: Tested;[PASS] Pullback: Detected;[PASS] Double Top/Bottom: Pattern=double_top;[FAIL] Range Filter: EMA diff=0.0005 [>0.005];[FAIL] Combined Range Filter: diff=0.0005, ADX=22.02, mode=OR"
ADA-USDT,LONG,S3,کرونوس (Cronus),0.21910000,0.21033600,0.00000000,2026-09-06 21:49:17,OPEN,,,,,,10.00,,"[FAIL] Candle Strength 15m: BS15=0.400 [>= 0.6];[FAIL] Candle Strength 5m: BS5=0.400 [>= 0.6];[PASS] EMA Trend 1h: EMA21=0.22, EMA50=0.22;[PASS] EMA Trend 4h: EMA21=0.22, EMA50=0.21, EMA200=0.20;[PASS] RSI 30m: RSI=50.66;[FAIL] MACD 30m: MACD_hist=-0.0000;[FAIL] Smart Pullback: price=0.2191 EMA=0.2189 RSI=50.7 BS=0.400;[FAIL] ADX: ADX=19.33 [>22], DI+=17.19, DI-=21.20;[PASS] CCI Momentum: CCI=-9.86;[PASS] SAR: SAR=0.2176, price=0.2191;[FAIL] Stochastic: K=58.06 D=58.06;[PASS] EMA Rejection: Rejected;[PASS] Resistance Test: Tested;[PASS] Pullback: Detected;[PASS] Double Top/Bottom: Pattern=double_bottom;[FAIL] Range Filter: EMA diff=0.0007 [>0.005];[FAIL] Combined Range Filter: diff=0.0007, ADX=19.33, mode=AND"
FIL-USDT,LONG,S3,کرونوس (Cronus),0.79550000,0.76368000,0.00000000,2026-09-06 21:49:20,OPEN,,,,,,10.00,,"[FAIL] Candle Strength 15m: BS15=0.000 [>= 0.6];[FAIL] Candle Strength 5m: BS5=0.000 [>= 0.6];[PASS] EMA Trend 1h: EMA21=0.79, EMA50=0.79;[PASS] EMA Trend 4h: EMA21=0.78, EMA50=0.76, EMA200=0.73;[PASS] RSI 30m: RSI=50.34;[FAIL] MACD 30m: MACD_hist=0.0002;[FAIL] Smart Pullback: price=0.7955 EMA=0.7949 RSI=50.3 BS=0.000;[FAIL] ADX: ADX=22.91 [>22], DI+=21.02, DI-=30.55;[PASS] CCI Momentum: CCI=23.13;[PASS] SAR: SAR=0.7913, price=0.7955;[FAIL] Stochastic: K=84.15 D=84.15;[PASS] EMA Rejection: Rejected;[PASS] Resistance Test: Tested;[PASS] Pullback: Detected;[FAIL] Double Top/Bottom: No pattern;[FAIL] Range Filter: EMA diff=0.0017 [>0.005];[PASS] Combined Range Filter: diff=0.0017, ADX=22.91, mode=AND"
FIL-USDT,LONG,B1,هایپریون (Hyperion),0.79550000,0.76368000,0.00000000,2026-09-06 21:49:21,OPEN,,,,,,10.00,,"[FAIL] Candle Strength 15m: BS15=0.000 [>= 0.6];[FAIL] Candle Strength 5m: BS5=0.000 [>= 0.6];[PASS] EMA Trend 1h: EMA21=0.79, EMA50=0.79;[PASS] EMA Trend 4h: EMA21=0.78, EMA50=0.76, EMA200=0.73;[PASS] RSI 30m: RSI=50.34;[FAIL] MACD 30m: MACD_hist=0.0002;[FAIL] Smart Pullback: price=0.7955 EMA=0.7949 RSI=50.3 BS=0.000;[FAIL] ADX: ADX=22.91 [>22], DI+=21.02, DI-=30.55;[PASS] CCI Momentum: CCI=23.13;[PASS] SAR: SAR=0.7913, price=0.7955;[FAIL] Stochastic: K=84.15 D=84.15;[PASS] EMA Rejection: Rejected;[PASS] Resistance Test: Tested;[PASS] Pullback: Detected;[FAIL] Double Top/Bottom: No pattern;[FAIL] Range Filter: EMA diff=0.0017 [>0.005];[FAIL] Combined Range Filter: diff=0.0017, ADX=22.91, mode=OR"
TIA-USDT,LONG,S3,کرونوس (Cronus),0.39850000,0.38256000,0.00000000,2026-09-06 21:49:24,OPEN,,,,,,10.00,,"[PASS] Candle Strength 15m: BS15=0.687 [>= 0.6];[PASS] Candle Strength 5m: BS5=0.687 [>= 0.6];[PASS] EMA Trend 1h: EMA21=0.39, EMA50=0.38;[PASS] EMA Trend 4h: EMA21=0.37, EMA50=0.36, EMA200=0.34;[PASS] RSI 30m: RSI=57.96;[FAIL] MACD 30m: MACD_hist=-0.0004;[FAIL] Smart Pullback: price=0.3985 EMA=0.3936 RSI=58.0 BS=0.687;[PASS] ADX: ADX=24.30 [>22], DI+=26.57, DI-=21.34;[PASS] CCI Momentum: CCI=65.63;[PASS] SAR: SAR=0.3923, price=0.3985;[FAIL] Stochastic: K=69.19 D=69.19;[PASS] EMA Rejection: Rejected;[FAIL] Resistance Test: No test;[PASS] Pullback: Detected;[PASS] Double Top/Bottom: Pattern=double_bottom;[PASS] Range Filter: EMA diff=0.0179 [>0.005];[PASS] Combined Range Filter: diff=0.0179, ADX=24.30, mode=AND"
TIA-USDT,LONG,B1,هایپریون (Hyperion),0.39850000,0.38256000,0.00000000,2026-09-06 21:49:25,OPEN,,,,,,10.00,,"[PASS] Candle Strength 15m: BS15=0.687 [>= 0.6];[PASS] Candle Strength 5m: BS5=0.687 [>= 0.6];[PASS] EMA Trend 1h: EMA21=0.39, EMA50=0.38;[PASS] EMA Trend 4h: EMA21=0.37, EMA50=0.36, EMA200=0.34;[PASS] RSI 30m: RSI=57.96;[FAIL] MACD 30m: MACD_hist=-0.0004;[FAIL] Smart Pullback: price=0.3985 EMA=0.3936 RSI=58.0 BS=0.687;[PASS] ADX: ADX=24.30 [>22], DI+=26.57, DI-=21.34;[PASS] CCI Momentum: CCI=65.63;[PASS] SAR: SAR=0.3923, price=0.3985;[FAIL] Stochastic: K=69.19 D=69.19;[PASS] EMA Rejection: Rejected;[FAIL] Resistance Test: No test;[PASS] Pullback: Detected;[PASS] Double Top/Bottom: Pattern=double_bottom;[PASS] Range Filter: EMA diff=0.0179 [>0.005];[PASS] Combined Range Filter: diff=0.0179, ADX=24.30, mode=OR"
POL-USDT,LONG,S3,کرونوس (Cronus),0.09730000,0.09340800,0.00000000,2026-09-06 21:49:26,OPEN,,,,,,10.00,,"[FAIL] Candle Strength 15m: BS15=1.000 [too high - likely end of move];[FAIL] Candle Strength 5m: BS5=1.000 [too high];[PASS] EMA Trend 1h: EMA21=0.10, EMA50=0.10;[FAIL] EMA Trend 4h: EMA21=0.10, EMA50=0.10, EMA200=0.09;[PASS] RSI 30m: RSI=50.37;[FAIL] MACD 30m: MACD_hist=-0.0000;[FAIL] Smart Pullback: price=0.0973 EMA=0.0972 RSI=50.4 BS=1.000;[FAIL] ADX: ADX=28.35 [>22], DI+=16.84, DI-=28.55;[PASS] CCI Momentum: CCI=18.53;[PASS] SAR: SAR=0.0966, price=0.0973;[FAIL] Stochastic: K=70.00 D=70.00;[PASS] EMA Rejection: Rejected;[PASS] Resistance Test: Tested;[PASS] Pullback: Detected;[PASS] Double Top/Bottom: Pattern=double_bottom;[FAIL] Range Filter: EMA diff=0.0021 [>0.005];[PASS] Combined Range Filter: diff=0.0021, ADX=28.35, mode=AND"
POL-USDT,LONG,B1,هایپریون (Hyperion),0.09730000,0.09340800,0.00000000,2026-09-06 21:49:28,OPEN,,,,,,10.00,,"[FAIL] Candle Strength 15m: BS15=1.000 [too high - likely end of move];[FAIL] Candle Strength 5m: BS5=1.000 [too high];[PASS] EMA Trend 1h: EMA21=0.10, EMA50=0.10;[FAIL] EMA Trend 4h: EMA21=0.10, EMA50=0.10, EMA200=0.09;[PASS] RSI 30m: RSI=50.37;[FAIL] MACD 30m: MACD_hist=-0.0000;[FAIL] Smart Pullback: price=0.0973 EMA=0.0972 RSI=50.4 BS=1.000;[FAIL] ADX: ADX=28.35 [>22], DI+=16.84, DI-=28.55;[PASS] CCI Momentum: CCI=18.53;[PASS] SAR: SAR=0.0966, price=0.0973;[FAIL] Stochastic: K=70.00 D=70.00;[PASS] EMA Rejection: Rejected;[PASS] Resistance Test: Tested;[PASS] Pullback: Detected;[PASS] Double Top/Bottom: Pattern=double_bottom;[FAIL] Range Filter: EMA diff=0.0021 [>0.005];[FAIL] Combined Range Filter: diff=0.0021, ADX=28.35, mode=OR"
ETH-USDT,LONG,S1,پرومتئوس (Prometheus),2498.47000000,2398.53120000,0.00000000,2026-09-06 22:12:56,OPEN,,,,,,10.00,,"[FAIL] Candle Strength 15m: BS15=0.575 [>= 0.6];[FAIL] Candle Strength 5m: BS5=0.087 [>= 0.6];[PASS] EMA Trend 1h: EMA21=2490.78, EMA50=2481.61;[PASS] EMA Trend 4h: EMA21=2475.27, EMA50=2456.76, EMA200=2229.75;[PASS] RSI 30m: RSI=57.79;[PASS] MACD 30m: MACD_hist=0.5565;[FAIL] Smart Pullback: price=2498.4700 EMA=2491.7166 RSI=57.8 BS=0.575;[PASS] ADX: ADX=26.67 [>22], DI+=21.24, DI-=20.66;[PASS] CCI Momentum: CCI=50.25;[PASS] SAR: SAR=2491.3564, price=2498.4700;[FAIL] Stochastic: K=85.78 D=85.78;[PASS] EMA Rejection: Rejected;[PASS] Resistance Test: Tested;[PASS] Pullback: Detected;[PASS] Double Top/Bottom: Pattern=double_bottom;[FAIL] Range Filter: EMA diff=0.0012 [>0.005];[PASS] Combined Range Filter: diff=0.0012, ADX=26.67, mode=AND"
ETH-USDT,LONG,S3,کرونوس (Cronus),2498.47000000,2398.53120000,0.00000000,2026-09-06 22:12:57,OPEN,,,,,,10.00,,"[FAIL] Candle Strength 15m: BS15=0.575 [>= 0.6];[FAIL] Candle Strength 5m: BS5=0.087 [>= 0.6];[PASS] EMA Trend 1h: EMA21=2490.78, EMA50=2481.61;[PASS] EMA Trend 4h: EMA21=2475.27, EMA50=2456.76, EMA200=2229.75;[PASS] RSI 30m: RSI=57.79;[PASS] MACD 30m: MACD_hist=0.5565;[FAIL] Smart Pullback: price=2498.4700 EMA=2491.7166 RSI=57.8 BS=0.575;[PASS] ADX: ADX=26.67 [>22], DI+=21.24, DI-=20.66;[PASS] CCI Momentum: CCI=50.25;[PASS] SAR: SAR=2491.3564, price=2498.4700;[FAIL] Stochastic: K=85.78 D=85.78;[PASS] EMA Rejection: Rejected;[PASS] Resistance Test: Tested;[PASS] Pullback: Detected;[PASS] Double Top/Bottom: Pattern=double_bottom;[FAIL] Range Filter: EMA diff=0.0012 [>0.005];[PASS] Combined Range Filter: diff=0.0012, ADX=26.67, mode=AND"
DOGE-USDT,LONG,S3,کرونوس (Cronus),0.08956000,0.08597760,0.00000000,2026-09-06 22:13:00,OPEN,,,,,,10.00,,"[FAIL] Candle Strength 15m: BS15=0.920 [too high - likely end of move];[FAIL] Candle Strength 5m: BS5=0.300 [>= 0.6];[PASS] EMA Trend 1h: EMA21=0.09, EMA50=0.09;[PASS] EMA Trend 4h: EMA21=0.09, EMA50=0.09, EMA200=0.08;[FAIL] RSI 30m: RSI=49.55;[FAIL] MACD 30m: MACD_hist=0.0000;[FAIL] Smart Pullback: price=0.0896 EMA=0.0895 RSI=49.6 BS=0.920;[FAIL] ADX: ADX=32.82 [>22], DI+=18.48, DI-=26.47;[PASS] CCI Momentum: CCI=3.55;[PASS] SAR: SAR=0.0891, price=0.0896;[FAIL] Stochastic: K=76.89 D=76.89;[PASS] EMA Rejection: Rejected;[PASS] Resistance Test: Tested;[PASS] Pullback: Detected;[PASS] Double Top/Bottom: Pattern=double_top;[FAIL] Range Filter: EMA diff=0.0007 [>0.005];[PASS] Combined Range Filter: diff=0.0007, ADX=32.82, mode=AND"
DOGE-USDT,LONG,B1,هایپریون (Hyperion),0.08956000,0.08597760,0.00000000,2026-09-06 22:13:03,OPEN,,,,,,10.00,,"[FAIL] Candle Strength 15m: BS15=0.920 [too high - likely end of move];[FAIL] Candle Strength 5m: BS5=0.300 [>= 0.6];[PASS] EMA Trend 1h: EMA21=0.09, EMA50=0.09;[PASS] EMA Trend 4h: EMA21=0.09, EMA50=0.09, EMA200=0.08;[FAIL] RSI 30m: RSI=49.55;[FAIL] MACD 30m: MACD_hist=0.0000;[FAIL] Smart Pullback: price=0.0896 EMA=0.0895 RSI=49.6 BS=0.920;[FAIL] ADX: ADX=32.82 [>22], DI+=18.48, DI-=26.47;[PASS] CCI Momentum: CCI=3.55;[PASS] SAR: SAR=0.0891, price=0.0896;[FAIL] Stochastic: K=76.89 D=76.89;[PASS] EMA Rejection: Rejected;[PASS] Resistance Test: Tested;[PASS] Pullback: Detected;[PASS] Double Top/Bottom: Pattern=double_top;[FAIL] Range Filter: EMA diff=0.0007 [>0.005];[FAIL] Combined Range Filter: diff=0.0007, ADX=32.82, mode=OR"
SUI-USDT,LONG,S3,کرونوس (Cronus),0.79840000,0.76646400,0.00000000,2026-09-06 22:13:05,OPEN,,,,,,10.00,,"[FAIL] Candle Strength 15m: BS15=0.250 [>= 0.6];[FAIL] Candle Strength 5m: BS5=0.154 [>= 0.6];[PASS] EMA Trend 1h: EMA21=0.80, EMA50=0.79;[PASS] EMA Trend 4h: EMA21=0.78, EMA50=0.77, EMA200=0.73;[PASS] RSI 30m: RSI=52.45;[FAIL] MACD 30m: MACD_hist=0.0002;[FAIL] Smart Pullback: price=0.7984 EMA=0.7965 RSI=52.5 BS=0.250;[FAIL] ADX: ADX=14.26 [>22], DI+=23.55, DI-=19.42;[PASS] CCI Momentum: CCI=23.99;[PASS] SAR: SAR=0.7957, price=0.7984;[FAIL] Stochastic: K=61.04 D=61.04;[PASS] EMA Rejection: Rejected;[PASS] Resistance Test: Tested;[PASS] Pullback: Detected;[PASS] Double Top/Bottom: Pattern=double_top;[FAIL] Range Filter: EMA diff=0.0018 [>0.005];[FAIL] Combined Range Filter: diff=0.0018, ADX=14.26, mode=AND"
ADA-USDT,LONG,S3,کرونوس (Cronus),0.21940000,0.21062400,0.00000000,2026-09-06 22:13:07,OPEN,,,,,,10.00,,"[FAIL] Candle Strength 15m: BS15=0.400 [>= 0.6];[PASS] Candle Strength 5m: BS5=0.667 [>= 0.6];[PASS] EMA Trend 1h: EMA21=0.22, EMA50=0.22;[PASS] EMA Trend 4h: EMA21=0.22, EMA50=0.21, EMA200=0.20;[PASS] RSI 30m: RSI=51.79;[FAIL] MACD 30m: MACD_hist=0.0001;[FAIL] Smart Pullback: price=0.2194 EMA=0.2190 RSI=51.8 BS=0.400;[FAIL] ADX: ADX=17.76 [>22], DI+=19.59, DI-=20.35;[PASS] CCI Momentum: CCI=40.49;[PASS] SAR: SAR=0.2180, price=0.2194;[FAIL] Stochastic: K=63.93 D=63.93;[PASS] EMA Rejection: Rejected;[PASS] Resistance Test: Tested;[PASS] Pullback: Detected;[PASS] Double Top/Bottom: Pattern=double_top;[FAIL] Range Filter: EMA diff=0.0009 [>0.005];[FAIL] Combined Range Filter: diff=0.0009, ADX=17.76, mode=AND"
ADA-USDT,LONG,B1,هایپریون (Hyperion),0.21940000,0.21062400,0.00000000,2026-09-06 22:13:08,OPEN,,,,,,10.00,,"[FAIL] Candle Strength 15m: BS15=0.400 [>= 0.6];[PASS] Candle Strength 5m: BS5=0.667 [>= 0.6];[PASS] EMA Trend 1h: EMA21=0.22, EMA50=0.22;[PASS] EMA Trend 4h: EMA21=0.22, EMA50=0.21, EMA200=0.20;[PASS] RSI 30m: RSI=51.79;[FAIL] MACD 30m: MACD_hist=0.0001;[FAIL] Smart Pullback: price=0.2194 EMA=0.2190 RSI=51.8 BS=0.400;[FAIL] ADX: ADX=17.76 [>22], DI+=19.59, DI-=20.35;[PASS] CCI Momentum: CCI=40.49;[PASS] SAR: SAR=0.2180, price=0.2194;[FAIL] Stochastic: K=63.93 D=63.93;[PASS] EMA Rejection: Rejected;[PASS] Resistance Test: Tested;[PASS] Pullback: Detected;[PASS] Double Top/Bottom: Pattern=double_top;[FAIL] Range Filter: EMA diff=0.0009 [>0.005];[FAIL] Combined Range Filter: diff=0.0009, ADX=17.76, mode=OR"
LINK-USDT,LONG,S1,پرومتئوس (Prometheus),12.40950000,11.91312000,0.00000000,2026-09-06 22:13:11,OPEN,,,,,,10.00,,"[FAIL] Candle Strength 15m: BS15=0.497 [>= 0.6];[FAIL] Candle Strength 5m: BS5=0.575 [>= 0.6];[PASS] EMA Trend 1h: EMA21=12.22, EMA50=12.05;[PASS] EMA Trend 4h: EMA21=11.92, EMA50=11.67, EMA200=10.37;[PASS] RSI 30m: RSI=61.59;[PASS] MACD 30m: MACD_hist=0.0079;[FAIL] Smart Pullback: price=12.4095 EMA=12.2827 RSI=61.6 BS=0.497;[PASS] ADX: ADX=25.70 [>22], DI+=25.50, DI-=14.83;[FAIL] CCI Momentum: CCI=193.22;[PASS] SAR: SAR=12.3026, price=12.4095;[FAIL] Stochastic: K=96.24 D=96.24;[PASS] EMA Rejection: Rejected;[PASS] Resistance Test: Tested;[PASS] Pullback: Detected;[PASS] Double Top/Bottom: Pattern=double_top;[PASS] Range Filter: EMA diff=0.0077 [>0.005];[PASS] Combined Range Filter: diff=0.0077, ADX=25.70, mode=AND"
LINK-USDT,LONG,S3,کرونوس (Cronus),12.40950000,11.91312000,0.00000000,2026-09-06 22:13:13,OPEN,,,,,,10.00,,"[FAIL] Candle Strength 15m: BS15=0.497 [>= 0.6];[FAIL] Candle Strength 5m: BS5=0.575 [>= 0.6];[PASS] EMA Trend 1h: EMA21=12.22, EMA50=12.05;[PASS] EMA Trend 4h: EMA21=11.92, EMA50=11.67, EMA200=10.37;[PASS] RSI 30m: RSI=61.59;[PASS] MACD 30m: MACD_hist=0.0079;[FAIL] Smart Pullback: price=12.4095 EMA=12.2827 RSI=61.6 BS=0.497;[PASS] ADX: ADX=25.70 [>22], DI+=25.50, DI-=14.83;[FAIL] CCI Momentum: CCI=193.22;[PASS] SAR: SAR=12.3026, price=12.4095;[FAIL] Stochastic: K=96.24 D=96.24;[PASS] EMA Rejection: Rejected;[PASS] Resistance Test: Tested;[PASS] Pullback: Detected;[PASS] Double Top/Bottom: Pattern=double_top;[PASS] Range Filter: EMA diff=0.0077 [>0.005];[PASS] Combined Range Filter: diff=0.0077, ADX=25.70, mode=AND"
LINK-USDT,LONG,B1,هایپریون (Hyperion),12.40950000,11.91312000,0.00000000,2026-09-06 22:13:14,OPEN,,,,,,10.00,,"[FAIL] Candle Strength 15m: BS15=0.497 [>= 0.6];[FAIL] Candle Strength 5m: BS5=0.575 [>= 0.6];[PASS] EMA Trend 1h: EMA21=12.22, EMA50=12.05;[PASS] EMA Trend 4h: EMA21=11.92, EMA50=11.67, EMA200=10.37;[PASS] RSI 30m: RSI=61.59;[PASS] MACD 30m: MACD_hist=0.0079;[FAIL] Smart Pullback: price=12.4095 EMA=12.2827 RSI=61.6 BS=0.497;[PASS] ADX: ADX=25.70 [>22], DI+=25.50, DI-=14.83;[FAIL] CCI Momentum: CCI=193.22;[PASS] SAR: SAR=12.3026, price=12.4095;[FAIL] Stochastic: K=96.24 D=96.24;[PASS] EMA Rejection: Rejected;[PASS] Resistance Test: Tested;[PASS] Pullback: Detected;[PASS] Double Top/Bottom: Pattern=double_top;[PASS] Range Filter: EMA diff=0.0077 [>0.005];[PASS] Combined Range Filter: diff=0.0077, ADX=25.70, mode=OR"
AVAX-USDT,LONG,B1,هایپریون (Hyperion),7.64500000,7.33920000,0.00000000,2026-09-06 22:13:16,OPEN,,,,,,10.00,,"[FAIL] Candle Strength 15m: BS15=0.364 [>= 0.6];[FAIL] Candle Strength 5m: BS5=0.400 [>= 0.6];[PASS] EMA Trend 1h: EMA21=7.64, EMA50=7.57;[PASS] EMA Trend 4h: EMA21=7.52, EMA50=7.42, EMA200=7.02;[PASS] RSI 30m: RSI=50.71;[FAIL] MACD 30m: MACD_hist=-0.0028;[FAIL] Smart Pullback: price=7.6450 EMA=7.6427 RSI=50.7 BS=0.364;[FAIL] ADX: ADX=22.93 [>22], DI+=18.48, DI-=24.65;[PASS] CCI Momentum: CCI=-14.66;[PASS] SAR: SAR=7.6216, price=7.6450;[FAIL] Stochastic: K=61.71 D=61.71;[PASS] EMA Rejection: Rejected;[PASS] Resistance Test: Tested;[PASS] Pullback: Detected;[PASS] Double Top/Bottom: Pattern=double_top;[FAIL] Range Filter: EMA diff=0.0025 [>0.005];[FAIL] Combined Range Filter: diff=0.0025, ADX=22.93, mode=OR"
TIA-USDT,LONG,S3,کرونوس (Cronus),0.40150000,0.38544000,0.00000000,2026-09-06 22:13:19,OPEN,,,,,,10.00,,"[PASS] Candle Strength 15m: BS15=0.724 [>= 0.6];[FAIL] Candle Strength 5m: BS5=0.125 [>= 0.6];[PASS] EMA Trend 1h: EMA21=0.39, EMA50=0.38;[PASS] EMA Trend 4h: EMA21=0.37, EMA50=0.36, EMA200=0.34;[PASS] RSI 30m: RSI=60.86;[FAIL] MACD 30m: MACD_hist=-0.0001;[FAIL] Smart Pullback: price=0.4015 EMA=0.3943 RSI=60.9 BS=0.724;[PASS] ADX: ADX=23.69 [>22], DI+=27.82, DI-=20.26;[FAIL] CCI Momentum: CCI=104.55;[PASS] SAR: SAR=0.3962, price=0.4015;[FAIL] Stochastic: K=92.63 D=92.63;[PASS] EMA Rejection: Rejected;[FAIL] Resistance Test: No test;[PASS] Pullback: Detected;[PASS] Double Top/Bottom: Pattern=double_bottom;[PASS] Range Filter: EMA diff=0.0181 [>0.005];[PASS] Combined Range Filter: diff=0.0181, ADX=23.69, mode=AND"
TIA-USDT,LONG,B1,هایپریون (Hyperion),0.40150000,0.38544000,0.00000000,2026-09-06 22:13:21,OPEN,,,,,,10.00,,"[PASS] Candle Strength 15m: BS15=0.724 [>= 0.6];[FAIL] Candle Strength 5m: BS5=0.125 [>= 0.6];[PASS] EMA Trend 1h: EMA21=0.39, EMA50=0.38;[PASS] EMA Trend 4h: EMA21=0.37, EMA50=0.36, EMA200=0.34;[PASS] RSI 30m: RSI=60.86;[FAIL] MACD 30m: MACD_hist=-0.0001;[FAIL] Smart Pullback: price=0.4015 EMA=0.3943 RSI=60.9 BS=0.724;[PASS] ADX: ADX=23.69 [>22], DI+=27.82, DI-=20.26;[FAIL] CCI Momentum: CCI=104.55;[PASS] SAR: SAR=0.3962, price=0.4015;[FAIL] Stochastic: K=92.63 D=92.63;[PASS] EMA Rejection: Rejected;[FAIL] Resistance Test: No test;[PASS] Pullback: Detected;[PASS] Double Top/Bottom: Pattern=double_bottom;[PASS] Range Filter: EMA diff=0.0181 [>0.005];[PASS] Combined Range Filter: diff=0.0181, ADX=23.69, mode=OR"
