symbol,direction,scenario_id,scenario_name,entry_price,stop_loss,take_profit,issued_at_tehran,status,outcome,hit_time_tehran,hit_price,broker_fee,final_pnl_usd,position_size_usd,return_pct,signal_source
XAUT-USDT,SHORT,S2,ایاپتوس (Iapetus),4402.87000000,4578.98480000,0.00000000,2026-09-07 07:14:59,OPEN,,,,,,10.00,,"[FAIL] Candle Strength 15m: BS15=1.000 [too high - likely end of move];[FAIL] Candle Strength 5m: BS5=1.000 [too high];[PASS] EMA Trend 1h: EMA21=4415.59, EMA50=4420.90;[FAIL] EMA Trend 4h: EMA21=4422.91, EMA50=4436.97, EMA200=4366.17;[PASS] RSI 30m: RSI=38.56;[PASS] MACD 30m: MACD_hist=-1.2370;[FAIL] Smart Pullback: price=4402.8700 EMA=4411.5447 RSI=38.6 BS=1.000;[PASS] ADX: ADX=31.25 [>22], DI+=14.84, DI-=33.26;[FAIL] CCI Momentum: CCI=-105.81;[FAIL] SAR: SAR=4402.8700, price=4402.8700;[FAIL] Stochastic: K=40.37 D=40.37;[FAIL] EMA Rejection: No rejection;[PASS] Resistance Test: Tested;[PASS] Pullback: Detected;[PASS] Double Top/Bottom: Pattern=double_top;[FAIL] Range Filter: EMA diff=0.0012 [>0.005];[PASS] Combined Range Filter: diff=0.0012, ADX=31.25, mode=AND"
XAUT-USDT,SHORT,S3,کرونوس (Cronus),4402.87000000,4578.98480000,0.00000000,2026-09-07 07:15:01,OPEN,,,,,,10.00,,"[FAIL] Candle Strength 15m: BS15=1.000 [too high - likely end of move];[FAIL] Candle Strength 5m: BS5=1.000 [too high];[PASS] EMA Trend 1h: EMA21=4415.59, EMA50=4420.90;[FAIL] EMA Trend 4h: EMA21=4422.91, EMA50=4436.97, EMA200=4366.17;[PASS] RSI 30m: RSI=38.56;[PASS] MACD 30m: MACD_hist=-1.2370;[FAIL] Smart Pullback: price=4402.8700 EMA=4411.5447 RSI=38.6 BS=1.000;[PASS] ADX: ADX=31.25 [>22], DI+=14.84, DI-=33.26;[FAIL] CCI Momentum: CCI=-105.81;[FAIL] SAR: SAR=4402.8700, price=4402.8700;[FAIL] Stochastic: K=40.37 D=40.37;[FAIL] EMA Rejection: No rejection;[PASS] Resistance Test: Tested;[PASS] Pullback: Detected;[PASS] Double Top/Bottom: Pattern=double_top;[FAIL] Range Filter: EMA diff=0.0012 [>0.005];[PASS] Combined Range Filter: diff=0.0012, ADX=31.25, mode=AND"
XAUT-USDT,SHORT,B2,اطلس (Atlas),4402.87000000,4578.98480000,0.00000000,2026-09-07 07:15:02,OPEN,,,,,,10.00,,"[FAIL] Candle Strength 15m: BS15=1.000 [too high - likely end of move];[FAIL] Candle Strength 5m: BS5=1.000 [too high];[PASS] EMA Trend 1h: EMA21=4415.59, EMA50=4420.90;[FAIL] EMA Trend 4h: EMA21=4422.91, EMA50=4436.97, EMA200=4366.17;[PASS] RSI 30m: RSI=38.56;[PASS] MACD 30m: MACD_hist=-1.2370;[FAIL] Smart Pullback: price=4402.8700 EMA=4411.5447 RSI=38.6 BS=1.000;[PASS] ADX: ADX=31.25 [>22], DI+=14.84, DI-=33.26;[FAIL] CCI Momentum: CCI=-105.81;[FAIL] SAR: SAR=4402.8700, price=4402.8700;[FAIL] Stochastic: K=40.37 D=40.37;[FAIL] EMA Rejection: No rejection;[PASS] Resistance Test: Tested;[PASS] Pullback: Detected;[PASS] Double Top/Bottom: Pattern=double_top;[FAIL] Range Filter: EMA diff=0.0012 [>0.005];[FAIL] Combined Range Filter: diff=0.0012, ADX=31.25, mode=OR"
NEAR-USDT,LONG,S1,پرومتئوس (Prometheus),2.39970000,2.30371200,0.00000000,2026-09-07 07:15:05,OPEN,,,,,,10.00,,"[FAIL] Candle Strength 15m: BS15=1.000 [too high - likely end of move];[FAIL] Candle Strength 5m: BS5=1.000 [too high];[PASS] EMA Trend 1h: EMA21=2.38, EMA50=2.29;[PASS] EMA Trend 4h: EMA21=2.22, EMA50=2.08, EMA200=1.86;[PASS] RSI 30m: RSI=50.54;[FAIL] MACD 30m: MACD_hist=-0.0084;[FAIL] Smart Pullback: price=2.3997 EMA=2.4024 RSI=50.5 BS=1.000;[PASS] ADX: ADX=26.31 [>22], DI+=24.33, DI-=18.18;[FAIL] CCI Momentum: CCI=-43.72;[PASS] SAR: SAR=2.3933, price=2.3997;[FAIL] Stochastic: K=34.29 D=34.29;[FAIL] EMA Rejection: No rejection;[FAIL] Resistance Test: No test;[PASS] Pullback: Detected;[FAIL] Double Top/Bottom: No pattern;[PASS] Range Filter: EMA diff=0.0159 [>0.005];[PASS] Combined Range Filter: diff=0.0159, ADX=26.31, mode=AND"
NEAR-USDT,LONG,S3,کرونوس (Cronus),2.39970000,2.30371200,0.00000000,2026-09-07 07:15:06,OPEN,,,,,,10.00,,"[FAIL] Candle Strength 15m: BS15=1.000 [too high - likely end of move];[FAIL] Candle Strength 5m: BS5=1.000 [too high];[PASS] EMA Trend 1h: EMA21=2.38, EMA50=2.29;[PASS] EMA Trend 4h: EMA21=2.22, EMA50=2.08, EMA200=1.86;[PASS] RSI 30m: RSI=50.54;[FAIL] MACD 30m: MACD_hist=-0.0084;[FAIL] Smart Pullback: price=2.3997 EMA=2.4024 RSI=50.5 BS=1.000;[PASS] ADX: ADX=26.31 [>22], DI+=24.33, DI-=18.18;[FAIL] CCI Momentum: CCI=-43.72;[PASS] SAR: SAR=2.3933, price=2.3997;[FAIL] Stochastic: K=34.29 D=34.29;[FAIL] EMA Rejection: No rejection;[FAIL] Resistance Test: No test;[PASS] Pullback: Detected;[FAIL] Double Top/Bottom: No pattern;[PASS] Range Filter: EMA diff=0.0159 [>0.005];[PASS] Combined Range Filter: diff=0.0159, ADX=26.31, mode=AND"
NEAR-USDT,LONG,B1,هایپریون (Hyperion),2.39970000,2.30371200,0.00000000,2026-09-07 07:15:08,OPEN,,,,,,10.00,,"[FAIL] Candle Strength 15m: BS15=1.000 [too high - likely end of move];[FAIL] Candle Strength 5m: BS5=1.000 [too high];[PASS] EMA Trend 1h: EMA21=2.38, EMA50=2.29;[PASS] EMA Trend 4h: EMA21=2.22, EMA50=2.08, EMA200=1.86;[PASS] RSI 30m: RSI=50.54;[FAIL] MACD 30m: MACD_hist=-0.0084;[FAIL] Smart Pullback: price=2.3997 EMA=2.4024 RSI=50.5 BS=1.000;[PASS] ADX: ADX=26.31 [>22], DI+=24.33, DI-=18.18;[FAIL] CCI Momentum: CCI=-43.72;[PASS] SAR: SAR=2.3933, price=2.3997;[FAIL] Stochastic: K=34.29 D=34.29;[FAIL] EMA Rejection: No rejection;[FAIL] Resistance Test: No test;[PASS] Pullback: Detected;[FAIL] Double Top/Bottom: No pattern;[PASS] Range Filter: EMA diff=0.0159 [>0.005];[PASS] Combined Range Filter: diff=0.0159, ADX=26.31, mode=OR"
DOT-USDT,LONG,S1,پرومتئوس (Prometheus),0.97070000,0.93187200,0.00000000,2026-09-07 07:15:09,OPEN,,,,,,10.00,,"[PASS] Candle Strength 15m: BS15=0.661 [>= 0.6];[FAIL] Candle Strength 5m: BS5=0.136 [>= 0.6];[PASS] EMA Trend 1h: EMA21=0.97, EMA50=0.94;[PASS] EMA Trend 4h: EMA21=0.92, EMA50=0.90, EMA200=0.85;[FAIL] RSI 30m: RSI=47.92;[FAIL] MACD 30m: MACD_hist=-0.0024;[PASS] Smart Pullback: price=0.9707 EMA=0.9784 RSI=47.9 BS=0.661;[PASS] ADX: ADX=30.46 [>22], DI+=31.11, DI-=22.49;[FAIL] CCI Momentum: CCI=-36.09;[FAIL] SAR: SAR=0.9742, price=0.9707;[FAIL] Stochastic: K=8.36 D=8.36;[PASS] EMA Rejection: Rejected;[FAIL] Resistance Test: No test;[FAIL] Pullback: No pullback;[FAIL] Double Top/Bottom: No pattern;[PASS] Range Filter: EMA diff=0.0157 [>0.005];[PASS] Combined Range Filter: diff=0.0157, ADX=30.46, mode=AND"
DOT-USDT,LONG,S3,کرونوس (Cronus),0.97070000,0.93187200,0.00000000,2026-09-07 07:15:11,OPEN,,,,,,10.00,,"[PASS] Candle Strength 15m: BS15=0.661 [>= 0.6];[FAIL] Candle Strength 5m: BS5=0.136 [>= 0.6];[PASS] EMA Trend 1h: EMA21=0.97, EMA50=0.94;[PASS] EMA Trend 4h: EMA21=0.92, EMA50=0.90, EMA200=0.85;[FAIL] RSI 30m: RSI=47.92;[FAIL] MACD 30m: MACD_hist=-0.0024;[PASS] Smart Pullback: price=0.9707 EMA=0.9784 RSI=47.9 BS=0.661;[PASS] ADX: ADX=30.46 [>22], DI+=31.11, DI-=22.49;[FAIL] CCI Momentum: CCI=-36.09;[FAIL] SAR: SAR=0.9742, price=0.9707;[FAIL] Stochastic: K=8.36 D=8.36;[PASS] EMA Rejection: Rejected;[FAIL] Resistance Test: No test;[FAIL] Pullback: No pullback;[FAIL] Double Top/Bottom: No pattern;[PASS] Range Filter: EMA diff=0.0157 [>0.005];[PASS] Combined Range Filter: diff=0.0157, ADX=30.46, mode=AND"
DOT-USDT,LONG,B1,هایپریون (Hyperion),0.97070000,0.93187200,0.00000000,2026-09-07 07:15:12,OPEN,,,,,,10.00,,"[PASS] Candle Strength 15m: BS15=0.661 [>= 0.6];[FAIL] Candle Strength 5m: BS5=0.136 [>= 0.6];[PASS] EMA Trend 1h: EMA21=0.97, EMA50=0.94;[PASS] EMA Trend 4h: EMA21=0.92, EMA50=0.90, EMA200=0.85;[FAIL] RSI 30m: RSI=47.92;[FAIL] MACD 30m: MACD_hist=-0.0024;[PASS] Smart Pullback: price=0.9707 EMA=0.9784 RSI=47.9 BS=0.661;[PASS] ADX: ADX=30.46 [>22], DI+=31.11, DI-=22.49;[FAIL] CCI Momentum: CCI=-36.09;[FAIL] SAR: SAR=0.9742, price=0.9707;[FAIL] Stochastic: K=8.36 D=8.36;[PASS] EMA Rejection: Rejected;[FAIL] Resistance Test: No test;[FAIL] Pullback: No pullback;[FAIL] Double Top/Bottom: No pattern;[PASS] Range Filter: EMA diff=0.0157 [>0.005];[PASS] Combined Range Filter: diff=0.0157, ADX=30.46, mode=OR"
LINK-USDT,LONG,S1,پرومتئوس (Prometheus),13.00260000,12.48249600,0.00000000,2026-09-07 07:15:14,OPEN,,,,,,10.00,,"[PASS] Candle Strength 15m: BS15=0.616 [>= 0.6];[PASS] Candle Strength 5m: BS5=0.616 [>= 0.6];[PASS] EMA Trend 1h: EMA21=12.68, EMA50=12.33;[PASS] EMA Trend 4h: EMA21=12.13, EMA50=11.78, EMA200=10.41;[PASS] RSI 30m: RSI=60.06;[FAIL] MACD 30m: MACD_hist=-0.0202;[FAIL] Smart Pullback: price=13.0026 EMA=12.8810 RSI=60.1 BS=0.616;[PASS] ADX: ADX=43.51 [>22], DI+=41.48, DI-=16.83;[PASS] CCI Momentum: CCI=27.06;[FAIL] SAR: SAR=13.0155, price=13.0026;[FAIL] Stochastic: K=38.79 D=38.79;[FAIL] EMA Rejection: No rejection;[FAIL] Resistance Test: No test;[FAIL] Pullback: No pullback;[FAIL] Double Top/Bottom: No pattern;[PASS] Range Filter: EMA diff=0.0221 [>0.005];[PASS] Combined Range Filter: diff=0.0221, ADX=43.51, mode=AND"
LINK-USDT,LONG,S3,کرونوس (Cronus),13.00260000,12.48249600,0.00000000,2026-09-07 07:15:16,OPEN,,,,,,10.00,,"[PASS] Candle Strength 15m: BS15=0.616 [>= 0.6];[PASS] Candle Strength 5m: BS5=0.616 [>= 0.6];[PASS] EMA Trend 1h: EMA21=12.68, EMA50=12.33;[PASS] EMA Trend 4h: EMA21=12.13, EMA50=11.78, EMA200=10.41;[PASS] RSI 30m: RSI=60.06;[FAIL] MACD 30m: MACD_hist=-0.0202;[FAIL] Smart Pullback: price=13.0026 EMA=12.8810 RSI=60.1 BS=0.616;[PASS] ADX: ADX=43.51 [>22], DI+=41.48, DI-=16.83;[PASS] CCI Momentum: CCI=27.06;[FAIL] SAR: SAR=13.0155, price=13.0026;[FAIL] Stochastic: K=38.79 D=38.79;[FAIL] EMA Rejection: No rejection;[FAIL] Resistance Test: No test;[FAIL] Pullback: No pullback;[FAIL] Double Top/Bottom: No pattern;[PASS] Range Filter: EMA diff=0.0221 [>0.005];[PASS] Combined Range Filter: diff=0.0221, ADX=43.51, mode=AND"
LINK-USDT,LONG,B1,هایپریون (Hyperion),13.00260000,12.48249600,0.00000000,2026-09-07 07:15:17,OPEN,,,,,,10.00,,"[PASS] Candle Strength 15m: BS15=0.616 [>= 0.6];[PASS] Candle Strength 5m: BS5=0.616 [>= 0.6];[PASS] EMA Trend 1h: EMA21=12.68, EMA50=12.33;[PASS] EMA Trend 4h: EMA21=12.13, EMA50=11.78, EMA200=10.41;[PASS] RSI 30m: RSI=60.06;[FAIL] MACD 30m: MACD_hist=-0.0202;[FAIL] Smart Pullback: price=13.0026 EMA=12.8810 RSI=60.1 BS=0.616;[PASS] ADX: ADX=43.51 [>22], DI+=41.48, DI-=16.83;[PASS] CCI Momentum: CCI=27.06;[FAIL] SAR: SAR=13.0155, price=13.0026;[FAIL] Stochastic: K=38.79 D=38.79;[FAIL] EMA Rejection: No rejection;[FAIL] Resistance Test: No test;[FAIL] Pullback: No pullback;[FAIL] Double Top/Bottom: No pattern;[PASS] Range Filter: EMA diff=0.0221 [>0.005];[PASS] Combined Range Filter: diff=0.0221, ADX=43.51, mode=OR"
AVAX-USDT,LONG,S1,پرومتئوس (Prometheus),7.76500000,7.45440000,0.00000000,2026-09-07 07:15:19,OPEN,,,,,,10.00,,"[FAIL] Candle Strength 15m: BS15=0.824 [too high - likely end of move];[FAIL] Candle Strength 5m: BS5=0.400 [>= 0.6];[PASS] EMA Trend 1h: EMA21=7.74, EMA50=7.65;[PASS] EMA Trend 4h: EMA21=7.58, EMA50=7.45, EMA200=7.03;[FAIL] RSI 30m: RSI=49.07;[FAIL] MACD 30m: MACD_hist=-0.0092;[PASS] Smart Pullback: price=7.7650 EMA=7.7895 RSI=49.1 BS=0.824;[PASS] ADX: ADX=31.33 [>22], DI+=33.12, DI-=21.45;[PASS] CCI Momentum: CCI=-14.56;[FAIL] SAR: SAR=7.7924, price=7.7650;[FAIL] Stochastic: K=17.50 D=17.50;[PASS] EMA Rejection: Rejected;[FAIL] Resistance Test: No test;[FAIL] Pullback: No pullback;[PASS] Double Top/Bottom: Pattern=double_bottom;[PASS] Range Filter: EMA diff=0.0087 [>0.005];[PASS] Combined Range Filter: diff=0.0087, ADX=31.33, mode=AND"
AVAX-USDT,LONG,S3,کرونوس (Cronus),7.76500000,7.45440000,0.00000000,2026-09-07 07:15:21,OPEN,,,,,,10.00,,"[FAIL] Candle Strength 15m: BS15=0.824 [too high - likely end of move];[FAIL] Candle Strength 5m: BS5=0.400 [>= 0.6];[PASS] EMA Trend 1h: EMA21=7.74, EMA50=7.65;[PASS] EMA Trend 4h: EMA21=7.58, EMA50=7.45, EMA200=7.03;[FAIL] RSI 30m: RSI=49.07;[FAIL] MACD 30m: MACD_hist=-0.0092;[PASS] Smart Pullback: price=7.7650 EMA=7.7895 RSI=49.1 BS=0.824;[PASS] ADX: ADX=31.33 [>22], DI+=33.12, DI-=21.45;[PASS] CCI Momentum: CCI=-14.56;[FAIL] SAR: SAR=7.7924, price=7.7650;[FAIL] Stochastic: K=17.50 D=17.50;[PASS] EMA Rejection: Rejected;[FAIL] Resistance Test: No test;[FAIL] Pullback: No pullback;[PASS] Double Top/Bottom: Pattern=double_bottom;[PASS] Range Filter: EMA diff=0.0087 [>0.005];[PASS] Combined Range Filter: diff=0.0087, ADX=31.33, mode=AND"
AVAX-USDT,LONG,B1,هایپریون (Hyperion),7.76500000,7.45440000,0.00000000,2026-09-07 07:15:22,OPEN,,,,,,10.00,,"[FAIL] Candle Strength 15m: BS15=0.824 [too high - likely end of move];[FAIL] Candle Strength 5m: BS5=0.400 [>= 0.6];[PASS] EMA Trend 1h: EMA21=7.74, EMA50=7.65;[PASS] EMA Trend 4h: EMA21=7.58, EMA50=7.45, EMA200=7.03;[FAIL] RSI 30m: RSI=49.07;[FAIL] MACD 30m: MACD_hist=-0.0092;[PASS] Smart Pullback: price=7.7650 EMA=7.7895 RSI=49.1 BS=0.824;[PASS] ADX: ADX=31.33 [>22], DI+=33.12, DI-=21.45;[PASS] CCI Momentum: CCI=-14.56;[FAIL] SAR: SAR=7.7924, price=7.7650;[FAIL] Stochastic: K=17.50 D=17.50;[PASS] EMA Rejection: Rejected;[FAIL] Resistance Test: No test;[FAIL] Pullback: No pullback;[PASS] Double Top/Bottom: Pattern=double_bottom;[PASS] Range Filter: EMA diff=0.0087 [>0.005];[PASS] Combined Range Filter: diff=0.0087, ADX=31.33, mode=OR"
ATOM-USDT,LONG,S3,کرونوس (Cronus),1.58570000,1.52227200,0.00000000,2026-09-07 07:15:24,OPEN,,,,,,10.00,,"[PASS] Candle Strength 15m: BS15=0.769 [>= 0.6];[PASS] Candle Strength 5m: BS5=0.769 [>= 0.6];[PASS] EMA Trend 1h: EMA21=1.58, EMA50=1.57;[PASS] EMA Trend 4h: EMA21=1.55, EMA50=1.53, EMA200=1.46;[FAIL] RSI 30m: RSI=48.74;[FAIL] MACD 30m: MACD_hist=-0.0004;[FAIL] Smart Pullback: price=1.5857 EMA=1.5886 RSI=48.7 BS=0.769;[FAIL] ADX: ADX=12.94 [>22], DI+=26.78, DI-=23.54;[FAIL] CCI Momentum: CCI=-26.57;[FAIL] SAR: SAR=1.5863, price=1.5857;[FAIL] Stochastic: K=30.90 D=30.90;[PASS] EMA Rejection: Rejected;[FAIL] Resistance Test: No test;[PASS] Pullback: Detected;[PASS] Double Top/Bottom: Pattern=double_top;[FAIL] Range Filter: EMA diff=0.0040 [>0.005];[PASS] Combined Range Filter: diff=0.0040, ADX=12.94, mode=AND"
FIL-USDT,LONG,S3,کرونوس (Cronus),0.80130000,0.76924800,0.00000000,2026-09-07 07:15:25,OPEN,,,,,,10.00,,"[FAIL] Candle Strength 15m: BS15=0.480 [>= 0.6];[FAIL] Candle Strength 5m: BS5=0.333 [>= 0.6];[PASS] EMA Trend 1h: EMA21=0.80, EMA50=0.79;[PASS] EMA Trend 4h: EMA21=0.79, EMA50=0.76, EMA200=0.73;[FAIL] RSI 30m: RSI=48.98;[FAIL] MACD 30m: MACD_hist=-0.0008;[PASS] Smart Pullback: price=0.8013 EMA=0.8030 RSI=49.0 BS=0.480;[FAIL] ADX: ADX=15.92 [>22], DI+=32.15, DI-=25.58;[FAIL] CCI Momentum: CCI=-46.61;[PASS] SAR: SAR=0.8001, price=0.8013;[FAIL] Stochastic: K=19.52 D=19.52;[PASS] EMA Rejection: Rejected;[FAIL] Resistance Test: No test;[PASS] Pullback: Detected;[FAIL] Double Top/Bottom: No pattern;[FAIL] Range Filter: EMA diff=0.0046 [>0.005];[PASS] Combined Range Filter: diff=0.0046, ADX=15.92, mode=AND"
INJ-USDT,LONG,S1,پرومتئوس (Prometheus),5.42400000,5.20704000,0.00000000,2026-09-07 07:15:27,OPEN,,,,,,10.00,,"[FAIL] Candle Strength 15m: BS15=0.587 [>= 0.6];[FAIL] Candle Strength 5m: BS5=0.400 [>= 0.6];[PASS] EMA Trend 1h: EMA21=5.24, EMA50=5.10;[PASS] EMA Trend 4h: EMA21=5.05, EMA50=5.02, EMA200=4.89;[PASS] RSI 30m: RSI=59.85;[PASS] MACD 30m: MACD_hist=0.0154;[FAIL] Smart Pullback: price=5.4240 EMA=5.3279 RSI=59.8 BS=0.587;[PASS] ADX: ADX=42.64 [>22], DI+=32.40, DI-=11.16;[PASS] CCI Momentum: CCI=69.10;[FAIL] SAR: SAR=5.4454, price=5.4240;[FAIL] Stochastic: K=59.77 D=59.77;[FAIL] EMA Rejection: No rejection;[FAIL] Resistance Test: No test;[PASS] Pullback: Detected;[FAIL] Double Top/Bottom: No pattern;[PASS] Range Filter: EMA diff=0.0228 [>0.005];[PASS] Combined Range Filter: diff=0.0228, ADX=42.64, mode=AND"
INJ-USDT,LONG,S3,کرونوس (Cronus),5.42400000,5.20704000,0.00000000,2026-09-07 07:15:29,OPEN,,,,,,10.00,,"[FAIL] Candle Strength 15m: BS15=0.587 [>= 0.6];[FAIL] Candle Strength 5m: BS5=0.400 [>= 0.6];[PASS] EMA Trend 1h: EMA21=5.24, EMA50=5.10;[PASS] EMA Trend 4h: EMA21=5.05, EMA50=5.02, EMA200=4.89;[PASS] RSI 30m: RSI=59.85;[PASS] MACD 30m: MACD_hist=0.0154;[FAIL] Smart Pullback: price=5.4240 EMA=5.3279 RSI=59.8 BS=0.587;[PASS] ADX: ADX=42.64 [>22], DI+=32.40, DI-=11.16;[PASS] CCI Momentum: CCI=69.10;[FAIL] SAR: SAR=5.4454, price=5.4240;[FAIL] Stochastic: K=59.77 D=59.77;[FAIL] EMA Rejection: No rejection;[FAIL] Resistance Test: No test;[PASS] Pullback: Detected;[FAIL] Double Top/Bottom: No pattern;[PASS] Range Filter: EMA diff=0.0228 [>0.005];[PASS] Combined Range Filter: diff=0.0228, ADX=42.64, mode=AND"
INJ-USDT,LONG,B1,هایپریون (Hyperion),5.42400000,5.20704000,0.00000000,2026-09-07 07:15:30,OPEN,,,,,,10.00,,"[FAIL] Candle Strength 15m: BS15=0.587 [>= 0.6];[FAIL] Candle Strength 5m: BS5=0.400 [>= 0.6];[PASS] EMA Trend 1h: EMA21=5.24, EMA50=5.10;[PASS] EMA Trend 4h: EMA21=5.05, EMA50=5.02, EMA200=4.89;[PASS] RSI 30m: RSI=59.85;[PASS] MACD 30m: MACD_hist=0.0154;[FAIL] Smart Pullback: price=5.4240 EMA=5.3279 RSI=59.8 BS=0.587;[PASS] ADX: ADX=42.64 [>22], DI+=32.40, DI-=11.16;[PASS] CCI Momentum: CCI=69.10;[FAIL] SAR: SAR=5.4454, price=5.4240;[FAIL] Stochastic: K=59.77 D=59.77;[FAIL] EMA Rejection: No rejection;[FAIL] Resistance Test: No test;[PASS] Pullback: Detected;[FAIL] Double Top/Bottom: No pattern;[PASS] Range Filter: EMA diff=0.0228 [>0.005];[PASS] Combined Range Filter: diff=0.0228, ADX=42.64, mode=OR"
SEI-USDT,LONG,S3,کرونوس (Cronus),0.04853000,0.04658880,0.00000000,2026-09-07 07:15:32,OPEN,,,,,,10.00,,"[FAIL] Candle Strength 15m: BS15=1.000 [too high - likely end of move];[FAIL] Candle Strength 5m: BS5=1.000 [too high];[PASS] EMA Trend 1h: EMA21=0.05, EMA50=0.05;[PASS] EMA Trend 4h: EMA21=0.05, EMA50=0.05, EMA200=0.04;[FAIL] RSI 30m: RSI=47.45;[FAIL] MACD 30m: MACD_hist=-0.0001;[FAIL] Smart Pullback: price=0.0485 EMA=0.0487 RSI=47.5 BS=1.000;[PASS] ADX: ADX=24.90 [>22], DI+=31.71, DI-=20.29;[FAIL] CCI Momentum: CCI=-42.61;[PASS] SAR: SAR=0.0485, price=0.0485;[FAIL] Stochastic: K=14.66 D=14.66;[PASS] EMA Rejection: Rejected;[PASS] Resistance Test: Tested;[PASS] Pullback: Detected;[FAIL] Double Top/Bottom: No pattern;[FAIL] Range Filter: EMA diff=0.0041 [>0.005];[PASS] Combined Range Filter: diff=0.0041, ADX=24.90, mode=AND"
SEI-USDT,LONG,B1,هایپریون (Hyperion),0.04853000,0.04658880,0.00000000,2026-09-07 07:15:50,OPEN,,,,,,10.00,,"[FAIL] Candle Strength 15m: BS15=1.000 [too high - likely end of move];[FAIL] Candle Strength 5m: BS5=1.000 [too high];[PASS] EMA Trend 1h: EMA21=0.05, EMA50=0.05;[PASS] EMA Trend 4h: EMA21=0.05, EMA50=0.05, EMA200=0.04;[FAIL] RSI 30m: RSI=47.45;[FAIL] MACD 30m: MACD_hist=-0.0001;[FAIL] Smart Pullback: price=0.0485 EMA=0.0487 RSI=47.5 BS=1.000;[PASS] ADX: ADX=24.90 [>22], DI+=31.71, DI-=20.29;[FAIL] CCI Momentum: CCI=-42.61;[PASS] SAR: SAR=0.0485, price=0.0485;[FAIL] Stochastic: K=14.66 D=14.66;[PASS] EMA Rejection: Rejected;[PASS] Resistance Test: Tested;[PASS] Pullback: Detected;[FAIL] Double Top/Bottom: No pattern;[FAIL] Range Filter: EMA diff=0.0041 [>0.005];[PASS] Combined Range Filter: diff=0.0041, ADX=24.90, mode=OR"
TIA-USDT,LONG,S1,پرومتئوس (Prometheus),0.42970000,0.41251200,0.00000000,2026-09-07 07:16:02,OPEN,,,,,,10.00,,"[FAIL] Candle Strength 15m: BS15=0.528 [>= 0.6];[PASS] Candle Strength 5m: BS5=0.750 [>= 0.6];[PASS] EMA Trend 1h: EMA21=0.41, EMA50=0.39;[PASS] EMA Trend 4h: EMA21=0.39, EMA50=0.37, EMA200=0.35;[PASS] RSI 30m: RSI=53.40;[FAIL] MACD 30m: MACD_hist=-0.0021;[FAIL] Smart Pullback: price=0.4297 EMA=0.4280 RSI=53.4 BS=0.528;[PASS] ADX: ADX=41.59 [>22], DI+=27.36, DI-=16.29;[PASS] CCI Momentum: CCI=6.26;[FAIL] SAR: SAR=0.4314, price=0.4297;[FAIL] Stochastic: K=18.04 D=18.04;[FAIL] EMA Rejection: No rejection;[FAIL] Resistance Test: No test;[FAIL] Pullback: No pullback;[FAIL] Double Top/Bottom: No pattern;[PASS] Range Filter: EMA diff=0.0390 [>0.005];[PASS] Combined Range Filter: diff=0.0390, ADX=41.59, mode=AND"
TIA-USDT,LONG,S3,کرونوس (Cronus),0.42970000,0.41251200,0.00000000,2026-09-07 07:16:04,OPEN,,,,,,10.00,,"[FAIL] Candle Strength 15m: BS15=0.528 [>= 0.6];[PASS] Candle Strength 5m: BS5=0.750 [>= 0.6];[PASS] EMA Trend 1h: EMA21=0.41, EMA50=0.39;[PASS] EMA Trend 4h: EMA21=0.39, EMA50=0.37, EMA200=0.35;[PASS] RSI 30m: RSI=53.40;[FAIL] MACD 30m: MACD_hist=-0.0021;[FAIL] Smart Pullback: price=0.4297 EMA=0.4280 RSI=53.4 BS=0.528;[PASS] ADX: ADX=41.59 [>22], DI+=27.36, DI-=16.29;[PASS] CCI Momentum: CCI=6.26;[FAIL] SAR: SAR=0.4314, price=0.4297;[FAIL] Stochastic: K=18.04 D=18.04;[FAIL] EMA Rejection: No rejection;[FAIL] Resistance Test: No test;[FAIL] Pullback: No pullback;[FAIL] Double Top/Bottom: No pattern;[PASS] Range Filter: EMA diff=0.0390 [>0.005];[PASS] Combined Range Filter: diff=0.0390, ADX=41.59, mode=AND"
TIA-USDT,LONG,B1,هایپریون (Hyperion),0.42970000,0.41251200,0.00000000,2026-09-07 07:16:05,OPEN,,,,,,10.00,,"[FAIL] Candle Strength 15m: BS15=0.528 [>= 0.6];[PASS] Candle Strength 5m: BS5=0.750 [>= 0.6];[PASS] EMA Trend 1h: EMA21=0.41, EMA50=0.39;[PASS] EMA Trend 4h: EMA21=0.39, EMA50=0.37, EMA200=0.35;[PASS] RSI 30m: RSI=53.40;[FAIL] MACD 30m: MACD_hist=-0.0021;[FAIL] Smart Pullback: price=0.4297 EMA=0.4280 RSI=53.4 BS=0.528;[PASS] ADX: ADX=41.59 [>22], DI+=27.36, DI-=16.29;[PASS] CCI Momentum: CCI=6.26;[FAIL] SAR: SAR=0.4314, price=0.4297;[FAIL] Stochastic: K=18.04 D=18.04;[FAIL] EMA Rejection: No rejection;[FAIL] Resistance Test: No test;[FAIL] Pullback: No pullback;[FAIL] Double Top/Bottom: No pattern;[PASS] Range Filter: EMA diff=0.0390 [>0.005];[PASS] Combined Range Filter: diff=0.0390, ADX=41.59, mode=OR"
OP-USDT,LONG,S3,کرونوس (Cronus),0.10890000,0.10454400,0.00000000,2026-09-07 07:16:08,OPEN,,,,,,10.00,,"[FAIL] Candle Strength 15m: BS15=0.000 [>= 0.6];[FAIL] Candle Strength 5m: BS5=0.000 [>= 0.6];[PASS] EMA Trend 1h: EMA21=0.11, EMA50=0.11;[PASS] EMA Trend 4h: EMA21=0.10, EMA50=0.10, EMA200=0.09;[FAIL] RSI 30m: RSI=46.40;[FAIL] MACD 30m: MACD_hist=-0.0001;[FAIL] Smart Pullback: price=0.1089 EMA=0.1097 RSI=46.4 BS=0.000;[FAIL] ADX: ADX=13.51 [>22], DI+=29.91, DI-=22.09;[FAIL] CCI Momentum: CCI=-53.09;[FAIL] SAR: SAR=0.1093, price=0.1089;[FAIL] Stochastic: K=19.15 D=19.15;[PASS] EMA Rejection: Rejected;[PASS] Resistance Test: Tested;[FAIL] Pullback: No pullback;[PASS] Double Top/Bottom: Pattern=double_bottom;[PASS] Range Filter: EMA diff=0.0070 [>0.005];[PASS] Combined Range Filter: diff=0.0070, ADX=13.51, mode=AND"
SHIB-USDT,LONG,S3,کرونوس (Cronus),0.00000545,0.00000523,0.00000000,2026-09-07 07:16:09,OPEN,,,,,,10.00,,"[FAIL] Candle Strength 15m: BS15=0.001 [>= 0.6];[FAIL] Candle Strength 5m: BS5=0.001 [>= 0.6];[PASS] EMA Trend 1h: EMA21=0.00, EMA50=0.00;[PASS] EMA Trend 4h: EMA21=0.00, EMA50=0.00, EMA200=0.00;[FAIL] RSI 30m: RSI=44.62;[FAIL] MACD 30m: MACD_hist=-0.0000;[FAIL] Smart Pullback: price=0.0000 EMA=0.0000 RSI=44.6 BS=0.100;[PASS] ADX: ADX=22.53 [>22], DI+=30.30, DI-=23.57;[FAIL] CCI Momentum: CCI=-51.38;[PASS] SAR: SAR=0.0000, price=0.0000;[FAIL] Stochastic: K=0.95 D=0.95;[PASS] EMA Rejection: Rejected;[FAIL] Resistance Test: No test;[FAIL] Pullback: No pullback;[PASS] Double Top/Bottom: Pattern=double_bottom;[FAIL] Range Filter: EMA diff=0.0026 [>0.005];[PASS] Combined Range Filter: diff=0.0026, ADX=22.53, mode=AND"
ETH-USDT,LONG,S3,کرونوس (Cronus),2497.16000000,2397.27360000,0.00000000,2026-09-07 07:49:11,OPEN,,,,,,10.00,,"[FAIL] Candle Strength 15m: BS15=0.521 [>= 0.6];[FAIL] Candle Strength 5m: BS5=0.521 [>= 0.6];[PASS] EMA Trend 1h: EMA21=2499.09, EMA50=2489.07;[PASS] EMA Trend 4h: EMA21=2481.54, EMA50=2461.71, EMA200=2235.21;[FAIL] RSI 30m: RSI=45.62;[FAIL] MACD 30m: MACD_hist=-1.4633;[PASS] Smart Pullback: price=2497.1600 EMA=2503.0132 RSI=45.6 BS=0.521;[FAIL] ADX: ADX=19.62 [>22], DI+=31.37, DI-=23.94;[FAIL] CCI Momentum: CCI=-76.11;[PASS] SAR: SAR=2496.6742, price=2497.1600;[FAIL] Stochastic: K=17.89 D=17.89;[PASS] EMA Rejection: Rejected;[PASS] Resistance Test: Tested;[FAIL] Pullback: No pullback;[PASS] Double Top/Bottom: Pattern=double_top;[FAIL] Range Filter: EMA diff=0.0022 [>0.005];[FAIL] Combined Range Filter: diff=0.0022, ADX=19.62, mode=AND"
ETH-USDT,LONG,B1,هایپریون (Hyperion),2497.16000000,2397.27360000,0.00000000,2026-09-07 07:49:12,OPEN,,,,,,10.00,,"[FAIL] Candle Strength 15m: BS15=0.521 [>= 0.6];[FAIL] Candle Strength 5m: BS5=0.521 [>= 0.6];[PASS] EMA Trend 1h: EMA21=2499.09, EMA50=2489.07;[PASS] EMA Trend 4h: EMA21=2481.54, EMA50=2461.71, EMA200=2235.21;[FAIL] RSI 30m: RSI=45.62;[FAIL] MACD 30m: MACD_hist=-1.4633;[PASS] Smart Pullback: price=2497.1600 EMA=2503.0132 RSI=45.6 BS=0.521;[FAIL] ADX: ADX=19.62 [>22], DI+=31.37, DI-=23.94;[FAIL] CCI Momentum: CCI=-76.11;[PASS] SAR: SAR=2496.6742, price=2497.1600;[FAIL] Stochastic: K=17.89 D=17.89;[PASS] EMA Rejection: Rejected;[PASS] Resistance Test: Tested;[FAIL] Pullback: No pullback;[PASS] Double Top/Bottom: Pattern=double_top;[FAIL] Range Filter: EMA diff=0.0022 [>0.005];[FAIL] Combined Range Filter: diff=0.0022, ADX=19.62, mode=OR"
SOL-USDT,LONG,S3,کرونوس (Cronus),105.13000000,100.92480000,0.00000000,2026-09-07 07:49:14,OPEN,,,,,,10.00,,"[PASS] Candle Strength 15m: BS15=0.696 [>= 0.6];[PASS] Candle Strength 5m: BS5=0.696 [>= 0.6];[PASS] EMA Trend 1h: EMA21=105.58, EMA50=104.80;[PASS] EMA Trend 4h: EMA21=104.18, EMA50=102.79, EMA200=91.15;[FAIL] RSI 30m: RSI=42.65;[FAIL] MACD 30m: MACD_hist=-0.1237;[FAIL] Smart Pullback: price=105.1300 EMA=105.7042 RSI=42.7 BS=0.696;[FAIL] ADX: ADX=13.11 [>22], DI+=22.91, DI-=27.45;[FAIL] CCI Momentum: CCI=-152.72;[PASS] SAR: SAR=104.9360, price=105.1300;[FAIL] Stochastic: K=16.74 D=16.74;[PASS] EMA Rejection: Rejected;[PASS] Resistance Test: Tested;[PASS] Pullback: Detected;[PASS] Double Top/Bottom: Pattern=double_top;[FAIL] Range Filter: EMA diff=0.0019 [>0.005];[FAIL] Combined Range Filter: diff=0.0019, ADX=13.11, mode=AND"
SOL-USDT,LONG,B1,هایپریون (Hyperion),105.13000000,100.92480000,0.00000000,2026-09-07 07:49:15,OPEN,,,,,,10.00,,"[PASS] Candle Strength 15m: BS15=0.696 [>= 0.6];[PASS] Candle Strength 5m: BS5=0.696 [>= 0.6];[PASS] EMA Trend 1h: EMA21=105.58, EMA50=104.80;[PASS] EMA Trend 4h: EMA21=104.18, EMA50=102.79, EMA200=91.15;[FAIL] RSI 30m: RSI=42.65;[FAIL] MACD 30m: MACD_hist=-0.1237;[FAIL] Smart Pullback: price=105.1300 EMA=105.7042 RSI=42.7 BS=0.696;[FAIL] ADX: ADX=13.11 [>22], DI+=22.91, DI-=27.45;[FAIL] CCI Momentum: CCI=-152.72;[PASS] SAR: SAR=104.9360, price=105.1300;[FAIL] Stochastic: K=16.74 D=16.74;[PASS] EMA Rejection: Rejected;[PASS] Resistance Test: Tested;[PASS] Pullback: Detected;[PASS] Double Top/Bottom: Pattern=double_top;[FAIL] Range Filter: EMA diff=0.0019 [>0.005];[FAIL] Combined Range Filter: diff=0.0019, ADX=13.11, mode=OR"
LTC-USDT,LONG,S3,کرونوس (Cronus),54.21000000,52.04160000,0.00000000,2026-09-07 07:49:18,OPEN,,,,,,10.00,,"[PASS] Candle Strength 15m: BS15=0.750 [>= 0.6];[PASS] Candle Strength 5m: BS5=0.750 [>= 0.6];[PASS] EMA Trend 1h: EMA21=54.40, EMA50=53.83;[PASS] EMA Trend 4h: EMA21=53.20, EMA50=51.73, EMA200=48.61;[FAIL] RSI 30m: RSI=45.87;[FAIL] MACD 30m: MACD_hist=-0.0955;[PASS] Smart Pullback: price=54.2100 EMA=54.4980 RSI=45.9 BS=0.750;[FAIL] ADX: ADX=16.83 [>22], DI+=24.91, DI-=22.79;[FAIL] CCI Momentum: CCI=-73.43;[PASS] SAR: SAR=53.9136, price=54.2100;[FAIL] Stochastic: K=12.66 D=12.66;[PASS] EMA Rejection: Rejected;[PASS] Resistance Test: Tested;[PASS] Pullback: Detected;[FAIL] Double Top/Bottom: No pattern;[FAIL] Range Filter: EMA diff=0.0024 [>0.005];[FAIL] Combined Range Filter: diff=0.0024, ADX=16.83, mode=AND"
LTC-USDT,LONG,B1,هایپریون (Hyperion),54.21000000,52.04160000,0.00000000,2026-09-07 07:49:20,OPEN,,,,,,10.00,,"[PASS] Candle Strength 15m: BS15=0.750 [>= 0.6];[PASS] Candle Strength 5m: BS5=0.750 [>= 0.6];[PASS] EMA Trend 1h: EMA21=54.40, EMA50=53.83;[PASS] EMA Trend 4h: EMA21=53.20, EMA50=51.73, EMA200=48.61;[FAIL] RSI 30m: RSI=45.87;[FAIL] MACD 30m: MACD_hist=-0.0955;[PASS] Smart Pullback: price=54.2100 EMA=54.4980 RSI=45.9 BS=0.750;[FAIL] ADX: ADX=16.83 [>22], DI+=24.91, DI-=22.79;[FAIL] CCI Momentum: CCI=-73.43;[PASS] SAR: SAR=53.9136, price=54.2100;[FAIL] Stochastic: K=12.66 D=12.66;[PASS] EMA Rejection: Rejected;[PASS] Resistance Test: Tested;[PASS] Pullback: Detected;[FAIL] Double Top/Bottom: No pattern;[FAIL] Range Filter: EMA diff=0.0024 [>0.005];[FAIL] Combined Range Filter: diff=0.0024, ADX=16.83, mode=OR"
NEAR-USDT,LONG,S1,پرومتئوس (Prometheus),2.40880000,2.31244800,0.00000000,2026-09-07 07:49:22,OPEN,,,,,,10.00,,"[FAIL] Candle Strength 15m: BS15=0.126 [>= 0.6];[FAIL] Candle Strength 5m: BS5=0.126 [>= 0.6];[PASS] EMA Trend 1h: EMA21=2.38, EMA50=2.30;[PASS] EMA Trend 4h: EMA21=2.24, EMA50=2.09, EMA200=1.86;[PASS] RSI 30m: RSI=52.22;[FAIL] MACD 30m: MACD_hist=-0.0064;[FAIL] Smart Pullback: price=2.4088 EMA=2.4032 RSI=52.2 BS=0.126;[PASS] ADX: ADX=25.79 [>22], DI+=24.18, DI-=18.04;[FAIL] CCI Momentum: CCI=-44.06;[PASS] SAR: SAR=2.3952, price=2.4088;[FAIL] Stochastic: K=40.33 D=40.33;[PASS] EMA Rejection: Rejected;[FAIL] Resistance Test: No test;[PASS] Pullback: Detected;[FAIL] Double Top/Bottom: No pattern;[PASS] Range Filter: EMA diff=0.0155 [>0.005];[PASS] Combined Range Filter: diff=0.0155, ADX=25.79, mode=AND"
NEAR-USDT,LONG,S3,کرونوس (Cronus),2.40880000,2.31244800,0.00000000,2026-09-07 07:49:24,OPEN,,,,,,10.00,,"[FAIL] Candle Strength 15m: BS15=0.126 [>= 0.6];[FAIL] Candle Strength 5m: BS5=0.126 [>= 0.6];[PASS] EMA Trend 1h: EMA21=2.38, EMA50=2.30;[PASS] EMA Trend 4h: EMA21=2.24, EMA50=2.09, EMA200=1.86;[PASS] RSI 30m: RSI=52.22;[FAIL] MACD 30m: MACD_hist=-0.0064;[FAIL] Smart Pullback: price=2.4088 EMA=2.4032 RSI=52.2 BS=0.126;[PASS] ADX: ADX=25.79 [>22], DI+=24.18, DI-=18.04;[FAIL] CCI Momentum: CCI=-44.06;[PASS] SAR: SAR=2.3952, price=2.4088;[FAIL] Stochastic: K=40.33 D=40.33;[PASS] EMA Rejection: Rejected;[FAIL] Resistance Test: No test;[PASS] Pullback: Detected;[FAIL] Double Top/Bottom: No pattern;[PASS] Range Filter: EMA diff=0.0155 [>0.005];[PASS] Combined Range Filter: diff=0.0155, ADX=25.79, mode=AND"
NEAR-USDT,LONG,B1,هایپریون (Hyperion),2.40880000,2.31244800,0.00000000,2026-09-07 07:49:26,OPEN,,,,,,10.00,,"[FAIL] Candle Strength 15m: BS15=0.126 [>= 0.6];[FAIL] Candle Strength 5m: BS5=0.126 [>= 0.6];[PASS] EMA Trend 1h: EMA21=2.38, EMA50=2.30;[PASS] EMA Trend 4h: EMA21=2.24, EMA50=2.09, EMA200=1.86;[PASS] RSI 30m: RSI=52.22;[FAIL] MACD 30m: MACD_hist=-0.0064;[FAIL] Smart Pullback: price=2.4088 EMA=2.4032 RSI=52.2 BS=0.126;[PASS] ADX: ADX=25.79 [>22], DI+=24.18, DI-=18.04;[FAIL] CCI Momentum: CCI=-44.06;[PASS] SAR: SAR=2.3952, price=2.4088;[FAIL] Stochastic: K=40.33 D=40.33;[PASS] EMA Rejection: Rejected;[FAIL] Resistance Test: No test;[PASS] Pullback: Detected;[FAIL] Double Top/Bottom: No pattern;[PASS] Range Filter: EMA diff=0.0155 [>0.005];[PASS] Combined Range Filter: diff=0.0155, ADX=25.79, mode=OR"
DOT-USDT,LONG,S1,پرومتئوس (Prometheus),0.97960000,0.94041600,0.00000000,2026-09-07 07:49:27,OPEN,,,,,,10.00,,"[FAIL] Candle Strength 15m: BS15=0.345 [>= 0.6];[FAIL] Candle Strength 5m: BS5=0.345 [>= 0.6];[PASS] EMA Trend 1h: EMA21=0.97, EMA50=0.94;[PASS] EMA Trend 4h: EMA21=0.93, EMA50=0.90, EMA200=0.85;[PASS] RSI 30m: RSI=51.83;[FAIL] MACD 30m: MACD_hist=-0.0024;[FAIL] Smart Pullback: price=0.9796 EMA=0.9785 RSI=51.8 BS=0.345;[PASS] ADX: ADX=29.82 [>22], DI+=31.93, DI-=20.69;[PASS] CCI Momentum: CCI=-16.28;[PASS] SAR: SAR=0.9697, price=0.9796;[FAIL] Stochastic: K=22.40 D=22.40;[PASS] EMA Rejection: Rejected;[FAIL] Resistance Test: No test;[PASS] Pullback: Detected;[FAIL] Double Top/Bottom: No pattern;[PASS] Range Filter: EMA diff=0.0151 [>0.005];[PASS] Combined Range Filter: diff=0.0151, ADX=29.82, mode=AND"
DOT-USDT,LONG,S3,کرونوس (Cronus),0.97960000,0.94041600,0.00000000,2026-09-07 07:49:29,OPEN,,,,,,10.00,,"[FAIL] Candle Strength 15m: BS15=0.345 [>= 0.6];[FAIL] Candle Strength 5m: BS5=0.345 [>= 0.6];[PASS] EMA Trend 1h: EMA21=0.97, EMA50=0.94;[PASS] EMA Trend 4h: EMA21=0.93, EMA50=0.90, EMA200=0.85;[PASS] RSI 30m: RSI=51.83;[FAIL] MACD 30m: MACD_hist=-0.0024;[FAIL] Smart Pullback: price=0.9796 EMA=0.9785 RSI=51.8 BS=0.345;[PASS] ADX: ADX=29.82 [>22], DI+=31.93, DI-=20.69;[PASS] CCI Momentum: CCI=-16.28;[PASS] SAR: SAR=0.9697, price=0.9796;[FAIL] Stochastic: K=22.40 D=22.40;[PASS] EMA Rejection: Rejected;[FAIL] Resistance Test: No test;[PASS] Pullback: Detected;[FAIL] Double Top/Bottom: No pattern;[PASS] Range Filter: EMA diff=0.0151 [>0.005];[PASS] Combined Range Filter: diff=0.0151, ADX=29.82, mode=AND"
DOT-USDT,LONG,B1,هایپریون (Hyperion),0.97960000,0.94041600,0.00000000,2026-09-07 07:49:30,OPEN,,,,,,10.00,,"[FAIL] Candle Strength 15m: BS15=0.345 [>= 0.6];[FAIL] Candle Strength 5m: BS5=0.345 [>= 0.6];[PASS] EMA Trend 1h: EMA21=0.97, EMA50=0.94;[PASS] EMA Trend 4h: EMA21=0.93, EMA50=0.90, EMA200=0.85;[PASS] RSI 30m: RSI=51.83;[FAIL] MACD 30m: MACD_hist=-0.0024;[FAIL] Smart Pullback: price=0.9796 EMA=0.9785 RSI=51.8 BS=0.345;[PASS] ADX: ADX=29.82 [>22], DI+=31.93, DI-=20.69;[PASS] CCI Momentum: CCI=-16.28;[PASS] SAR: SAR=0.9697, price=0.9796;[FAIL] Stochastic: K=22.40 D=22.40;[PASS] EMA Rejection: Rejected;[FAIL] Resistance Test: No test;[PASS] Pullback: Detected;[FAIL] Double Top/Bottom: No pattern;[PASS] Range Filter: EMA diff=0.0151 [>0.005];[PASS] Combined Range Filter: diff=0.0151, ADX=29.82, mode=OR"
LINK-USDT,LONG,S3,کرونوس (Cronus),13.13370000,12.60835200,0.00000000,2026-09-07 07:49:33,OPEN,,,,,,10.00,,"[FAIL] Candle Strength 15m: BS15=0.962 [too high - likely end of move];[FAIL] Candle Strength 5m: BS5=0.962 [too high];[PASS] EMA Trend 1h: EMA21=12.72, EMA50=12.37;[PASS] EMA Trend 4h: EMA21=12.22, EMA50=11.83, EMA200=10.44;[FAIL] RSI 30m: RSI=65.13;[FAIL] MACD 30m: MACD_hist=-0.0173;[FAIL] Smart Pullback: price=13.1337 EMA=12.9062 RSI=65.1 BS=0.962;[PASS] ADX: ADX=43.69 [>22], DI+=42.41, DI-=15.70;[PASS] CCI Momentum: CCI=49.58;[PASS] SAR: SAR=12.9544, price=13.1337;[FAIL] Stochastic: K=64.21 D=64.21;[FAIL] EMA Rejection: No rejection;[FAIL] Resistance Test: No test;[PASS] Pullback: Detected;[PASS] Double Top/Bottom: Pattern=double_bottom;[PASS] Range Filter: EMA diff=0.0221 [>0.005];[PASS] Combined Range Filter: diff=0.0221, ADX=43.69, mode=AND"
LINK-USDT,LONG,B1,هایپریون (Hyperion),13.13370000,12.60835200,0.00000000,2026-09-07 07:49:34,OPEN,,,,,,10.00,,"[FAIL] Candle Strength 15m: BS15=0.962 [too high - likely end of move];[FAIL] Candle Strength 5m: BS5=0.962 [too high];[PASS] EMA Trend 1h: EMA21=12.72, EMA50=12.37;[PASS] EMA Trend 4h: EMA21=12.22, EMA50=11.83, EMA200=10.44;[FAIL] RSI 30m: RSI=65.13;[FAIL] MACD 30m: MACD_hist=-0.0173;[FAIL] Smart Pullback: price=13.1337 EMA=12.9062 RSI=65.1 BS=0.962;[PASS] ADX: ADX=43.69 [>22], DI+=42.41, DI-=15.70;[PASS] CCI Momentum: CCI=49.58;[PASS] SAR: SAR=12.9544, price=13.1337;[FAIL] Stochastic: K=64.21 D=64.21;[FAIL] EMA Rejection: No rejection;[FAIL] Resistance Test: No test;[PASS] Pullback: Detected;[PASS] Double Top/Bottom: Pattern=double_bottom;[PASS] Range Filter: EMA diff=0.0221 [>0.005];[PASS] Combined Range Filter: diff=0.0221, ADX=43.69, mode=OR"
AVAX-USDT,LONG,S1,پرومتئوس (Prometheus),7.81300000,7.50048000,0.00000000,2026-09-07 07:49:36,OPEN,,,,,,10.00,,"[FAIL] Candle Strength 15m: BS15=0.944 [too high - likely end of move];[FAIL] Candle Strength 5m: BS5=0.944 [too high];[PASS] EMA Trend 1h: EMA21=7.75, EMA50=7.65;[PASS] EMA Trend 4h: EMA21=7.60, EMA50=7.47, EMA200=7.04;[PASS] RSI 30m: RSI=54.28;[FAIL] MACD 30m: MACD_hist=-0.0096;[FAIL] Smart Pullback: price=7.8130 EMA=7.7923 RSI=54.3 BS=0.944;[PASS] ADX: ADX=30.84 [>22], DI+=33.63, DI-=20.43;[PASS] CCI Momentum: CCI=1.15;[PASS] SAR: SAR=7.7630, price=7.8130;[FAIL] Stochastic: K=37.50 D=37.50;[PASS] EMA Rejection: Rejected;[FAIL] Resistance Test: No test;[PASS] Pullback: Detected;[FAIL] Double Top/Bottom: No pattern;[PASS] Range Filter: EMA diff=0.0085 [>0.005];[PASS] Combined Range Filter: diff=0.0085, ADX=30.84, mode=AND"
AVAX-USDT,LONG,S3,کرونوس (Cronus),7.81300000,7.50048000,0.00000000,2026-09-07 07:49:37,OPEN,,,,,,10.00,,"[FAIL] Candle Strength 15m: BS15=0.944 [too high - likely end of move];[FAIL] Candle Strength 5m: BS5=0.944 [too high];[PASS] EMA Trend 1h: EMA21=7.75, EMA50=7.65;[PASS] EMA Trend 4h: EMA21=7.60, EMA50=7.47, EMA200=7.04;[PASS] RSI 30m: RSI=54.28;[FAIL] MACD 30m: MACD_hist=-0.0096;[FAIL] Smart Pullback: price=7.8130 EMA=7.7923 RSI=54.3 BS=0.944;[PASS] ADX: ADX=30.84 [>22], DI+=33.63, DI-=20.43;[PASS] CCI Momentum: CCI=1.15;[PASS] SAR: SAR=7.7630, price=7.8130;[FAIL] Stochastic: K=37.50 D=37.50;[PASS] EMA Rejection: Rejected;[FAIL] Resistance Test: No test;[PASS] Pullback: Detected;[FAIL] Double Top/Bottom: No pattern;[PASS] Range Filter: EMA diff=0.0085 [>0.005];[PASS] Combined Range Filter: diff=0.0085, ADX=30.84, mode=AND"
AVAX-USDT,LONG,B1,هایپریون (Hyperion),7.81300000,7.50048000,0.00000000,2026-09-07 07:49:39,OPEN,,,,,,10.00,,"[FAIL] Candle Strength 15m: BS15=0.944 [too high - likely end of move];[FAIL] Candle Strength 5m: BS5=0.944 [too high];[PASS] EMA Trend 1h: EMA21=7.75, EMA50=7.65;[PASS] EMA Trend 4h: EMA21=7.60, EMA50=7.47, EMA200=7.04;[PASS] RSI 30m: RSI=54.28;[FAIL] MACD 30m: MACD_hist=-0.0096;[FAIL] Smart Pullback: price=7.8130 EMA=7.7923 RSI=54.3 BS=0.944;[PASS] ADX: ADX=30.84 [>22], DI+=33.63, DI-=20.43;[PASS] CCI Momentum: CCI=1.15;[PASS] SAR: SAR=7.7630, price=7.8130;[FAIL] Stochastic: K=37.50 D=37.50;[PASS] EMA Rejection: Rejected;[FAIL] Resistance Test: No test;[PASS] Pullback: Detected;[FAIL] Double Top/Bottom: No pattern;[PASS] Range Filter: EMA diff=0.0085 [>0.005];[PASS] Combined Range Filter: diff=0.0085, ADX=30.84, mode=OR"
FIL-USDT,LONG,S3,کرونوس (Cronus),0.80480000,0.77260800,0.00000000,2026-09-07 07:49:40,OPEN,,,,,,10.00,,"[FAIL] Candle Strength 15m: BS15=0.833 [too high - likely end of move];[FAIL] Candle Strength 5m: BS5=0.833 [too high];[PASS] EMA Trend 1h: EMA21=0.80, EMA50=0.79;[PASS] EMA Trend 4h: EMA21=0.79, EMA50=0.77, EMA200=0.73;[PASS] RSI 30m: RSI=52.48;[FAIL] MACD 30m: MACD_hist=-0.0006;[FAIL] Smart Pullback: price=0.8048 EMA=0.8032 RSI=52.5 BS=0.833;[FAIL] ADX: ADX=15.73 [>22], DI+=30.40, DI-=23.31;[PASS] CCI Momentum: CCI=-17.04;[PASS] SAR: SAR=0.7989, price=0.8048;[FAIL] Stochastic: K=33.47 D=33.47;[PASS] EMA Rejection: Rejected;[FAIL] Resistance Test: No test;[PASS] Pullback: Detected;[FAIL] Double Top/Bottom: No pattern;[FAIL] Range Filter: EMA diff=0.0046 [>0.005];[PASS] Combined Range Filter: diff=0.0046, ADX=15.73, mode=AND"
FIL-USDT,LONG,B1,هایپریون (Hyperion),0.80480000,0.77260800,0.00000000,2026-09-07 07:49:42,OPEN,,,,,,10.00,,"[FAIL] Candle Strength 15m: BS15=0.833 [too high - likely end of move];[FAIL] Candle Strength 5m: BS5=0.833 [too high];[PASS] EMA Trend 1h: EMA21=0.80, EMA50=0.79;[PASS] EMA Trend 4h: EMA21=0.79, EMA50=0.77, EMA200=0.73;[PASS] RSI 30m: RSI=52.48;[FAIL] MACD 30m: MACD_hist=-0.0006;[FAIL] Smart Pullback: price=0.8048 EMA=0.8032 RSI=52.5 BS=0.833;[FAIL] ADX: ADX=15.73 [>22], DI+=30.40, DI-=23.31;[PASS] CCI Momentum: CCI=-17.04;[PASS] SAR: SAR=0.7989, price=0.8048;[FAIL] Stochastic: K=33.47 D=33.47;[PASS] EMA Rejection: Rejected;[FAIL] Resistance Test: No test;[PASS] Pullback: Detected;[FAIL] Double Top/Bottom: No pattern;[FAIL] Range Filter: EMA diff=0.0046 [>0.005];[FAIL] Combined Range Filter: diff=0.0046, ADX=15.73, mode=OR"
INJ-USDT,LONG,S1,پرومتئوس (Prometheus),5.48000000,5.26080000,0.00000000,2026-09-07 07:50:01,OPEN,,,,,,10.00,,"[FAIL] Candle Strength 15m: BS15=0.893 [too high - likely end of move];[FAIL] Candle Strength 5m: BS5=0.429 [>= 0.6];[PASS] EMA Trend 1h: EMA21=5.26, EMA50=5.12;[PASS] EMA Trend 4h: EMA21=5.09, EMA50=5.04, EMA200=4.90;[PASS] RSI 30m: RSI=63.76;[PASS] MACD 30m: MACD_hist=0.0128;[FAIL] Smart Pullback: price=5.4800 EMA=5.3437 RSI=63.8 BS=0.893;[PASS] ADX: ADX=43.37 [>22], DI+=34.12, DI-=10.51;[PASS] CCI Momentum: CCI=82.70;[PASS] SAR: SAR=5.4169, price=5.4800;[FAIL] Stochastic: K=70.70 D=70.70;[FAIL] EMA Rejection: No rejection;[FAIL] Resistance Test: No test;[PASS] Pullback: Detected;[FAIL] Double Top/Bottom: No pattern;[PASS] Range Filter: EMA diff=0.0233 [>0.005];[PASS] Combined Range Filter: diff=0.0233, ADX=43.37, mode=AND"
INJ-USDT,LONG,S3,کرونوس (Cronus),5.48000000,5.26080000,0.00000000,2026-09-07 07:50:10,OPEN,,,,,,10.00,,"[FAIL] Candle Strength 15m: BS15=0.893 [too high - likely end of move];[FAIL] Candle Strength 5m: BS5=0.429 [>= 0.6];[PASS] EMA Trend 1h: EMA21=5.26, EMA50=5.12;[PASS] EMA Trend 4h: EMA21=5.09, EMA50=5.04, EMA200=4.90;[PASS] RSI 30m: RSI=63.76;[PASS] MACD 30m: MACD_hist=0.0128;[FAIL] Smart Pullback: price=5.4800 EMA=5.3437 RSI=63.8 BS=0.893;[PASS] ADX: ADX=43.37 [>22], DI+=34.12, DI-=10.51;[PASS] CCI Momentum: CCI=82.70;[PASS] SAR: SAR=5.4169, price=5.4800;[FAIL] Stochastic: K=70.70 D=70.70;[FAIL] EMA Rejection: No rejection;[FAIL] Resistance Test: No test;[PASS] Pullback: Detected;[FAIL] Double Top/Bottom: No pattern;[PASS] Range Filter: EMA diff=0.0233 [>0.005];[PASS] Combined Range Filter: diff=0.0233, ADX=43.37, mode=AND"
INJ-USDT,LONG,B1,هایپریون (Hyperion),5.48000000,5.26080000,0.00000000,2026-09-07 07:50:12,OPEN,,,,,,10.00,,"[FAIL] Candle Strength 15m: BS15=0.893 [too high - likely end of move];[FAIL] Candle Strength 5m: BS5=0.429 [>= 0.6];[PASS] EMA Trend 1h: EMA21=5.26, EMA50=5.12;[PASS] EMA Trend 4h: EMA21=5.09, EMA50=5.04, EMA200=4.90;[PASS] RSI 30m: RSI=63.76;[PASS] MACD 30m: MACD_hist=0.0128;[FAIL] Smart Pullback: price=5.4800 EMA=5.3437 RSI=63.8 BS=0.893;[PASS] ADX: ADX=43.37 [>22], DI+=34.12, DI-=10.51;[PASS] CCI Momentum: CCI=82.70;[PASS] SAR: SAR=5.4169, price=5.4800;[FAIL] Stochastic: K=70.70 D=70.70;[FAIL] EMA Rejection: No rejection;[FAIL] Resistance Test: No test;[PASS] Pullback: Detected;[FAIL] Double Top/Bottom: No pattern;[PASS] Range Filter: EMA diff=0.0233 [>0.005];[PASS] Combined Range Filter: diff=0.0233, ADX=43.37, mode=OR"
SEI-USDT,LONG,S3,کرونوس (Cronus),0.04875000,0.04680000,0.00000000,2026-09-07 07:50:13,OPEN,,,,,,10.00,,"[FAIL] Candle Strength 15m: BS15=0.000 [>= 0.6];[FAIL] Candle Strength 5m: BS5=0.000 [>= 0.6];[PASS] EMA Trend 1h: EMA21=0.05, EMA50=0.05;[PASS] EMA Trend 4h: EMA21=0.05, EMA50=0.05, EMA200=0.04;[PASS] RSI 30m: RSI=51.06;[FAIL] MACD 30m: MACD_hist=-0.0001;[FAIL] Smart Pullback: price=0.0488 EMA=0.0487 RSI=51.1 BS=0.000;[PASS] ADX: ADX=24.88 [>22], DI+=30.99, DI-=18.76;[FAIL] CCI Momentum: CCI=-24.33;[PASS] SAR: SAR=0.0485, price=0.0488;[FAIL] Stochastic: K=26.18 D=26.18;[PASS] EMA Rejection: Rejected;[PASS] Resistance Test: Tested;[PASS] Pullback: Detected;[PASS] Double Top/Bottom: Pattern=double_bottom;[FAIL] Range Filter: EMA diff=0.0039 [>0.005];[PASS] Combined Range Filter: diff=0.0039, ADX=24.88, mode=AND"
SEI-USDT,LONG,B1,هایپریون (Hyperion),0.04875000,0.04680000,0.00000000,2026-09-07 07:50:15,OPEN,,,,,,10.00,,"[FAIL] Candle Strength 15m: BS15=0.000 [>= 0.6];[FAIL] Candle Strength 5m: BS5=0.000 [>= 0.6];[PASS] EMA Trend 1h: EMA21=0.05, EMA50=0.05;[PASS] EMA Trend 4h: EMA21=0.05, EMA50=0.05, EMA200=0.04;[PASS] RSI 30m: RSI=51.06;[FAIL] MACD 30m: MACD_hist=-0.0001;[FAIL] Smart Pullback: price=0.0488 EMA=0.0487 RSI=51.1 BS=0.000;[PASS] ADX: ADX=24.88 [>22], DI+=30.99, DI-=18.76;[FAIL] CCI Momentum: CCI=-24.33;[PASS] SAR: SAR=0.0485, price=0.0488;[FAIL] Stochastic: K=26.18 D=26.18;[PASS] EMA Rejection: Rejected;[PASS] Resistance Test: Tested;[PASS] Pullback: Detected;[PASS] Double Top/Bottom: Pattern=double_bottom;[FAIL] Range Filter: EMA diff=0.0039 [>0.005];[PASS] Combined Range Filter: diff=0.0039, ADX=24.88, mode=OR"
TIA-USDT,LONG,S1,پرومتئوس (Prometheus),0.43320000,0.41587200,0.00000000,2026-09-07 07:50:17,OPEN,,,,,,10.00,,"[FAIL] Candle Strength 15m: BS15=1.000 [too high - likely end of move];[FAIL] Candle Strength 5m: BS5=1.000 [too high];[PASS] EMA Trend 1h: EMA21=0.42, EMA50=0.40;[PASS] EMA Trend 4h: EMA21=0.39, EMA50=0.37, EMA200=0.35;[PASS] RSI 30m: RSI=54.98;[FAIL] MACD 30m: MACD_hist=-0.0024;[FAIL] Smart Pullback: price=0.4332 EMA=0.4281 RSI=55.0 BS=1.000;[PASS] ADX: ADX=39.69 [>22], DI+=26.57, DI-=17.35;[PASS] CCI Momentum: CCI=4.73;[PASS] SAR: SAR=0.4248, price=0.4332;[FAIL] Stochastic: K=16.25 D=16.25;[PASS] EMA Rejection: Rejected;[FAIL] Resistance Test: No test;[PASS] Pullback: Detected;[PASS] Double Top/Bottom: Pattern=double_bottom;[PASS] Range Filter: EMA diff=0.0374 [>0.005];[PASS] Combined Range Filter: diff=0.0374, ADX=39.69, mode=AND"
TIA-USDT,LONG,S3,کرونوس (Cronus),0.43320000,0.41587200,0.00000000,2026-09-07 07:50:18,OPEN,,,,,,10.00,,"[FAIL] Candle Strength 15m: BS15=1.000 [too high - likely end of move];[FAIL] Candle Strength 5m: BS5=1.000 [too high];[PASS] EMA Trend 1h: EMA21=0.42, EMA50=0.40;[PASS] EMA Trend 4h: EMA21=0.39, EMA50=0.37, EMA200=0.35;[PASS] RSI 30m: RSI=54.98;[FAIL] MACD 30m: MACD_hist=-0.0024;[FAIL] Smart Pullback: price=0.4332 EMA=0.4281 RSI=55.0 BS=1.000;[PASS] ADX: ADX=39.69 [>22], DI+=26.57, DI-=17.35;[PASS] CCI Momentum: CCI=4.73;[PASS] SAR: SAR=0.4248, price=0.4332;[FAIL] Stochastic: K=16.25 D=16.25;[PASS] EMA Rejection: Rejected;[FAIL] Resistance Test: No test;[PASS] Pullback: Detected;[PASS] Double Top/Bottom: Pattern=double_bottom;[PASS] Range Filter: EMA diff=0.0374 [>0.005];[PASS] Combined Range Filter: diff=0.0374, ADX=39.69, mode=AND"
TIA-USDT,LONG,B1,هایپریون (Hyperion),0.43320000,0.41587200,0.00000000,2026-09-07 07:50:20,OPEN,,,,,,10.00,,"[FAIL] Candle Strength 15m: BS15=1.000 [too high - likely end of move];[FAIL] Candle Strength 5m: BS5=1.000 [too high];[PASS] EMA Trend 1h: EMA21=0.42, EMA50=0.40;[PASS] EMA Trend 4h: EMA21=0.39, EMA50=0.37, EMA200=0.35;[PASS] RSI 30m: RSI=54.98;[FAIL] MACD 30m: MACD_hist=-0.0024;[FAIL] Smart Pullback: price=0.4332 EMA=0.4281 RSI=55.0 BS=1.000;[PASS] ADX: ADX=39.69 [>22], DI+=26.57, DI-=17.35;[PASS] CCI Momentum: CCI=4.73;[PASS] SAR: SAR=0.4248, price=0.4332;[FAIL] Stochastic: K=16.25 D=16.25;[PASS] EMA Rejection: Rejected;[FAIL] Resistance Test: No test;[PASS] Pullback: Detected;[PASS] Double Top/Bottom: Pattern=double_bottom;[PASS] Range Filter: EMA diff=0.0374 [>0.005];[PASS] Combined Range Filter: diff=0.0374, ADX=39.69, mode=OR"
OP-USDT,LONG,S3,کرونوس (Cronus),0.10950000,0.10512000,0.00000000,2026-09-07 07:50:22,OPEN,,,,,,10.00,,"[FAIL] Candle Strength 15m: BS15=1.000 [too high - likely end of move];[FAIL] Candle Strength 5m: BS5=1.000 [too high];[PASS] EMA Trend 1h: EMA21=0.11, EMA50=0.11;[PASS] EMA Trend 4h: EMA21=0.11, EMA50=0.10, EMA200=0.09;[FAIL] RSI 30m: RSI=49.64;[FAIL] MACD 30m: MACD_hist=-0.0001;[FAIL] Smart Pullback: price=0.1095 EMA=0.1096 RSI=49.6 BS=1.000;[FAIL] ADX: ADX=13.45 [>22], DI+=28.52, DI-=22.10;[FAIL] CCI Momentum: CCI=-54.89;[PASS] SAR: SAR=0.1088, price=0.1095;[FAIL] Stochastic: K=31.91 D=31.91;[PASS] EMA Rejection: Rejected;[PASS] Resistance Test: Tested;[PASS] Pullback: Detected;[FAIL] Double Top/Bottom: No pattern;[PASS] Range Filter: EMA diff=0.0065 [>0.005];[PASS] Combined Range Filter: diff=0.0065, ADX=13.45, mode=AND"
OP-USDT,LONG,B1,هایپریون (Hyperion),0.10950000,0.10512000,0.00000000,2026-09-07 07:50:24,OPEN,,,,,,10.00,,"[FAIL] Candle Strength 15m: BS15=1.000 [too high - likely end of move];[FAIL] Candle Strength 5m: BS5=1.000 [too high];[PASS] EMA Trend 1h: EMA21=0.11, EMA50=0.11;[PASS] EMA Trend 4h: EMA21=0.11, EMA50=0.10, EMA200=0.09;[FAIL] RSI 30m: RSI=49.64;[FAIL] MACD 30m: MACD_hist=-0.0001;[FAIL] Smart Pullback: price=0.1095 EMA=0.1096 RSI=49.6 BS=1.000;[FAIL] ADX: ADX=13.45 [>22], DI+=28.52, DI-=22.10;[FAIL] CCI Momentum: CCI=-54.89;[PASS] SAR: SAR=0.1088, price=0.1095;[FAIL] Stochastic: K=31.91 D=31.91;[PASS] EMA Rejection: Rejected;[PASS] Resistance Test: Tested;[PASS] Pullback: Detected;[FAIL] Double Top/Bottom: No pattern;[PASS] Range Filter: EMA diff=0.0065 [>0.005];[FAIL] Combined Range Filter: diff=0.0065, ADX=13.45, mode=OR"
SHIB-USDT,LONG,S3,کرونوس (Cronus),0.00000548,0.00000526,0.00000000,2026-09-07 07:50:25,OPEN,,,,,,10.00,,"[FAIL] Candle Strength 15m: BS15=0.010 [>= 0.6];[FAIL] Candle Strength 5m: BS5=0.000 [>= 0.6];[PASS] EMA Trend 1h: EMA21=0.00, EMA50=0.00;[PASS] EMA Trend 4h: EMA21=0.00, EMA50=0.00, EMA200=0.00;[PASS] RSI 30m: RSI=50.37;[FAIL] MACD 30m: MACD_hist=-0.0000;[FAIL] Smart Pullback: price=0.0000 EMA=0.0000 RSI=50.4 BS=1.000;[PASS] ADX: ADX=22.03 [>22], DI+=30.61, DI-=22.37;[FAIL] CCI Momentum: CCI=-29.83;[PASS] SAR: SAR=0.0000, price=0.0000;[FAIL] Stochastic: K=23.81 D=23.81;[PASS] EMA Rejection: Rejected;[PASS] Resistance Test: Tested;[PASS] Pullback: Detected;[PASS] Double Top/Bottom: Pattern=double_top;[FAIL] Range Filter: EMA diff=0.0026 [>0.005];[PASS] Combined Range Filter: diff=0.0026, ADX=22.03, mode=AND"
SHIB-USDT,LONG,B1,هایپریون (Hyperion),0.00000548,0.00000526,0.00000000,2026-09-07 07:50:27,OPEN,,,,,,10.00,,"[FAIL] Candle Strength 15m: BS15=0.010 [>= 0.6];[FAIL] Candle Strength 5m: BS5=0.000 [>= 0.6];[PASS] EMA Trend 1h: EMA21=0.00, EMA50=0.00;[PASS] EMA Trend 4h: EMA21=0.00, EMA50=0.00, EMA200=0.00;[PASS] RSI 30m: RSI=50.37;[FAIL] MACD 30m: MACD_hist=-0.0000;[FAIL] Smart Pullback: price=0.0000 EMA=0.0000 RSI=50.4 BS=1.000;[PASS] ADX: ADX=22.03 [>22], DI+=30.61, DI-=22.37;[FAIL] CCI Momentum: CCI=-29.83;[PASS] SAR: SAR=0.0000, price=0.0000;[FAIL] Stochastic: K=23.81 D=23.81;[PASS] EMA Rejection: Rejected;[PASS] Resistance Test: Tested;[PASS] Pullback: Detected;[PASS] Double Top/Bottom: Pattern=double_top;[FAIL] Range Filter: EMA diff=0.0026 [>0.005];[FAIL] Combined Range Filter: diff=0.0026, ADX=22.03, mode=OR"
DOGE-USDT,LONG,S3,کرونوس (Cronus),0.08966000,0.08607360,0.00000000,2026-09-07 08:15:14,OPEN,,,,,,10.00,,"[PASS] Candle Strength 15m: BS15=0.667 [>= 0.6];[PASS] Candle Strength 5m: BS5=0.667 [>= 0.6];[PASS] EMA Trend 1h: EMA21=0.09, EMA50=0.09;[PASS] EMA Trend 4h: EMA21=0.09, EMA50=0.09, EMA200=0.08;[FAIL] RSI 30m: RSI=45.68;[FAIL] MACD 30m: MACD_hist=-0.0001;[PASS] Smart Pullback: price=0.0897 EMA=0.0899 RSI=45.7 BS=0.667;[FAIL] ADX: ADX=14.15 [>22], DI+=24.13, DI-=25.03;[FAIL] CCI Momentum: CCI=-89.93;[PASS] SAR: SAR=0.0893, price=0.0897;[FAIL] Stochastic: K=22.22 D=22.22;[PASS] EMA Rejection: Rejected;[FAIL] Resistance Test: No test;[PASS] Pullback: Detected;[PASS] Double Top/Bottom: Pattern=double_top;[FAIL] Range Filter: EMA diff=0.0017 [>0.005];[FAIL] Combined Range Filter: diff=0.0017, ADX=14.15, mode=AND"
DOGE-USDT,LONG,B1,هایپریون (Hyperion),0.08966000,0.08607360,0.00000000,2026-09-07 08:15:16,OPEN,,,,,,10.00,,"[PASS] Candle Strength 15m: BS15=0.667 [>= 0.6];[PASS] Candle Strength 5m: BS5=0.667 [>= 0.6];[PASS] EMA Trend 1h: EMA21=0.09, EMA50=0.09;[PASS] EMA Trend 4h: EMA21=0.09, EMA50=0.09, EMA200=0.08;[FAIL] RSI 30m: RSI=45.68;[FAIL] MACD 30m: MACD_hist=-0.0001;[PASS] Smart Pullback: price=0.0897 EMA=0.0899 RSI=45.7 BS=0.667;[FAIL] ADX: ADX=14.15 [>22], DI+=24.13, DI-=25.03;[FAIL] CCI Momentum: CCI=-89.93;[PASS] SAR: SAR=0.0893, price=0.0897;[FAIL] Stochastic: K=22.22 D=22.22;[PASS] EMA Rejection: Rejected;[FAIL] Resistance Test: No test;[PASS] Pullback: Detected;[PASS] Double Top/Bottom: Pattern=double_top;[FAIL] Range Filter: EMA diff=0.0017 [>0.005];[FAIL] Combined Range Filter: diff=0.0017, ADX=14.15, mode=OR"
NEAR-USDT,LONG,S1,پرومتئوس (Prometheus),2.42560000,2.32857600,0.00000000,2026-09-07 08:15:18,OPEN,,,,,,10.00,,"[FAIL] Candle Strength 15m: BS15=0.485 [>= 0.6];[FAIL] Candle Strength 5m: BS5=0.485 [>= 0.6];[PASS] EMA Trend 1h: EMA21=2.39, EMA50=2.30;[PASS] EMA Trend 4h: EMA21=2.24, EMA50=2.09, EMA200=1.86;[PASS] RSI 30m: RSI=55.39;[FAIL] MACD 30m: MACD_hist=-0.0043;[FAIL] Smart Pullback: price=2.4256 EMA=2.4047 RSI=55.4 BS=0.485;[PASS] ADX: ADX=25.30 [>22], DI+=24.96, DI-=17.01;[PASS] CCI Momentum: CCI=-3.81;[PASS] SAR: SAR=2.3870, price=2.4256;[FAIL] Stochastic: K=51.50 D=51.50;[PASS] EMA Rejection: Rejected;[PASS] Resistance Test: Tested;[PASS] Pullback: Detected;[FAIL] Double Top/Bottom: No pattern;[PASS] Range Filter: EMA diff=0.0151 [>0.005];[PASS] Combined Range Filter: diff=0.0151, ADX=25.30, mode=AND"
NEAR-USDT,LONG,S3,کرونوس (Cronus),2.42560000,2.32857600,0.00000000,2026-09-07 08:15:20,OPEN,,,,,,10.00,,"[FAIL] Candle Strength 15m: BS15=0.485 [>= 0.6];[FAIL] Candle Strength 5m: BS5=0.485 [>= 0.6];[PASS] EMA Trend 1h: EMA21=2.39, EMA50=2.30;[PASS] EMA Trend 4h: EMA21=2.24, EMA50=2.09, EMA200=1.86;[PASS] RSI 30m: RSI=55.39;[FAIL] MACD 30m: MACD_hist=-0.0043;[FAIL] Smart Pullback: price=2.4256 EMA=2.4047 RSI=55.4 BS=0.485;[PASS] ADX: ADX=25.30 [>22], DI+=24.96, DI-=17.01;[PASS] CCI Momentum: CCI=-3.81;[PASS] SAR: SAR=2.3870, price=2.4256;[FAIL] Stochastic: K=51.50 D=51.50;[PASS] EMA Rejection: Rejected;[PASS] Resistance Test: Tested;[PASS] Pullback: Detected;[FAIL] Double Top/Bottom: No pattern;[PASS] Range Filter: EMA diff=0.0151 [>0.005];[PASS] Combined Range Filter: diff=0.0151, ADX=25.30, mode=AND"
NEAR-USDT,LONG,B1,هایپریون (Hyperion),2.42560000,2.32857600,0.00000000,2026-09-07 08:15:21,OPEN,,,,,,10.00,,"[FAIL] Candle Strength 15m: BS15=0.485 [>= 0.6];[FAIL] Candle Strength 5m: BS5=0.485 [>= 0.6];[PASS] EMA Trend 1h: EMA21=2.39, EMA50=2.30;[PASS] EMA Trend 4h: EMA21=2.24, EMA50=2.09, EMA200=1.86;[PASS] RSI 30m: RSI=55.39;[FAIL] MACD 30m: MACD_hist=-0.0043;[FAIL] Smart Pullback: price=2.4256 EMA=2.4047 RSI=55.4 BS=0.485;[PASS] ADX: ADX=25.30 [>22], DI+=24.96, DI-=17.01;[PASS] CCI Momentum: CCI=-3.81;[PASS] SAR: SAR=2.3870, price=2.4256;[FAIL] Stochastic: K=51.50 D=51.50;[PASS] EMA Rejection: Rejected;[PASS] Resistance Test: Tested;[PASS] Pullback: Detected;[FAIL] Double Top/Bottom: No pattern;[PASS] Range Filter: EMA diff=0.0151 [>0.005];[PASS] Combined Range Filter: diff=0.0151, ADX=25.30, mode=OR"
LINK-USDT,LONG,S1,پرومتئوس (Prometheus),13.09430000,12.57052800,0.00000000,2026-09-07 08:15:24,OPEN,,,,,,10.00,,"[FAIL] Candle Strength 15m: BS15=0.358 [>= 0.6];[FAIL] Candle Strength 5m: BS5=0.358 [>= 0.6];[PASS] EMA Trend 1h: EMA21=12.72, EMA50=12.37;[PASS] EMA Trend 4h: EMA21=12.22, EMA50=11.83, EMA200=10.44;[PASS] RSI 30m: RSI=63.08;[FAIL] MACD 30m: MACD_hist=-0.0205;[FAIL] Smart Pullback: price=13.0943 EMA=12.9221 RSI=63.1 BS=0.358;[PASS] ADX: ADX=44.27 [>22], DI+=41.86, DI-=14.33;[PASS] CCI Momentum: CCI=43.07;[PASS] SAR: SAR=13.0218, price=13.0943;[FAIL] Stochastic: K=56.96 D=56.96;[FAIL] EMA Rejection: No rejection;[FAIL] Resistance Test: No test;[PASS] Pullback: Detected;[PASS] Double Top/Bottom: Pattern=double_top;[PASS] Range Filter: EMA diff=0.0220 [>0.005];[PASS] Combined Range Filter: diff=0.0220, ADX=44.27, mode=AND"
INJ-USDT,LONG,S3,کرونوس (Cronus),5.53200000,5.31072000,0.00000000,2026-09-07 08:15:26,OPEN,,,,,,10.00,,"[FAIL] Candle Strength 15m: BS15=0.000 [>= 0.6];[FAIL] Candle Strength 5m: BS5=0.000 [>= 0.6];[PASS] EMA Trend 1h: EMA21=5.27, EMA50=5.12;[PASS] EMA Trend 4h: EMA21=5.10, EMA50=5.04, EMA200=4.90;[FAIL] RSI 30m: RSI=66.57;[PASS] MACD 30m: MACD_hist=0.0119;[FAIL] Smart Pullback: price=5.5320 EMA=5.3604 RSI=66.6 BS=0.000;[PASS] ADX: ADX=44.28 [>22], DI+=35.11, DI-=9.88;[PASS] CCI Momentum: CCI=95.30;[PASS] SAR: SAR=5.4489, price=5.5320;[FAIL] Stochastic: K=80.86 D=80.86;[FAIL] EMA Rejection: No rejection;[FAIL] Resistance Test: No test;[PASS] Pullback: Detected;[PASS] Double Top/Bottom: Pattern=double_bottom;[PASS] Range Filter: EMA diff=0.0239 [>0.005];[PASS] Combined Range Filter: diff=0.0239, ADX=44.28, mode=AND"
INJ-USDT,LONG,B1,هایپریون (Hyperion),5.53200000,5.31072000,0.00000000,2026-09-07 08:15:28,OPEN,,,,,,10.00,,"[FAIL] Candle Strength 15m: BS15=0.000 [>= 0.6];[FAIL] Candle Strength 5m: BS5=0.000 [>= 0.6];[PASS] EMA Trend 1h: EMA21=5.27, EMA50=5.12;[PASS] EMA Trend 4h: EMA21=5.10, EMA50=5.04, EMA200=4.90;[FAIL] RSI 30m: RSI=66.57;[PASS] MACD 30m: MACD_hist=0.0119;[FAIL] Smart Pullback: price=5.5320 EMA=5.3604 RSI=66.6 BS=0.000;[PASS] ADX: ADX=44.28 [>22], DI+=35.11, DI-=9.88;[PASS] CCI Momentum: CCI=95.30;[PASS] SAR: SAR=5.4489, price=5.5320;[FAIL] Stochastic: K=80.86 D=80.86;[FAIL] EMA Rejection: No rejection;[FAIL] Resistance Test: No test;[PASS] Pullback: Detected;[PASS] Double Top/Bottom: Pattern=double_bottom;[PASS] Range Filter: EMA diff=0.0239 [>0.005];[PASS] Combined Range Filter: diff=0.0239, ADX=44.28, mode=OR"
ETH-USDT,LONG,S3,کرونوس (Cronus),2509.04000000,2408.67840000,0.00000000,2026-09-07 08:47:56,OPEN,,,,,,10.00,,"[FAIL] Candle Strength 15m: BS15=0.998 [too high - likely end of move];[FAIL] Candle Strength 5m: BS5=0.998 [too high];[PASS] EMA Trend 1h: EMA21=2500.07, EMA50=2489.89;[PASS] EMA Trend 4h: EMA21=2482.62, EMA50=2462.17, EMA200=2235.33;[PASS] RSI 30m: RSI=55.93;[FAIL] MACD 30m: MACD_hist=-1.0910;[FAIL] Smart Pullback: price=2509.0400 EMA=2503.1221 RSI=55.9 BS=0.998;[FAIL] ADX: ADX=19.17 [>22], DI+=33.52, DI-=21.82;[PASS] CCI Momentum: CCI=-2.56;[PASS] SAR: SAR=2492.6840, price=2509.0400;[FAIL] Stochastic: K=37.90 D=37.90;[PASS] EMA Rejection: Rejected;[PASS] Resistance Test: Tested;[PASS] Pullback: Detected;[PASS] Double Top/Bottom: Pattern=double_top;[FAIL] Range Filter: EMA diff=0.0021 [>0.005];[FAIL] Combined Range Filter: diff=0.0021, ADX=19.17, mode=AND"
ETH-USDT,LONG,B1,هایپریون (Hyperion),2509.04000000,2408.67840000,0.00000000,2026-09-07 08:47:57,OPEN,,,,,,10.00,,"[FAIL] Candle Strength 15m: BS15=0.998 [too high - likely end of move];[FAIL] Candle Strength 5m: BS5=0.998 [too high];[PASS] EMA Trend 1h: EMA21=2500.07, EMA50=2489.89;[PASS] EMA Trend 4h: EMA21=2482.62, EMA50=2462.17, EMA200=2235.33;[PASS] RSI 30m: RSI=55.93;[FAIL] MACD 30m: MACD_hist=-1.0910;[FAIL] Smart Pullback: price=2509.0400 EMA=2503.1221 RSI=55.9 BS=0.998;[FAIL] ADX: ADX=19.17 [>22], DI+=33.52, DI-=21.82;[PASS] CCI Momentum: CCI=-2.56;[PASS] SAR: SAR=2492.6840, price=2509.0400;[FAIL] Stochastic: K=37.90 D=37.90;[PASS] EMA Rejection: Rejected;[PASS] Resistance Test: Tested;[PASS] Pullback: Detected;[PASS] Double Top/Bottom: Pattern=double_top;[FAIL] Range Filter: EMA diff=0.0021 [>0.005];[FAIL] Combined Range Filter: diff=0.0021, ADX=19.17, mode=OR"
LTC-USDT,LONG,S3,کرونوس (Cronus),54.68000000,52.49280000,0.00000000,2026-09-07 08:47:59,OPEN,,,,,,10.00,,"[FAIL] Candle Strength 15m: BS15=1.000 [too high - likely end of move];[FAIL] Candle Strength 5m: BS5=1.000 [too high];[PASS] EMA Trend 1h: EMA21=54.44, EMA50=53.87;[PASS] EMA Trend 4h: EMA21=53.25, EMA50=51.75, EMA200=48.61;[PASS] RSI 30m: RSI=52.52;[FAIL] MACD 30m: MACD_hist=-0.0409;[FAIL] Smart Pullback: price=54.6800 EMA=54.5218 RSI=52.5 BS=1.000;[FAIL] ADX: ADX=16.46 [>22], DI+=27.81, DI-=20.35;[PASS] CCI Momentum: CCI=-0.55;[PASS] SAR: SAR=54.2390, price=54.6800;[FAIL] Stochastic: K=32.49 D=32.49;[PASS] EMA Rejection: Rejected;[PASS] Resistance Test: Tested;[PASS] Pullback: Detected;[FAIL] Double Top/Bottom: No pattern;[FAIL] Range Filter: EMA diff=0.0024 [>0.005];[FAIL] Combined Range Filter: diff=0.0024, ADX=16.46, mode=AND"
LTC-USDT,LONG,B1,هایپریون (Hyperion),54.68000000,52.49280000,0.00000000,2026-09-07 08:48:01,OPEN,,,,,,10.00,,"[FAIL] Candle Strength 15m: BS15=1.000 [too high - likely end of move];[FAIL] Candle Strength 5m: BS5=1.000 [too high];[PASS] EMA Trend 1h: EMA21=54.44, EMA50=53.87;[PASS] EMA Trend 4h: EMA21=53.25, EMA50=51.75, EMA200=48.61;[PASS] RSI 30m: RSI=52.52;[FAIL] MACD 30m: MACD_hist=-0.0409;[FAIL] Smart Pullback: price=54.6800 EMA=54.5218 RSI=52.5 BS=1.000;[FAIL] ADX: ADX=16.46 [>22], DI+=27.81, DI-=20.35;[PASS] CCI Momentum: CCI=-0.55;[PASS] SAR: SAR=54.2390, price=54.6800;[FAIL] Stochastic: K=32.49 D=32.49;[PASS] EMA Rejection: Rejected;[PASS] Resistance Test: Tested;[PASS] Pullback: Detected;[FAIL] Double Top/Bottom: No pattern;[FAIL] Range Filter: EMA diff=0.0024 [>0.005];[FAIL] Combined Range Filter: diff=0.0024, ADX=16.46, mode=OR"
SUI-USDT,LONG,S3,کرونوس (Cronus),0.80640000,0.77414400,0.00000000,2026-09-07 08:48:03,OPEN,,,,,,10.00,,"[FAIL] Candle Strength 15m: BS15=1.000 [too high - likely end of move];[FAIL] Candle Strength 5m: BS5=1.000 [too high];[PASS] EMA Trend 1h: EMA21=0.80, EMA50=0.79;[PASS] EMA Trend 4h: EMA21=0.79, EMA50=0.77, EMA200=0.73;[PASS] RSI 30m: RSI=53.81;[FAIL] MACD 30m: MACD_hist=-0.0009;[FAIL] Smart Pullback: price=0.8064 EMA=0.8021 RSI=53.8 BS=1.000;[FAIL] ADX: ADX=14.69 [>22], DI+=30.03, DI-=20.12;[PASS] CCI Momentum: CCI=-15.34;[PASS] SAR: SAR=0.7945, price=0.8064;[FAIL] Stochastic: K=44.94 D=44.94;[PASS] EMA Rejection: Rejected;[PASS] Resistance Test: Tested;[PASS] Pullback: Detected;[FAIL] Double Top/Bottom: No pattern;[FAIL] Range Filter: EMA diff=0.0026 [>0.005];[FAIL] Combined Range Filter: diff=0.0026, ADX=14.69, mode=AND"
SUI-USDT,LONG,B1,هایپریون (Hyperion),0.80640000,0.77414400,0.00000000,2026-09-07 08:48:04,OPEN,,,,,,10.00,,"[FAIL] Candle Strength 15m: BS15=1.000 [too high - likely end of move];[FAIL] Candle Strength 5m: BS5=1.000 [too high];[PASS] EMA Trend 1h: EMA21=0.80, EMA50=0.79;[PASS] EMA Trend 4h: EMA21=0.79, EMA50=0.77, EMA200=0.73;[PASS] RSI 30m: RSI=53.81;[FAIL] MACD 30m: MACD_hist=-0.0009;[FAIL] Smart Pullback: price=0.8064 EMA=0.8021 RSI=53.8 BS=1.000;[FAIL] ADX: ADX=14.69 [>22], DI+=30.03, DI-=20.12;[PASS] CCI Momentum: CCI=-15.34;[PASS] SAR: SAR=0.7945, price=0.8064;[FAIL] Stochastic: K=44.94 D=44.94;[PASS] EMA Rejection: Rejected;[PASS] Resistance Test: Tested;[PASS] Pullback: Detected;[FAIL] Double Top/Bottom: No pattern;[FAIL] Range Filter: EMA diff=0.0026 [>0.005];[FAIL] Combined Range Filter: diff=0.0026, ADX=14.69, mode=OR"
NEAR-USDT,LONG,S1,پرومتئوس (Prometheus),2.44030000,2.34268800,0.00000000,2026-09-07 08:48:06,OPEN,,,,,,10.00,,"[FAIL] Candle Strength 15m: BS15=0.275 [>= 0.6];[FAIL] Candle Strength 5m: BS5=0.275 [>= 0.6];[PASS] EMA Trend 1h: EMA21=2.39, EMA50=2.31;[PASS] EMA Trend 4h: EMA21=2.24, EMA50=2.09, EMA200=1.86;[PASS] RSI 30m: RSI=57.85;[FAIL] MACD 30m: MACD_hist=-0.0013;[FAIL] Smart Pullback: price=2.4403 EMA=2.4086 RSI=57.8 BS=0.275;[PASS] ADX: ADX=25.42 [>22], DI+=26.57, DI-=15.97;[PASS] CCI Momentum: CCI=47.29;[PASS] SAR: SAR=2.3989, price=2.4403;[FAIL] Stochastic: K=67.74 D=67.74;[PASS] EMA Rejection: Rejected;[PASS] Resistance Test: Tested;[PASS] Pullback: Detected;[PASS] Double Top/Bottom: Pattern=double_top;[PASS] Range Filter: EMA diff=0.0153 [>0.005];[PASS] Combined Range Filter: diff=0.0153, ADX=25.42, mode=AND"
NEAR-USDT,LONG,S3,کرونوس (Cronus),2.44030000,2.34268800,0.00000000,2026-09-07 08:48:07,OPEN,,,,,,10.00,,"[FAIL] Candle Strength 15m: BS15=0.275 [>= 0.6];[FAIL] Candle Strength 5m: BS5=0.275 [>= 0.6];[PASS] EMA Trend 1h: EMA21=2.39, EMA50=2.31;[PASS] EMA Trend 4h: EMA21=2.24, EMA50=2.09, EMA200=1.86;[PASS] RSI 30m: RSI=57.85;[FAIL] MACD 30m: MACD_hist=-0.0013;[FAIL] Smart Pullback: price=2.4403 EMA=2.4086 RSI=57.8 BS=0.275;[PASS] ADX: ADX=25.42 [>22], DI+=26.57, DI-=15.97;[PASS] CCI Momentum: CCI=47.29;[PASS] SAR: SAR=2.3989, price=2.4403;[FAIL] Stochastic: K=67.74 D=67.74;[PASS] EMA Rejection: Rejected;[PASS] Resistance Test: Tested;[PASS] Pullback: Detected;[PASS] Double Top/Bottom: Pattern=double_top;[PASS] Range Filter: EMA diff=0.0153 [>0.005];[PASS] Combined Range Filter: diff=0.0153, ADX=25.42, mode=AND"
NEAR-USDT,LONG,B1,هایپریون (Hyperion),2.44030000,2.34268800,0.00000000,2026-09-07 08:48:08,OPEN,,,,,,10.00,,"[FAIL] Candle Strength 15m: BS15=0.275 [>= 0.6];[FAIL] Candle Strength 5m: BS5=0.275 [>= 0.6];[PASS] EMA Trend 1h: EMA21=2.39, EMA50=2.31;[PASS] EMA Trend 4h: EMA21=2.24, EMA50=2.09, EMA200=1.86;[PASS] RSI 30m: RSI=57.85;[FAIL] MACD 30m: MACD_hist=-0.0013;[FAIL] Smart Pullback: price=2.4403 EMA=2.4086 RSI=57.8 BS=0.275;[PASS] ADX: ADX=25.42 [>22], DI+=26.57, DI-=15.97;[PASS] CCI Momentum: CCI=47.29;[PASS] SAR: SAR=2.3989, price=2.4403;[FAIL] Stochastic: K=67.74 D=67.74;[PASS] EMA Rejection: Rejected;[PASS] Resistance Test: Tested;[PASS] Pullback: Detected;[PASS] Double Top/Bottom: Pattern=double_top;[PASS] Range Filter: EMA diff=0.0153 [>0.005];[PASS] Combined Range Filter: diff=0.0153, ADX=25.42, mode=OR"
DOT-USDT,LONG,S1,پرومتئوس (Prometheus),0.98680000,0.94732800,0.00000000,2026-09-07 08:48:10,OPEN,,,,,,10.00,,"[FAIL] Candle Strength 15m: BS15=0.862 [too high - likely end of move];[FAIL] Candle Strength 5m: BS5=0.862 [too high];[PASS] EMA Trend 1h: EMA21=0.97, EMA50=0.95;[PASS] EMA Trend 4h: EMA21=0.93, EMA50=0.90, EMA200=0.85;[PASS] RSI 30m: RSI=55.00;[FAIL] MACD 30m: MACD_hist=-0.0019;[FAIL] Smart Pullback: price=0.9868 EMA=0.9795 RSI=55.0 BS=0.862;[PASS] ADX: ADX=29.06 [>22], DI+=32.93, DI-=19.17;[PASS] CCI Momentum: CCI=19.17;[PASS] SAR: SAR=0.9765, price=0.9868;[FAIL] Stochastic: K=31.26 D=31.26;[PASS] EMA Rejection: Rejected;[FAIL] Resistance Test: No test;[PASS] Pullback: Detected;[FAIL] Double Top/Bottom: No pattern;[PASS] Range Filter: EMA diff=0.0143 [>0.005];[PASS] Combined Range Filter: diff=0.0143, ADX=29.06, mode=AND"
DOT-USDT,LONG,S3,کرونوس (Cronus),0.98680000,0.94732800,0.00000000,2026-09-07 08:48:11,OPEN,,,,,,10.00,,"[FAIL] Candle Strength 15m: BS15=0.862 [too high - likely end of move];[FAIL] Candle Strength 5m: BS5=0.862 [too high];[PASS] EMA Trend 1h: EMA21=0.97, EMA50=0.95;[PASS] EMA Trend 4h: EMA21=0.93, EMA50=0.90, EMA200=0.85;[PASS] RSI 30m: RSI=55.00;[FAIL] MACD 30m: MACD_hist=-0.0019;[FAIL] Smart Pullback: price=0.9868 EMA=0.9795 RSI=55.0 BS=0.862;[PASS] ADX: ADX=29.06 [>22], DI+=32.93, DI-=19.17;[PASS] CCI Momentum: CCI=19.17;[PASS] SAR: SAR=0.9765, price=0.9868;[FAIL] Stochastic: K=31.26 D=31.26;[PASS] EMA Rejection: Rejected;[FAIL] Resistance Test: No test;[PASS] Pullback: Detected;[FAIL] Double Top/Bottom: No pattern;[PASS] Range Filter: EMA diff=0.0143 [>0.005];[PASS] Combined Range Filter: diff=0.0143, ADX=29.06, mode=AND"
DOT-USDT,LONG,B1,هایپریون (Hyperion),0.98680000,0.94732800,0.00000000,2026-09-07 08:48:13,OPEN,,,,,,10.00,,"[FAIL] Candle Strength 15m: BS15=0.862 [too high - likely end of move];[FAIL] Candle Strength 5m: BS5=0.862 [too high];[PASS] EMA Trend 1h: EMA21=0.97, EMA50=0.95;[PASS] EMA Trend 4h: EMA21=0.93, EMA50=0.90, EMA200=0.85;[PASS] RSI 30m: RSI=55.00;[FAIL] MACD 30m: MACD_hist=-0.0019;[FAIL] Smart Pullback: price=0.9868 EMA=0.9795 RSI=55.0 BS=0.862;[PASS] ADX: ADX=29.06 [>22], DI+=32.93, DI-=19.17;[PASS] CCI Momentum: CCI=19.17;[PASS] SAR: SAR=0.9765, price=0.9868;[FAIL] Stochastic: K=31.26 D=31.26;[PASS] EMA Rejection: Rejected;[FAIL] Resistance Test: No test;[PASS] Pullback: Detected;[FAIL] Double Top/Bottom: No pattern;[PASS] Range Filter: EMA diff=0.0143 [>0.005];[PASS] Combined Range Filter: diff=0.0143, ADX=29.06, mode=OR"
LINK-USDT,LONG,S3,کرونوس (Cronus),13.18660000,12.65913600,0.00000000,2026-09-07 08:48:31,OPEN,,,,,,10.00,,"[PASS] Candle Strength 15m: BS15=0.649 [>= 0.6];[PASS] Candle Strength 5m: BS5=0.649 [>= 0.6];[PASS] EMA Trend 1h: EMA21=12.76, EMA50=12.40;[PASS] EMA Trend 4h: EMA21=12.23, EMA50=11.83, EMA200=10.44;[FAIL] RSI 30m: RSI=65.92;[FAIL] MACD 30m: MACD_hist=-0.0174;[FAIL] Smart Pullback: price=13.1866 EMA=12.9446 RSI=65.9 BS=0.649;[PASS] ADX: ADX=44.74 [>22], DI+=41.42, DI-=13.50;[PASS] CCI Momentum: CCI=62.00;[PASS] SAR: SAR=13.0300, price=13.1866;[FAIL] Stochastic: K=69.07 D=69.07;[FAIL] EMA Rejection: No rejection;[FAIL] Resistance Test: No test;[PASS] Pullback: Detected;[PASS] Double Top/Bottom: Pattern=double_top;[PASS] Range Filter: EMA diff=0.0220 [>0.005];[PASS] Combined Range Filter: diff=0.0220, ADX=44.74, mode=AND"
LINK-USDT,LONG,B1,هایپریون (Hyperion),13.18660000,12.65913600,0.00000000,2026-09-07 08:48:47,OPEN,,,,,,10.00,,"[PASS] Candle Strength 15m: BS15=0.649 [>= 0.6];[PASS] Candle Strength 5m: BS5=0.649 [>= 0.6];[PASS] EMA Trend 1h: EMA21=12.76, EMA50=12.40;[PASS] EMA Trend 4h: EMA21=12.23, EMA50=11.83, EMA200=10.44;[FAIL] RSI 30m: RSI=65.92;[FAIL] MACD 30m: MACD_hist=-0.0174;[FAIL] Smart Pullback: price=13.1866 EMA=12.9446 RSI=65.9 BS=0.649;[PASS] ADX: ADX=44.74 [>22], DI+=41.42, DI-=13.50;[PASS] CCI Momentum: CCI=62.00;[PASS] SAR: SAR=13.0300, price=13.1866;[FAIL] Stochastic: K=69.07 D=69.07;[FAIL] EMA Rejection: No rejection;[FAIL] Resistance Test: No test;[PASS] Pullback: Detected;[PASS] Double Top/Bottom: Pattern=double_top;[PASS] Range Filter: EMA diff=0.0220 [>0.005];[PASS] Combined Range Filter: diff=0.0220, ADX=44.74, mode=OR"
AVAX-USDT,LONG,S1,پرومتئوس (Prometheus),7.88500000,7.56960000,0.00000000,2026-09-07 08:48:49,OPEN,,,,,,10.00,,"[FAIL] Candle Strength 15m: BS15=0.952 [too high - likely end of move];[FAIL] Candle Strength 5m: BS5=0.952 [too high];[PASS] EMA Trend 1h: EMA21=7.76, EMA50=7.66;[PASS] EMA Trend 4h: EMA21=7.61, EMA50=7.47, EMA200=7.04;[PASS] RSI 30m: RSI=61.29;[FAIL] MACD 30m: MACD_hist=-0.0055;[FAIL] Smart Pullback: price=7.8850 EMA=7.8025 RSI=61.3 BS=0.952;[PASS] ADX: ADX=30.97 [>22], DI+=38.40, DI-=17.91;[PASS] CCI Momentum: CCI=62.30;[PASS] SAR: SAR=7.7919, price=7.8850;[FAIL] Stochastic: K=61.19 D=61.19;[PASS] EMA Rejection: Rejected;[FAIL] Resistance Test: No test;[PASS] Pullback: Detected;[FAIL] Double Top/Bottom: No pattern;[PASS] Range Filter: EMA diff=0.0085 [>0.005];[PASS] Combined Range Filter: diff=0.0085, ADX=30.97, mode=AND"
AVAX-USDT,LONG,S3,کرونوس (Cronus),7.88500000,7.56960000,0.00000000,2026-09-07 08:48:50,OPEN,,,,,,10.00,,"[FAIL] Candle Strength 15m: BS15=0.952 [too high - likely end of move];[FAIL] Candle Strength 5m: BS5=0.952 [too high];[PASS] EMA Trend 1h: EMA21=7.76, EMA50=7.66;[PASS] EMA Trend 4h: EMA21=7.61, EMA50=7.47, EMA200=7.04;[PASS] RSI 30m: RSI=61.29;[FAIL] MACD 30m: MACD_hist=-0.0055;[FAIL] Smart Pullback: price=7.8850 EMA=7.8025 RSI=61.3 BS=0.952;[PASS] ADX: ADX=30.97 [>22], DI+=38.40, DI-=17.91;[PASS] CCI Momentum: CCI=62.30;[PASS] SAR: SAR=7.7919, price=7.8850;[FAIL] Stochastic: K=61.19 D=61.19;[PASS] EMA Rejection: Rejected;[FAIL] Resistance Test: No test;[PASS] Pullback: Detected;[FAIL] Double Top/Bottom: No pattern;[PASS] Range Filter: EMA diff=0.0085 [>0.005];[PASS] Combined Range Filter: diff=0.0085, ADX=30.97, mode=AND"
AVAX-USDT,LONG,B1,هایپریون (Hyperion),7.88500000,7.56960000,0.00000000,2026-09-07 08:48:52,OPEN,,,,,,10.00,,"[FAIL] Candle Strength 15m: BS15=0.952 [too high - likely end of move];[FAIL] Candle Strength 5m: BS5=0.952 [too high];[PASS] EMA Trend 1h: EMA21=7.76, EMA50=7.66;[PASS] EMA Trend 4h: EMA21=7.61, EMA50=7.47, EMA200=7.04;[PASS] RSI 30m: RSI=61.29;[FAIL] MACD 30m: MACD_hist=-0.0055;[FAIL] Smart Pullback: price=7.8850 EMA=7.8025 RSI=61.3 BS=0.952;[PASS] ADX: ADX=30.97 [>22], DI+=38.40, DI-=17.91;[PASS] CCI Momentum: CCI=62.30;[PASS] SAR: SAR=7.7919, price=7.8850;[FAIL] Stochastic: K=61.19 D=61.19;[PASS] EMA Rejection: Rejected;[FAIL] Resistance Test: No test;[PASS] Pullback: Detected;[FAIL] Double Top/Bottom: No pattern;[PASS] Range Filter: EMA diff=0.0085 [>0.005];[PASS] Combined Range Filter: diff=0.0085, ADX=30.97, mode=OR"
ATOM-USDT,LONG,S3,کرونوس (Cronus),1.59580000,1.53196800,0.00000000,2026-09-07 08:48:53,OPEN,,,,,,10.00,,"[FAIL] Candle Strength 15m: BS15=1.000 [too high - likely end of move];[FAIL] Candle Strength 5m: BS5=1.000 [too high];[PASS] EMA Trend 1h: EMA21=1.59, EMA50=1.57;[PASS] EMA Trend 4h: EMA21=1.56, EMA50=1.53, EMA200=1.46;[PASS] RSI 30m: RSI=55.11;[FAIL] MACD 30m: MACD_hist=-0.0003;[FAIL] Smart Pullback: price=1.5958 EMA=1.5886 RSI=55.1 BS=1.000;[FAIL] ADX: ADX=11.51 [>22], DI+=27.91, DI-=21.33;[PASS] CCI Momentum: CCI=58.45;[PASS] SAR: SAR=1.5803, price=1.5958;[FAIL] Stochastic: K=62.46 D=62.46;[PASS] EMA Rejection: Rejected;[PASS] Resistance Test: Tested;[PASS] Pullback: Detected;[PASS] Double Top/Bottom: Pattern=double_bottom;[FAIL] Range Filter: EMA diff=0.0035 [>0.005];[PASS] Combined Range Filter: diff=0.0035, ADX=11.51, mode=AND"
ATOM-USDT,LONG,B1,هایپریون (Hyperion),1.59580000,1.53196800,0.00000000,2026-09-07 08:48:55,OPEN,,,,,,10.00,,"[FAIL] Candle Strength 15m: BS15=1.000 [too high - likely end of move];[FAIL] Candle Strength 5m: BS5=1.000 [too high];[PASS] EMA Trend 1h: EMA21=1.59, EMA50=1.57;[PASS] EMA Trend 4h: EMA21=1.56, EMA50=1.53, EMA200=1.46;[PASS] RSI 30m: RSI=55.11;[FAIL] MACD 30m: MACD_hist=-0.0003;[FAIL] Smart Pullback: price=1.5958 EMA=1.5886 RSI=55.1 BS=1.000;[FAIL] ADX: ADX=11.51 [>22], DI+=27.91, DI-=21.33;[PASS] CCI Momentum: CCI=58.45;[PASS] SAR: SAR=1.5803, price=1.5958;[FAIL] Stochastic: K=62.46 D=62.46;[PASS] EMA Rejection: Rejected;[PASS] Resistance Test: Tested;[PASS] Pullback: Detected;[PASS] Double Top/Bottom: Pattern=double_bottom;[FAIL] Range Filter: EMA diff=0.0035 [>0.005];[FAIL] Combined Range Filter: diff=0.0035, ADX=11.51, mode=OR"
FIL-USDT,LONG,S3,کرونوس (Cronus),0.80800000,0.77568000,0.00000000,2026-09-07 08:48:56,OPEN,,,,,,10.00,,"[FAIL] Candle Strength 15m: BS15=0.941 [too high - likely end of move];[FAIL] Candle Strength 5m: BS5=0.941 [too high];[PASS] EMA Trend 1h: EMA21=0.80, EMA50=0.79;[PASS] EMA Trend 4h: EMA21=0.79, EMA50=0.77, EMA200=0.73;[PASS] RSI 30m: RSI=55.63;[FAIL] MACD 30m: MACD_hist=-0.0005;[FAIL] Smart Pullback: price=0.8080 EMA=0.8032 RSI=55.6 BS=0.941;[FAIL] ADX: ADX=15.39 [>22], DI+=31.84, DI-=21.91;[PASS] CCI Momentum: CCI=5.68;[PASS] SAR: SAR=0.7974, price=0.8080;[FAIL] Stochastic: K=46.22 D=46.22;[PASS] EMA Rejection: Rejected;[PASS] Resistance Test: Tested;[PASS] Pullback: Detected;[PASS] Double Top/Bottom: Pattern=double_bottom;[FAIL] Range Filter: EMA diff=0.0042 [>0.005];[PASS] Combined Range Filter: diff=0.0042, ADX=15.39, mode=AND"
FIL-USDT,LONG,B1,هایپریون (Hyperion),0.80800000,0.77568000,0.00000000,2026-09-07 08:48:57,OPEN,,,,,,10.00,,"[FAIL] Candle Strength 15m: BS15=0.941 [too high - likely end of move];[FAIL] Candle Strength 5m: BS5=0.941 [too high];[PASS] EMA Trend 1h: EMA21=0.80, EMA50=0.79;[PASS] EMA Trend 4h: EMA21=0.79, EMA50=0.77, EMA200=0.73;[PASS] RSI 30m: RSI=55.63;[FAIL] MACD 30m: MACD_hist=-0.0005;[FAIL] Smart Pullback: price=0.8080 EMA=0.8032 RSI=55.6 BS=0.941;[FAIL] ADX: ADX=15.39 [>22], DI+=31.84, DI-=21.91;[PASS] CCI Momentum: CCI=5.68;[PASS] SAR: SAR=0.7974, price=0.8080;[FAIL] Stochastic: K=46.22 D=46.22;[PASS] EMA Rejection: Rejected;[PASS] Resistance Test: Tested;[PASS] Pullback: Detected;[PASS] Double Top/Bottom: Pattern=double_bottom;[FAIL] Range Filter: EMA diff=0.0042 [>0.005];[FAIL] Combined Range Filter: diff=0.0042, ADX=15.39, mode=OR"
INJ-USDT,LONG,S3,کرونوس (Cronus),5.58900000,5.36544000,0.00000000,2026-09-07 08:49:00,OPEN,,,,,,10.00,,"[PASS] Candle Strength 15m: BS15=0.783 [>= 0.6];[PASS] Candle Strength 5m: BS5=0.783 [>= 0.6];[PASS] EMA Trend 1h: EMA21=5.30, EMA50=5.14;[PASS] EMA Trend 4h: EMA21=5.10, EMA50=5.04, EMA200=4.90;[FAIL] RSI 30m: RSI=69.26;[PASS] MACD 30m: MACD_hist=0.0149;[FAIL] Smart Pullback: price=5.5890 EMA=5.3838 RSI=69.3 BS=0.783;[PASS] ADX: ADX=45.61 [>22], DI+=38.31, DI-=9.32;[FAIL] CCI Momentum: CCI=113.32;[PASS] SAR: SAR=5.4981, price=5.5890;[FAIL] Stochastic: K=91.39 D=91.39;[FAIL] EMA Rejection: No rejection;[FAIL] Resistance Test: No test;[PASS] Pullback: Detected;[FAIL] Double Top/Bottom: No pattern;[PASS] Range Filter: EMA diff=0.0251 [>0.005];[PASS] Combined Range Filter: diff=0.0251, ADX=45.61, mode=AND"
INJ-USDT,LONG,B1,هایپریون (Hyperion),5.58900000,5.36544000,0.00000000,2026-09-07 08:49:02,OPEN,,,,,,10.00,,"[PASS] Candle Strength 15m: BS15=0.783 [>= 0.6];[PASS] Candle Strength 5m: BS5=0.783 [>= 0.6];[PASS] EMA Trend 1h: EMA21=5.30, EMA50=5.14;[PASS] EMA Trend 4h: EMA21=5.10, EMA50=5.04, EMA200=4.90;[FAIL] RSI 30m: RSI=69.26;[PASS] MACD 30m: MACD_hist=0.0149;[FAIL] Smart Pullback: price=5.5890 EMA=5.3838 RSI=69.3 BS=0.783;[PASS] ADX: ADX=45.61 [>22], DI+=38.31, DI-=9.32;[FAIL] CCI Momentum: CCI=113.32;[PASS] SAR: SAR=5.4981, price=5.5890;[FAIL] Stochastic: K=91.39 D=91.39;[FAIL] EMA Rejection: No rejection;[FAIL] Resistance Test: No test;[PASS] Pullback: Detected;[FAIL] Double Top/Bottom: No pattern;[PASS] Range Filter: EMA diff=0.0251 [>0.005];[PASS] Combined Range Filter: diff=0.0251, ADX=45.61, mode=OR"
SEI-USDT,LONG,S1,پرومتئوس (Prometheus),0.04910000,0.04713600,0.00000000,2026-09-07 08:49:03,OPEN,,,,,,10.00,,"[FAIL] Candle Strength 15m: BS15=0.154 [>= 0.6];[FAIL] Candle Strength 5m: BS5=0.154 [>= 0.6];[PASS] EMA Trend 1h: EMA21=0.05, EMA50=0.05;[PASS] EMA Trend 4h: EMA21=0.05, EMA50=0.05, EMA200=0.04;[PASS] RSI 30m: RSI=56.58;[FAIL] MACD 30m: MACD_hist=-0.0000;[FAIL] Smart Pullback: price=0.0491 EMA=0.0488 RSI=56.6 BS=0.154;[PASS] ADX: ADX=25.14 [>22], DI+=32.52, DI-=17.17;[PASS] CCI Momentum: CCI=23.54;[PASS] SAR: SAR=0.0485, price=0.0491;[FAIL] Stochastic: K=44.50 D=44.50;[PASS] EMA Rejection: Rejected;[PASS] Resistance Test: Tested;[PASS] Pullback: Detected;[PASS] Double Top/Bottom: Pattern=double_bottom;[FAIL] Range Filter: EMA diff=0.0040 [>0.005];[PASS] Combined Range Filter: diff=0.0040, ADX=25.14, mode=AND"
SEI-USDT,LONG,S3,کرونوس (Cronus),0.04910000,0.04713600,0.00000000,2026-09-07 08:49:04,OPEN,,,,,,10.00,,"[FAIL] Candle Strength 15m: BS15=0.154 [>= 0.6];[FAIL] Candle Strength 5m: BS5=0.154 [>= 0.6];[PASS] EMA Trend 1h: EMA21=0.05, EMA50=0.05;[PASS] EMA Trend 4h: EMA21=0.05, EMA50=0.05, EMA200=0.04;[PASS] RSI 30m: RSI=56.58;[FAIL] MACD 30m: MACD_hist=-0.0000;[FAIL] Smart Pullback: price=0.0491 EMA=0.0488 RSI=56.6 BS=0.154;[PASS] ADX: ADX=25.14 [>22], DI+=32.52, DI-=17.17;[PASS] CCI Momentum: CCI=23.54;[PASS] SAR: SAR=0.0485, price=0.0491;[FAIL] Stochastic: K=44.50 D=44.50;[PASS] EMA Rejection: Rejected;[PASS] Resistance Test: Tested;[PASS] Pullback: Detected;[PASS] Double Top/Bottom: Pattern=double_bottom;[FAIL] Range Filter: EMA diff=0.0040 [>0.005];[PASS] Combined Range Filter: diff=0.0040, ADX=25.14, mode=AND"
SEI-USDT,LONG,B1,هایپریون (Hyperion),0.04910000,0.04713600,0.00000000,2026-09-07 08:49:06,OPEN,,,,,,10.00,,"[FAIL] Candle Strength 15m: BS15=0.154 [>= 0.6];[FAIL] Candle Strength 5m: BS5=0.154 [>= 0.6];[PASS] EMA Trend 1h: EMA21=0.05, EMA50=0.05;[PASS] EMA Trend 4h: EMA21=0.05, EMA50=0.05, EMA200=0.04;[PASS] RSI 30m: RSI=56.58;[FAIL] MACD 30m: MACD_hist=-0.0000;[FAIL] Smart Pullback: price=0.0491 EMA=0.0488 RSI=56.6 BS=0.154;[PASS] ADX: ADX=25.14 [>22], DI+=32.52, DI-=17.17;[PASS] CCI Momentum: CCI=23.54;[PASS] SAR: SAR=0.0485, price=0.0491;[FAIL] Stochastic: K=44.50 D=44.50;[PASS] EMA Rejection: Rejected;[PASS] Resistance Test: Tested;[PASS] Pullback: Detected;[PASS] Double Top/Bottom: Pattern=double_bottom;[FAIL] Range Filter: EMA diff=0.0040 [>0.005];[PASS] Combined Range Filter: diff=0.0040, ADX=25.14, mode=OR"
TIA-USDT,LONG,S1,پرومتئوس (Prometheus),0.43490000,0.41750400,0.00000000,2026-09-07 08:49:07,OPEN,,,,,,10.00,,"[FAIL] Candle Strength 15m: BS15=0.500 [>= 0.6];[FAIL] Candle Strength 5m: BS5=0.500 [>= 0.6];[PASS] EMA Trend 1h: EMA21=0.42, EMA50=0.40;[PASS] EMA Trend 4h: EMA21=0.39, EMA50=0.37, EMA200=0.35;[PASS] RSI 30m: RSI=55.92;[FAIL] MACD 30m: MACD_hist=-0.0023;[FAIL] Smart Pullback: price=0.4349 EMA=0.4291 RSI=55.9 BS=0.500;[PASS] ADX: ADX=37.47 [>22], DI+=26.96, DI-=16.17;[PASS] CCI Momentum: CCI=10.51;[PASS] SAR: SAR=0.4292, price=0.4349;[FAIL] Stochastic: K=19.26 D=19.26;[PASS] EMA Rejection: Rejected;[FAIL] Resistance Test: No test;[PASS] Pullback: Detected;[FAIL] Double Top/Bottom: No pattern;[PASS] Range Filter: EMA diff=0.0356 [>0.005];[PASS] Combined Range Filter: diff=0.0356, ADX=37.47, mode=AND"
TIA-USDT,LONG,S3,کرونوس (Cronus),0.43490000,0.41750400,0.00000000,2026-09-07 08:49:09,OPEN,,,,,,10.00,,"[FAIL] Candle Strength 15m: BS15=0.500 [>= 0.6];[FAIL] Candle Strength 5m: BS5=0.500 [>= 0.6];[PASS] EMA Trend 1h: EMA21=0.42, EMA50=0.40;[PASS] EMA Trend 4h: EMA21=0.39, EMA50=0.37, EMA200=0.35;[PASS] RSI 30m: RSI=55.92;[FAIL] MACD 30m: MACD_hist=-0.0023;[FAIL] Smart Pullback: price=0.4349 EMA=0.4291 RSI=55.9 BS=0.500;[PASS] ADX: ADX=37.47 [>22], DI+=26.96, DI-=16.17;[PASS] CCI Momentum: CCI=10.51;[PASS] SAR: SAR=0.4292, price=0.4349;[FAIL] Stochastic: K=19.26 D=19.26;[PASS] EMA Rejection: Rejected;[FAIL] Resistance Test: No test;[PASS] Pullback: Detected;[FAIL] Double Top/Bottom: No pattern;[PASS] Range Filter: EMA diff=0.0356 [>0.005];[PASS] Combined Range Filter: diff=0.0356, ADX=37.47, mode=AND"
TIA-USDT,LONG,B1,هایپریون (Hyperion),0.43490000,0.41750400,0.00000000,2026-09-07 08:49:10,OPEN,,,,,,10.00,,"[FAIL] Candle Strength 15m: BS15=0.500 [>= 0.6];[FAIL] Candle Strength 5m: BS5=0.500 [>= 0.6];[PASS] EMA Trend 1h: EMA21=0.42, EMA50=0.40;[PASS] EMA Trend 4h: EMA21=0.39, EMA50=0.37, EMA200=0.35;[PASS] RSI 30m: RSI=55.92;[FAIL] MACD 30m: MACD_hist=-0.0023;[FAIL] Smart Pullback: price=0.4349 EMA=0.4291 RSI=55.9 BS=0.500;[PASS] ADX: ADX=37.47 [>22], DI+=26.96, DI-=16.17;[PASS] CCI Momentum: CCI=10.51;[PASS] SAR: SAR=0.4292, price=0.4349;[FAIL] Stochastic: K=19.26 D=19.26;[PASS] EMA Rejection: Rejected;[FAIL] Resistance Test: No test;[PASS] Pullback: Detected;[FAIL] Double Top/Bottom: No pattern;[PASS] Range Filter: EMA diff=0.0356 [>0.005];[PASS] Combined Range Filter: diff=0.0356, ADX=37.47, mode=OR"
SHIB-USDT,LONG,S3,کرونوس (Cronus),0.00000552,0.00000530,0.00000000,2026-09-07 08:49:13,OPEN,,,,,,10.00,,"[FAIL] Candle Strength 15m: BS15=0.013 [>= 0.6];[FAIL] Candle Strength 5m: BS5=0.013 [>= 0.6];[PASS] EMA Trend 1h: EMA21=0.00, EMA50=0.00;[PASS] EMA Trend 4h: EMA21=0.00, EMA50=0.00, EMA200=0.00;[PASS] RSI 30m: RSI=59.49;[FAIL] MACD 30m: MACD_hist=-0.0000;[FAIL] Smart Pullback: price=0.0000 EMA=0.0000 RSI=59.5 BS=1.000;[PASS] ADX: ADX=22.46 [>22], DI+=35.17, DI-=18.89;[PASS] CCI Momentum: CCI=47.39;[PASS] SAR: SAR=0.0000, price=0.0000;[FAIL] Stochastic: K=63.81 D=63.81;[PASS] EMA Rejection: Rejected;[PASS] Resistance Test: Tested;[PASS] Pullback: Detected;[PASS] Double Top/Bottom: Pattern=double_bottom;[FAIL] Range Filter: EMA diff=0.0027 [>0.005];[PASS] Combined Range Filter: diff=0.0027, ADX=22.46, mode=AND"
SHIB-USDT,LONG,B1,هایپریون (Hyperion),0.00000552,0.00000530,0.00000000,2026-09-07 08:49:14,OPEN,,,,,,10.00,,"[FAIL] Candle Strength 15m: BS15=0.013 [>= 0.6];[FAIL] Candle Strength 5m: BS5=0.013 [>= 0.6];[PASS] EMA Trend 1h: EMA21=0.00, EMA50=0.00;[PASS] EMA Trend 4h: EMA21=0.00, EMA50=0.00, EMA200=0.00;[PASS] RSI 30m: RSI=59.49;[FAIL] MACD 30m: MACD_hist=-0.0000;[FAIL] Smart Pullback: price=0.0000 EMA=0.0000 RSI=59.5 BS=1.000;[PASS] ADX: ADX=22.46 [>22], DI+=35.17, DI-=18.89;[PASS] CCI Momentum: CCI=47.39;[PASS] SAR: SAR=0.0000, price=0.0000;[FAIL] Stochastic: K=63.81 D=63.81;[PASS] EMA Rejection: Rejected;[PASS] Resistance Test: Tested;[PASS] Pullback: Detected;[PASS] Double Top/Bottom: Pattern=double_bottom;[FAIL] Range Filter: EMA diff=0.0027 [>0.005];[FAIL] Combined Range Filter: diff=0.0027, ADX=22.46, mode=OR"
DOGE-USDT,LONG,S3,کرونوس (Cronus),0.09031000,0.08669760,0.00000000,2026-09-07 09:14:32,OPEN,,,,,,10.00,,"[FAIL] Candle Strength 15m: BS15=0.160 [>= 0.6];[FAIL] Candle Strength 5m: BS5=0.154 [>= 0.6];[PASS] EMA Trend 1h: EMA21=0.09, EMA50=0.09;[PASS] EMA Trend 4h: EMA21=0.09, EMA50=0.09, EMA200=0.08;[PASS] RSI 30m: RSI=54.54;[FAIL] MACD 30m: MACD_hist=-0.0000;[FAIL] Smart Pullback: price=0.0903 EMA=0.0900 RSI=54.5 BS=0.160;[FAIL] ADX: ADX=14.52 [>22], DI+=30.50, DI-=21.47;[PASS] CCI Momentum: CCI=18.58;[PASS] SAR: SAR=0.0897, price=0.0903;[FAIL] Stochastic: K=52.31 D=52.31;[PASS] EMA Rejection: Rejected;[PASS] Resistance Test: Tested;[PASS] Pullback: Detected;[PASS] Double Top/Bottom: Pattern=double_bottom;[FAIL] Range Filter: EMA diff=0.0019 [>0.005];[FAIL] Combined Range Filter: diff=0.0019, ADX=14.52, mode=AND"
DOGE-USDT,LONG,B1,هایپریون (Hyperion),0.09031000,0.08669760,0.00000000,2026-09-07 09:14:34,OPEN,,,,,,10.00,,"[FAIL] Candle Strength 15m: BS15=0.160 [>= 0.6];[FAIL] Candle Strength 5m: BS5=0.154 [>= 0.6];[PASS] EMA Trend 1h: EMA21=0.09, EMA50=0.09;[PASS] EMA Trend 4h: EMA21=0.09, EMA50=0.09, EMA200=0.08;[PASS] RSI 30m: RSI=54.54;[FAIL] MACD 30m: MACD_hist=-0.0000;[FAIL] Smart Pullback: price=0.0903 EMA=0.0900 RSI=54.5 BS=0.160;[FAIL] ADX: ADX=14.52 [>22], DI+=30.50, DI-=21.47;[PASS] CCI Momentum: CCI=18.58;[PASS] SAR: SAR=0.0897, price=0.0903;[FAIL] Stochastic: K=52.31 D=52.31;[PASS] EMA Rejection: Rejected;[PASS] Resistance Test: Tested;[PASS] Pullback: Detected;[PASS] Double Top/Bottom: Pattern=double_bottom;[FAIL] Range Filter: EMA diff=0.0019 [>0.005];[FAIL] Combined Range Filter: diff=0.0019, ADX=14.52, mode=OR"
DOT-USDT,LONG,S1,پرومتئوس (Prometheus),0.98550000,0.94608000,0.00000000,2026-09-07 09:14:53,OPEN,,,,,,10.00,,"[FAIL] Candle Strength 15m: BS15=0.582 [>= 0.6];[FAIL] Candle Strength 5m: BS5=0.940 [too high];[PASS] EMA Trend 1h: EMA21=0.97, EMA50=0.95;[PASS] EMA Trend 4h: EMA21=0.93, EMA50=0.90, EMA200=0.85;[PASS] RSI 30m: RSI=53.98;[FAIL] MACD 30m: MACD_hist=-0.0015;[FAIL] Smart Pullback: price=0.9855 EMA=0.9802 RSI=54.0 BS=0.582;[PASS] ADX: ADX=29.36 [>22], DI+=33.80, DI-=18.01;[PASS] CCI Momentum: CCI=31.74;[PASS] SAR: SAR=0.9797, price=0.9855;[FAIL] Stochastic: K=29.13 D=29.13;[PASS] EMA Rejection: Rejected;[FAIL] Resistance Test: No test;[PASS] Pullback: Detected;[FAIL] Double Top/Bottom: No pattern;[PASS] Range Filter: EMA diff=0.0142 [>0.005];[PASS] Combined Range Filter: diff=0.0142, ADX=29.36, mode=AND"
DOT-USDT,LONG,S3,کرونوس (Cronus),0.98550000,0.94608000,0.00000000,2026-09-07 09:15:03,OPEN,,,,,,10.00,,"[FAIL] Candle Strength 15m: BS15=0.582 [>= 0.6];[FAIL] Candle Strength 5m: BS5=0.940 [too high];[PASS] EMA Trend 1h: EMA21=0.97, EMA50=0.95;[PASS] EMA Trend 4h: EMA21=0.93, EMA50=0.90, EMA200=0.85;[PASS] RSI 30m: RSI=53.98;[FAIL] MACD 30m: MACD_hist=-0.0015;[FAIL] Smart Pullback: price=0.9855 EMA=0.9802 RSI=54.0 BS=0.582;[PASS] ADX: ADX=29.36 [>22], DI+=33.80, DI-=18.01;[PASS] CCI Momentum: CCI=31.74;[PASS] SAR: SAR=0.9797, price=0.9855;[FAIL] Stochastic: K=29.13 D=29.13;[PASS] EMA Rejection: Rejected;[FAIL] Resistance Test: No test;[PASS] Pullback: Detected;[FAIL] Double Top/Bottom: No pattern;[PASS] Range Filter: EMA diff=0.0142 [>0.005];[PASS] Combined Range Filter: diff=0.0142, ADX=29.36, mode=AND"
DOT-USDT,LONG,B1,هایپریون (Hyperion),0.98550000,0.94608000,0.00000000,2026-09-07 09:15:05,OPEN,,,,,,10.00,,"[FAIL] Candle Strength 15m: BS15=0.582 [>= 0.6];[FAIL] Candle Strength 5m: BS5=0.940 [too high];[PASS] EMA Trend 1h: EMA21=0.97, EMA50=0.95;[PASS] EMA Trend 4h: EMA21=0.93, EMA50=0.90, EMA200=0.85;[PASS] RSI 30m: RSI=53.98;[FAIL] MACD 30m: MACD_hist=-0.0015;[FAIL] Smart Pullback: price=0.9855 EMA=0.9802 RSI=54.0 BS=0.582;[PASS] ADX: ADX=29.36 [>22], DI+=33.80, DI-=18.01;[PASS] CCI Momentum: CCI=31.74;[PASS] SAR: SAR=0.9797, price=0.9855;[FAIL] Stochastic: K=29.13 D=29.13;[PASS] EMA Rejection: Rejected;[FAIL] Resistance Test: No test;[PASS] Pullback: Detected;[FAIL] Double Top/Bottom: No pattern;[PASS] Range Filter: EMA diff=0.0142 [>0.005];[PASS] Combined Range Filter: diff=0.0142, ADX=29.36, mode=OR"
LINK-USDT,LONG,S3,کرونوس (Cronus),13.52240000,12.98150400,0.00000000,2026-09-07 09:15:07,OPEN,,,,,,10.00,,"[PASS] Candle Strength 15m: BS15=0.790 [>= 0.6];[PASS] Candle Strength 5m: BS5=0.790 [>= 0.6];[PASS] EMA Trend 1h: EMA21=12.79, EMA50=12.41;[PASS] EMA Trend 4h: EMA21=12.26, EMA50=11.85, EMA200=10.44;[FAIL] RSI 30m: RSI=74.48;[PASS] MACD 30m: MACD_hist=0.0088;[FAIL] Smart Pullback: price=13.5224 EMA=13.0036 RSI=74.5 BS=0.790;[PASS] ADX: ADX=46.37 [>22], DI+=48.40, DI-=11.11;[FAIL] CCI Momentum: CCI=187.14;[PASS] SAR: SAR=13.0760, price=13.5224;[FAIL] Stochastic: K=96.15 D=96.15;[FAIL] EMA Rejection: No rejection;[FAIL] Resistance Test: No test;[PASS] Pullback: Detected;[PASS] Double Top/Bottom: Pattern=double_top;[PASS] Range Filter: EMA diff=0.0231 [>0.005];[PASS] Combined Range Filter: diff=0.0231, ADX=46.37, mode=AND"
LINK-USDT,LONG,B1,هایپریون (Hyperion),13.52240000,12.98150400,0.00000000,2026-09-07 09:15:09,OPEN,,,,,,10.00,,"[PASS] Candle Strength 15m: BS15=0.790 [>= 0.6];[PASS] Candle Strength 5m: BS5=0.790 [>= 0.6];[PASS] EMA Trend 1h: EMA21=12.79, EMA50=12.41;[PASS] EMA Trend 4h: EMA21=12.26, EMA50=11.85, EMA200=10.44;[FAIL] RSI 30m: RSI=74.48;[PASS] MACD 30m: MACD_hist=0.0088;[FAIL] Smart Pullback: price=13.5224 EMA=13.0036 RSI=74.5 BS=0.790;[PASS] ADX: ADX=46.37 [>22], DI+=48.40, DI-=11.11;[FAIL] CCI Momentum: CCI=187.14;[PASS] SAR: SAR=13.0760, price=13.5224;[FAIL] Stochastic: K=96.15 D=96.15;[FAIL] EMA Rejection: No rejection;[FAIL] Resistance Test: No test;[PASS] Pullback: Detected;[PASS] Double Top/Bottom: Pattern=double_top;[PASS] Range Filter: EMA diff=0.0231 [>0.005];[PASS] Combined Range Filter: diff=0.0231, ADX=46.37, mode=OR"
AVAX-USDT,LONG,S3,کرونوس (Cronus),7.96000000,7.64160000,0.00000000,2026-09-07 09:15:10,OPEN,,,,,,10.00,,"[PASS] Candle Strength 15m: BS15=0.667 [>= 0.6];[PASS] Candle Strength 5m: BS5=0.667 [>= 0.6];[PASS] EMA Trend 1h: EMA21=7.77, EMA50=7.66;[PASS] EMA Trend 4h: EMA21=7.61, EMA50=7.47, EMA200=7.04;[FAIL] RSI 30m: RSI=66.96;[PASS] MACD 30m: MACD_hist=0.0021;[FAIL] Smart Pullback: price=7.9600 EMA=7.8171 RSI=67.0 BS=0.667;[PASS] ADX: ADX=32.25 [>22], DI+=42.72, DI-=15.84;[FAIL] CCI Momentum: CCI=150.96;[PASS] SAR: SAR=7.8161, price=7.9600;[FAIL] Stochastic: K=97.06 D=97.06;[PASS] EMA Rejection: Rejected;[FAIL] Resistance Test: No test;[PASS] Pullback: Detected;[PASS] Double Top/Bottom: Pattern=double_bottom;[PASS] Range Filter: EMA diff=0.0091 [>0.005];[PASS] Combined Range Filter: diff=0.0091, ADX=32.25, mode=AND"
AVAX-USDT,LONG,B1,هایپریون (Hyperion),7.96000000,7.64160000,0.00000000,2026-09-07 09:15:12,OPEN,,,,,,10.00,,"[PASS] Candle Strength 15m: BS15=0.667 [>= 0.6];[PASS] Candle Strength 5m: BS5=0.667 [>= 0.6];[PASS] EMA Trend 1h: EMA21=7.77, EMA50=7.66;[PASS] EMA Trend 4h: EMA21=7.61, EMA50=7.47, EMA200=7.04;[FAIL] RSI 30m: RSI=66.96;[PASS] MACD 30m: MACD_hist=0.0021;[FAIL] Smart Pullback: price=7.9600 EMA=7.8171 RSI=67.0 BS=0.667;[PASS] ADX: ADX=32.25 [>22], DI+=42.72, DI-=15.84;[FAIL] CCI Momentum: CCI=150.96;[PASS] SAR: SAR=7.8161, price=7.9600;[FAIL] Stochastic: K=97.06 D=97.06;[PASS] EMA Rejection: Rejected;[FAIL] Resistance Test: No test;[PASS] Pullback: Detected;[PASS] Double Top/Bottom: Pattern=double_bottom;[PASS] Range Filter: EMA diff=0.0091 [>0.005];[PASS] Combined Range Filter: diff=0.0091, ADX=32.25, mode=OR"
ATOM-USDT,LONG,S3,کرونوس (Cronus),1.59450000,1.53072000,0.00000000,2026-09-07 09:15:13,OPEN,,,,,,10.00,,"[PASS] Candle Strength 15m: BS15=0.698 [>= 0.6];[FAIL] Candle Strength 5m: BS5=0.000 [>= 0.6];[PASS] EMA Trend 1h: EMA21=1.59, EMA50=1.57;[PASS] EMA Trend 4h: EMA21=1.56, EMA50=1.53, EMA200=1.46;[PASS] RSI 30m: RSI=53.61;[FAIL] MACD 30m: MACD_hist=0.0002;[FAIL] Smart Pullback: price=1.5945 EMA=1.5895 RSI=53.6 BS=0.698;[FAIL] ADX: ADX=12.61 [>22], DI+=29.55, DI-=19.53;[PASS] CCI Momentum: CCI=97.99;[PASS] SAR: SAR=1.5869, price=1.5945;[FAIL] Stochastic: K=57.89 D=57.89;[PASS] EMA Rejection: Rejected;[PASS] Resistance Test: Tested;[PASS] Pullback: Detected;[PASS] Double Top/Bottom: Pattern=double_bottom;[FAIL] Range Filter: EMA diff=0.0037 [>0.005];[PASS] Combined Range Filter: diff=0.0037, ADX=12.61, mode=AND"
ATOM-USDT,LONG,B1,هایپریون (Hyperion),1.59450000,1.53072000,0.00000000,2026-09-07 09:15:15,OPEN,,,,,,10.00,,"[PASS] Candle Strength 15m: BS15=0.698 [>= 0.6];[FAIL] Candle Strength 5m: BS5=0.000 [>= 0.6];[PASS] EMA Trend 1h: EMA21=1.59, EMA50=1.57;[PASS] EMA Trend 4h: EMA21=1.56, EMA50=1.53, EMA200=1.46;[PASS] RSI 30m: RSI=53.61;[FAIL] MACD 30m: MACD_hist=0.0002;[FAIL] Smart Pullback: price=1.5945 EMA=1.5895 RSI=53.6 BS=0.698;[FAIL] ADX: ADX=12.61 [>22], DI+=29.55, DI-=19.53;[PASS] CCI Momentum: CCI=97.99;[PASS] SAR: SAR=1.5869, price=1.5945;[FAIL] Stochastic: K=57.89 D=57.89;[PASS] EMA Rejection: Rejected;[PASS] Resistance Test: Tested;[PASS] Pullback: Detected;[PASS] Double Top/Bottom: Pattern=double_bottom;[FAIL] Range Filter: EMA diff=0.0037 [>0.005];[FAIL] Combined Range Filter: diff=0.0037, ADX=12.61, mode=OR"
FIL-USDT,LONG,S3,کرونوس (Cronus),0.80690000,0.77462400,0.00000000,2026-09-07 09:15:16,OPEN,,,,,,10.00,,"[FAIL] Candle Strength 15m: BS15=0.000 [>= 0.6];[FAIL] Candle Strength 5m: BS5=0.000 [>= 0.6];[PASS] EMA Trend 1h: EMA21=0.80, EMA50=0.79;[PASS] EMA Trend 4h: EMA21=0.79, EMA50=0.77, EMA200=0.73;[PASS] RSI 30m: RSI=54.14;[FAIL] MACD 30m: MACD_hist=-0.0003;[FAIL] Smart Pullback: price=0.8069 EMA=0.8036 RSI=54.1 BS=0.000;[FAIL] ADX: ADX=16.19 [>22], DI+=32.34, DI-=20.40;[PASS] CCI Momentum: CCI=56.17;[PASS] SAR: SAR=0.7991, price=0.8069;[FAIL] Stochastic: K=41.83 D=41.83;[PASS] EMA Rejection: Rejected;[PASS] Resistance Test: Tested;[PASS] Pullback: Detected;[PASS] Double Top/Bottom: Pattern=double_bottom;[FAIL] Range Filter: EMA diff=0.0043 [>0.005];[PASS] Combined Range Filter: diff=0.0043, ADX=16.19, mode=AND"
FIL-USDT,LONG,B1,هایپریون (Hyperion),0.80690000,0.77462400,0.00000000,2026-09-07 09:15:18,OPEN,,,,,,10.00,,"[FAIL] Candle Strength 15m: BS15=0.000 [>= 0.6];[FAIL] Candle Strength 5m: BS5=0.000 [>= 0.6];[PASS] EMA Trend 1h: EMA21=0.80, EMA50=0.79;[PASS] EMA Trend 4h: EMA21=0.79, EMA50=0.77, EMA200=0.73;[PASS] RSI 30m: RSI=54.14;[FAIL] MACD 30m: MACD_hist=-0.0003;[FAIL] Smart Pullback: price=0.8069 EMA=0.8036 RSI=54.1 BS=0.000;[FAIL] ADX: ADX=16.19 [>22], DI+=32.34, DI-=20.40;[PASS] CCI Momentum: CCI=56.17;[PASS] SAR: SAR=0.7991, price=0.8069;[FAIL] Stochastic: K=41.83 D=41.83;[PASS] EMA Rejection: Rejected;[PASS] Resistance Test: Tested;[PASS] Pullback: Detected;[PASS] Double Top/Bottom: Pattern=double_bottom;[FAIL] Range Filter: EMA diff=0.0043 [>0.005];[FAIL] Combined Range Filter: diff=0.0043, ADX=16.19, mode=OR"
INJ-USDT,LONG,S3,کرونوس (Cronus),5.61600000,5.39136000,0.00000000,2026-09-07 09:15:21,OPEN,,,,,,10.00,,"[FAIL] Candle Strength 15m: BS15=0.000 [>= 0.6];[FAIL] Candle Strength 5m: BS5=0.000 [>= 0.6];[PASS] EMA Trend 1h: EMA21=5.30, EMA50=5.14;[PASS] EMA Trend 4h: EMA21=5.10, EMA50=5.04, EMA200=4.90;[FAIL] RSI 30m: RSI=68.04;[PASS] MACD 30m: MACD_hist=0.0181;[FAIL] Smart Pullback: price=5.6160 EMA=5.4106 RSI=68.0 BS=0.000;[PASS] ADX: ADX=47.30 [>22], DI+=40.28, DI-=8.38;[FAIL] CCI Momentum: CCI=122.99;[PASS] SAR: SAR=5.5652, price=5.6160;[FAIL] Stochastic: K=88.28 D=88.28;[FAIL] EMA Rejection: No rejection;[FAIL] Resistance Test: No test;[PASS] Pullback: Detected;[PASS] Double Top/Bottom: Pattern=double_top;[PASS] Range Filter: EMA diff=0.0267 [>0.005];[PASS] Combined Range Filter: diff=0.0267, ADX=47.30, mode=AND"
INJ-USDT,LONG,B1,هایپریون (Hyperion),5.61600000,5.39136000,0.00000000,2026-09-07 09:15:22,OPEN,,,,,,10.00,,"[FAIL] Candle Strength 15m: BS15=0.000 [>= 0.6];[FAIL] Candle Strength 5m: BS5=0.000 [>= 0.6];[PASS] EMA Trend 1h: EMA21=5.30, EMA50=5.14;[PASS] EMA Trend 4h: EMA21=5.10, EMA50=5.04, EMA200=4.90;[FAIL] RSI 30m: RSI=68.04;[PASS] MACD 30m: MACD_hist=0.0181;[FAIL] Smart Pullback: price=5.6160 EMA=5.4106 RSI=68.0 BS=0.000;[PASS] ADX: ADX=47.30 [>22], DI+=40.28, DI-=8.38;[FAIL] CCI Momentum: CCI=122.99;[PASS] SAR: SAR=5.5652, price=5.6160;[FAIL] Stochastic: K=88.28 D=88.28;[FAIL] EMA Rejection: No rejection;[FAIL] Resistance Test: No test;[PASS] Pullback: Detected;[PASS] Double Top/Bottom: Pattern=double_top;[PASS] Range Filter: EMA diff=0.0267 [>0.005];[PASS] Combined Range Filter: diff=0.0267, ADX=47.30, mode=OR"
SEI-USDT,LONG,S1,پرومتئوس (Prometheus),0.04925000,0.04728000,0.00000000,2026-09-07 09:15:24,OPEN,,,,,,10.00,,"[FAIL] Candle Strength 15m: BS15=0.000 [>= 0.6];[FAIL] Candle Strength 5m: BS5=0.000 [>= 0.6];[PASS] EMA Trend 1h: EMA21=0.05, EMA50=0.05;[PASS] EMA Trend 4h: EMA21=0.05, EMA50=0.05, EMA200=0.04;[PASS] RSI 30m: RSI=58.61;[FAIL] MACD 30m: MACD_hist=0.0000;[FAIL] Smart Pullback: price=0.0493 EMA=0.0488 RSI=58.6 BS=0.000;[PASS] ADX: ADX=25.94 [>22], DI+=34.08, DI-=16.55;[PASS] CCI Momentum: CCI=66.62;[PASS] SAR: SAR=0.0488, price=0.0493;[FAIL] Stochastic: K=52.36 D=52.36;[PASS] EMA Rejection: Rejected;[PASS] Resistance Test: Tested;[PASS] Pullback: Detected;[PASS] Double Top/Bottom: Pattern=double_top;[FAIL] Range Filter: EMA diff=0.0044 [>0.005];[PASS] Combined Range Filter: diff=0.0044, ADX=25.94, mode=AND"
SEI-USDT,LONG,S3,کرونوس (Cronus),0.04925000,0.04728000,0.00000000,2026-09-07 09:15:25,OPEN,,,,,,10.00,,"[FAIL] Candle Strength 15m: BS15=0.000 [>= 0.6];[FAIL] Candle Strength 5m: BS5=0.000 [>= 0.6];[PASS] EMA Trend 1h: EMA21=0.05, EMA50=0.05;[PASS] EMA Trend 4h: EMA21=0.05, EMA50=0.05, EMA200=0.04;[PASS] RSI 30m: RSI=58.61;[FAIL] MACD 30m: MACD_hist=0.0000;[FAIL] Smart Pullback: price=0.0493 EMA=0.0488 RSI=58.6 BS=0.000;[PASS] ADX: ADX=25.94 [>22], DI+=34.08, DI-=16.55;[PASS] CCI Momentum: CCI=66.62;[PASS] SAR: SAR=0.0488, price=0.0493;[FAIL] Stochastic: K=52.36 D=52.36;[PASS] EMA Rejection: Rejected;[PASS] Resistance Test: Tested;[PASS] Pullback: Detected;[PASS] Double Top/Bottom: Pattern=double_top;[FAIL] Range Filter: EMA diff=0.0044 [>0.005];[PASS] Combined Range Filter: diff=0.0044, ADX=25.94, mode=AND"
SEI-USDT,LONG,B1,هایپریون (Hyperion),0.04925000,0.04728000,0.00000000,2026-09-07 09:15:27,OPEN,,,,,,10.00,,"[FAIL] Candle Strength 15m: BS15=0.000 [>= 0.6];[FAIL] Candle Strength 5m: BS5=0.000 [>= 0.6];[PASS] EMA Trend 1h: EMA21=0.05, EMA50=0.05;[PASS] EMA Trend 4h: EMA21=0.05, EMA50=0.05, EMA200=0.04;[PASS] RSI 30m: RSI=58.61;[FAIL] MACD 30m: MACD_hist=0.0000;[FAIL] Smart Pullback: price=0.0493 EMA=0.0488 RSI=58.6 BS=0.000;[PASS] ADX: ADX=25.94 [>22], DI+=34.08, DI-=16.55;[PASS] CCI Momentum: CCI=66.62;[PASS] SAR: SAR=0.0488, price=0.0493;[FAIL] Stochastic: K=52.36 D=52.36;[PASS] EMA Rejection: Rejected;[PASS] Resistance Test: Tested;[PASS] Pullback: Detected;[PASS] Double Top/Bottom: Pattern=double_top;[FAIL] Range Filter: EMA diff=0.0044 [>0.005];[PASS] Combined Range Filter: diff=0.0044, ADX=25.94, mode=OR"
OP-USDT,LONG,S3,کرونوس (Cronus),0.10960000,0.10521600,0.00000000,2026-09-07 09:15:29,OPEN,,,,,,10.00,,"[PASS] Candle Strength 15m: BS15=0.667 [>= 0.6];[FAIL] Candle Strength 5m: BS5=1.000 [too high];[PASS] EMA Trend 1h: EMA21=0.11, EMA50=0.11;[PASS] EMA Trend 4h: EMA21=0.11, EMA50=0.10, EMA200=0.09;[PASS] RSI 30m: RSI=50.60;[FAIL] MACD 30m: MACD_hist=-0.0001;[FAIL] Smart Pullback: price=0.1096 EMA=0.1095 RSI=50.6 BS=0.667;[FAIL] ADX: ADX=14.79 [>22], DI+=31.08, DI-=19.23;[PASS] CCI Momentum: CCI=-13.62;[PASS] SAR: SAR=0.1089, price=0.1096;[FAIL] Stochastic: K=34.04 D=34.04;[PASS] EMA Rejection: Rejected;[PASS] Resistance Test: Tested;[PASS] Pullback: Detected;[FAIL] Double Top/Bottom: No pattern;[PASS] Range Filter: EMA diff=0.0053 [>0.005];[PASS] Combined Range Filter: diff=0.0053, ADX=14.79, mode=AND"
OP-USDT,LONG,B1,هایپریون (Hyperion),0.10960000,0.10521600,0.00000000,2026-09-07 09:15:31,OPEN,,,,,,10.00,,"[PASS] Candle Strength 15m: BS15=0.667 [>= 0.6];[FAIL] Candle Strength 5m: BS5=1.000 [too high];[PASS] EMA Trend 1h: EMA21=0.11, EMA50=0.11;[PASS] EMA Trend 4h: EMA21=0.11, EMA50=0.10, EMA200=0.09;[PASS] RSI 30m: RSI=50.60;[FAIL] MACD 30m: MACD_hist=-0.0001;[FAIL] Smart Pullback: price=0.1096 EMA=0.1095 RSI=50.6 BS=0.667;[FAIL] ADX: ADX=14.79 [>22], DI+=31.08, DI-=19.23;[PASS] CCI Momentum: CCI=-13.62;[PASS] SAR: SAR=0.1089, price=0.1096;[FAIL] Stochastic: K=34.04 D=34.04;[PASS] EMA Rejection: Rejected;[PASS] Resistance Test: Tested;[PASS] Pullback: Detected;[FAIL] Double Top/Bottom: No pattern;[PASS] Range Filter: EMA diff=0.0053 [>0.005];[FAIL] Combined Range Filter: diff=0.0053, ADX=14.79, mode=OR"
PEPE-USDT,LONG,S3,کرونوس (Cronus),0.00000363,0.00000348,0.00000000,2026-09-07 09:15:32,OPEN,,,,,,10.00,,"[FAIL] Candle Strength 15m: BS15=0.003 [>= 0.6];[FAIL] Candle Strength 5m: BS5=0.003 [>= 0.6];[PASS] EMA Trend 1h: EMA21=0.00, EMA50=0.00;[PASS] EMA Trend 4h: EMA21=0.00, EMA50=0.00, EMA200=0.00;[PASS] RSI 30m: RSI=53.89;[FAIL] MACD 30m: MACD_hist=-0.0000;[FAIL] Smart Pullback: price=0.0000 EMA=0.0000 RSI=53.9 BS=0.300;[FAIL] ADX: ADX=14.75 [>22], DI+=32.04, DI-=25.34;[PASS] CCI Momentum: CCI=20.88;[PASS] SAR: SAR=0.0000, price=0.0000;[FAIL] Stochastic: K=55.34 D=55.34;[PASS] EMA Rejection: Rejected;[PASS] Resistance Test: Tested;[PASS] Pullback: Detected;[FAIL] Double Top/Bottom: No pattern;[FAIL] Range Filter: EMA diff=0.0000 [>0.005];[FAIL] Combined Range Filter: diff=0.0000, ADX=14.75, mode=AND"
PEPE-USDT,LONG,B1,هایپریون (Hyperion),0.00000363,0.00000348,0.00000000,2026-09-07 09:15:34,OPEN,,,,,,10.00,,"[FAIL] Candle Strength 15m: BS15=0.003 [>= 0.6];[FAIL] Candle Strength 5m: BS5=0.003 [>= 0.6];[PASS] EMA Trend 1h: EMA21=0.00, EMA50=0.00;[PASS] EMA Trend 4h: EMA21=0.00, EMA50=0.00, EMA200=0.00;[PASS] RSI 30m: RSI=53.89;[FAIL] MACD 30m: MACD_hist=-0.0000;[FAIL] Smart Pullback: price=0.0000 EMA=0.0000 RSI=53.9 BS=0.300;[FAIL] ADX: ADX=14.75 [>22], DI+=32.04, DI-=25.34;[PASS] CCI Momentum: CCI=20.88;[PASS] SAR: SAR=0.0000, price=0.0000;[FAIL] Stochastic: K=55.34 D=55.34;[PASS] EMA Rejection: Rejected;[PASS] Resistance Test: Tested;[PASS] Pullback: Detected;[FAIL] Double Top/Bottom: No pattern;[FAIL] Range Filter: EMA diff=0.0000 [>0.005];[FAIL] Combined Range Filter: diff=0.0000, ADX=14.75, mode=OR"
BTC-USDT,SHORT,S3,کرونوس (Cronus),79732.40000000,82921.69600000,0.00000000,2026-09-07 09:55:35,OPEN,,,,,,10.00,,"[PASS] Candle Strength 15m: BS15=0.704 [>= 0.6];[FAIL] Candle Strength 5m: BS5=1.000 [too high];[FAIL] EMA Trend 1h: EMA21=79852.93, EMA50=79818.97;[FAIL] EMA Trend 4h: EMA21=79698.69, EMA50=79056.65, EMA200=72872.75;[PASS] RSI 30m: RSI=44.82;[PASS] MACD 30m: MACD_hist=-29.1408;[FAIL] Smart Pullback: price=79732.4000 EMA=79844.7108 RSI=44.8 BS=0.704;[FAIL] ADX: ADX=16.47 [>22], DI+=27.70, DI-=20.03;[PASS] CCI Momentum: CCI=-78.78;[PASS] SAR: SAR=79757.9860, price=79732.4000;[FAIL] Stochastic: K=18.17 D=18.17;[FAIL] EMA Rejection: No rejection;[PASS] Resistance Test: Tested;[PASS] Pullback: Detected;[PASS] Double Top/Bottom: Pattern=double_top;[FAIL] Range Filter: EMA diff=0.0002 [>0.005];[FAIL] Combined Range Filter: diff=0.0002, ADX=16.47, mode=AND"
SOL-USDT,LONG,S3,کرونوس (Cronus),105.22000000,101.01120000,0.00000000,2026-09-07 09:55:36,OPEN,,,,,,10.00,,"[FAIL] Candle Strength 15m: BS15=0.556 [>= 0.6];[PASS] Candle Strength 5m: BS5=0.667 [>= 0.6];[PASS] EMA Trend 1h: EMA21=105.51, EMA50=104.82;[PASS] EMA Trend 4h: EMA21=104.18, EMA50=102.80, EMA200=91.15;[FAIL] RSI 30m: RSI=45.05;[FAIL] MACD 30m: MACD_hist=-0.0651;[PASS] Smart Pullback: price=105.2200 EMA=105.5690 RSI=45.0 BS=0.556;[FAIL] ADX: ADX=10.98 [>22], DI+=23.32, DI-=21.78;[FAIL] CCI Momentum: CCI=-80.60;[PASS] SAR: SAR=105.0898, price=105.2200;[FAIL] Stochastic: K=20.60 D=20.60;[PASS] EMA Rejection: Rejected;[PASS] Resistance Test: Tested;[PASS] Pullback: Detected;[PASS] Double Top/Bottom: Pattern=double_top;[FAIL] Range Filter: EMA diff=0.0009 [>0.005];[FAIL] Combined Range Filter: diff=0.0009, ADX=10.98, mode=AND"
SOL-USDT,LONG,B1,هایپریون (Hyperion),105.22000000,101.01120000,0.00000000,2026-09-07 09:55:38,OPEN,,,,,,10.00,,"[FAIL] Candle Strength 15m: BS15=0.556 [>= 0.6];[PASS] Candle Strength 5m: BS5=0.667 [>= 0.6];[PASS] EMA Trend 1h: EMA21=105.51, EMA50=104.82;[PASS] EMA Trend 4h: EMA21=104.18, EMA50=102.80, EMA200=91.15;[FAIL] RSI 30m: RSI=45.05;[FAIL] MACD 30m: MACD_hist=-0.0651;[PASS] Smart Pullback: price=105.2200 EMA=105.5690 RSI=45.0 BS=0.556;[FAIL] ADX: ADX=10.98 [>22], DI+=23.32, DI-=21.78;[FAIL] CCI Momentum: CCI=-80.60;[PASS] SAR: SAR=105.0898, price=105.2200;[FAIL] Stochastic: K=20.60 D=20.60;[PASS] EMA Rejection: Rejected;[PASS] Resistance Test: Tested;[PASS] Pullback: Detected;[PASS] Double Top/Bottom: Pattern=double_top;[FAIL] Range Filter: EMA diff=0.0009 [>0.005];[FAIL] Combined Range Filter: diff=0.0009, ADX=10.98, mode=OR"
XAUT-USDT,SHORT,S3,کرونوس (Cronus),4393.69000000,4569.43760000,0.00000000,2026-09-07 09:55:41,OPEN,,,,,,10.00,,"[FAIL] Candle Strength 15m: BS15=1.000 [too high - likely end of move];[FAIL] Candle Strength 5m: BS5=0.000 [>= 0.6];[PASS] EMA Trend 1h: EMA21=4409.89, EMA50=4417.69;[FAIL] EMA Trend 4h: EMA21=4419.96, EMA50=4435.14, EMA200=4366.25;[PASS] RSI 30m: RSI=38.00;[PASS] MACD 30m: MACD_hist=-1.1361;[FAIL] Smart Pullback: price=4393.6900 EMA=4405.7484 RSI=38.0 BS=1.000;[PASS] ADX: ADX=33.41 [>22], DI+=16.85, DI-=37.70;[FAIL] CCI Momentum: CCI=-131.01;[FAIL] SAR: SAR=4391.4308, price=4393.6900;[FAIL] Stochastic: K=21.77 D=21.77;[PASS] EMA Rejection: Rejected;[PASS] Resistance Test: Tested;[PASS] Pullback: Detected;[PASS] Double Top/Bottom: Pattern=double_top;[FAIL] Range Filter: EMA diff=0.0017 [>0.005];[PASS] Combined Range Filter: diff=0.0017, ADX=33.41, mode=AND"
LTC-USDT,LONG,S3,کرونوس (Cronus),54.75000000,52.56000000,0.00000000,2026-09-07 09:55:42,OPEN,,,,,,10.00,,"[FAIL] Candle Strength 15m: BS15=0.333 [>= 0.6];[FAIL] Candle Strength 5m: BS5=0.000 [>= 0.6];[PASS] EMA Trend 1h: EMA21=54.45, EMA50=53.90;[PASS] EMA Trend 4h: EMA21=53.25, EMA50=51.75, EMA200=48.61;[PASS] RSI 30m: RSI=53.70;[FAIL] MACD 30m: MACD_hist=-0.0138;[FAIL] Smart Pullback: price=54.7500 EMA=54.5284 RSI=53.7 BS=0.333;[FAIL] ADX: ADX=16.86 [>22], DI+=28.38, DI-=17.87;[PASS] CCI Momentum: CCI=14.04;[PASS] SAR: SAR=54.4210, price=54.7500;[FAIL] Stochastic: K=35.44 D=35.44;[PASS] EMA Rejection: Rejected;[PASS] Resistance Test: Tested;[PASS] Pullback: Detected;[FAIL] Double Top/Bottom: No pattern;[FAIL] Range Filter: EMA diff=0.0023 [>0.005];[FAIL] Combined Range Filter: diff=0.0023, ADX=16.86, mode=AND"
LTC-USDT,LONG,B1,هایپریون (Hyperion),54.75000000,52.56000000,0.00000000,2026-09-07 09:55:43,OPEN,,,,,,10.00,,"[FAIL] Candle Strength 15m: BS15=0.333 [>= 0.6];[FAIL] Candle Strength 5m: BS5=0.000 [>= 0.6];[PASS] EMA Trend 1h: EMA21=54.45, EMA50=53.90;[PASS] EMA Trend 4h: EMA21=53.25, EMA50=51.75, EMA200=48.61;[PASS] RSI 30m: RSI=53.70;[FAIL] MACD 30m: MACD_hist=-0.0138;[FAIL] Smart Pullback: price=54.7500 EMA=54.5284 RSI=53.7 BS=0.333;[FAIL] ADX: ADX=16.86 [>22], DI+=28.38, DI-=17.87;[PASS] CCI Momentum: CCI=14.04;[PASS] SAR: SAR=54.4210, price=54.7500;[FAIL] Stochastic: K=35.44 D=35.44;[PASS] EMA Rejection: Rejected;[PASS] Resistance Test: Tested;[PASS] Pullback: Detected;[FAIL] Double Top/Bottom: No pattern;[FAIL] Range Filter: EMA diff=0.0023 [>0.005];[FAIL] Combined Range Filter: diff=0.0023, ADX=16.86, mode=OR"
ADA-USDT,LONG,S3,کرونوس (Cronus),0.22060000,0.21177600,0.00000000,2026-09-07 09:55:46,OPEN,,,,,,10.00,,"[FAIL] Candle Strength 15m: BS15=0.800 [too high - likely end of move];[FAIL] Candle Strength 5m: BS5=0.500 [>= 0.6];[PASS] EMA Trend 1h: EMA21=0.22, EMA50=0.22;[PASS] EMA Trend 4h: EMA21=0.22, EMA50=0.21, EMA200=0.20;[PASS] RSI 30m: RSI=50.14;[FAIL] MACD 30m: MACD_hist=-0.0003;[FAIL] Smart Pullback: price=0.2206 EMA=0.2206 RSI=50.1 BS=0.800;[FAIL] ADX: ADX=13.53 [>22], DI+=27.38, DI-=20.21;[FAIL] CCI Momentum: CCI=-40.10;[PASS] SAR: SAR=0.2194, price=0.2206;[FAIL] Stochastic: K=30.95 D=30.95;[PASS] EMA Rejection: Rejected;[PASS] Resistance Test: Tested;[PASS] Pullback: Detected;[PASS] Double Top/Bottom: Pattern=double_bottom;[FAIL] Range Filter: EMA diff=0.0023 [>0.005];[FAIL] Combined Range Filter: diff=0.0023, ADX=13.53, mode=AND"
ADA-USDT,LONG,B1,هایپریون (Hyperion),0.22060000,0.21177600,0.00000000,2026-09-07 09:55:47,OPEN,,,,,,10.00,,"[FAIL] Candle Strength 15m: BS15=0.800 [too high - likely end of move];[FAIL] Candle Strength 5m: BS5=0.500 [>= 0.6];[PASS] EMA Trend 1h: EMA21=0.22, EMA50=0.22;[PASS] EMA Trend 4h: EMA21=0.22, EMA50=0.21, EMA200=0.20;[PASS] RSI 30m: RSI=50.14;[FAIL] MACD 30m: MACD_hist=-0.0003;[FAIL] Smart Pullback: price=0.2206 EMA=0.2206 RSI=50.1 BS=0.800;[FAIL] ADX: ADX=13.53 [>22], DI+=27.38, DI-=20.21;[FAIL] CCI Momentum: CCI=-40.10;[PASS] SAR: SAR=0.2194, price=0.2206;[FAIL] Stochastic: K=30.95 D=30.95;[PASS] EMA Rejection: Rejected;[PASS] Resistance Test: Tested;[PASS] Pullback: Detected;[PASS] Double Top/Bottom: Pattern=double_bottom;[FAIL] Range Filter: EMA diff=0.0023 [>0.005];[FAIL] Combined Range Filter: diff=0.0023, ADX=13.53, mode=OR"
LINK-USDT,LONG,S3,کرونوس (Cronus),13.51590000,12.97526400,0.00000000,2026-09-07 09:55:50,OPEN,,,,,,10.00,,"[PASS] Candle Strength 15m: BS15=0.659 [>= 0.6];[PASS] Candle Strength 5m: BS5=0.789 [>= 0.6];[PASS] EMA Trend 1h: EMA21=12.85, EMA50=12.45;[PASS] EMA Trend 4h: EMA21=12.26, EMA50=11.85, EMA200=10.44;[FAIL] RSI 30m: RSI=74.47;[PASS] MACD 30m: MACD_hist=0.0163;[FAIL] Smart Pullback: price=13.5159 EMA=13.0429 RSI=74.5 BS=0.659;[PASS] ADX: ADX=47.86 [>22], DI+=48.00, DI-=9.79;[FAIL] CCI Momentum: CCI=233.20;[PASS] SAR: SAR=13.2582, price=13.5159;[FAIL] Stochastic: K=77.00 D=77.00;[FAIL] EMA Rejection: No rejection;[FAIL] Resistance Test: No test;[PASS] Pullback: Detected;[FAIL] Double Top/Bottom: No pattern;[PASS] Range Filter: EMA diff=0.0238 [>0.005];[PASS] Combined Range Filter: diff=0.0238, ADX=47.86, mode=AND"
LINK-USDT,LONG,B1,هایپریون (Hyperion),13.51590000,12.97526400,0.00000000,2026-09-07 09:55:51,OPEN,,,,,,10.00,,"[PASS] Candle Strength 15m: BS15=0.659 [>= 0.6];[PASS] Candle Strength 5m: BS5=0.789 [>= 0.6];[PASS] EMA Trend 1h: EMA21=12.85, EMA50=12.45;[PASS] EMA Trend 4h: EMA21=12.26, EMA50=11.85, EMA200=10.44;[FAIL] RSI 30m: RSI=74.47;[PASS] MACD 30m: MACD_hist=0.0163;[FAIL] Smart Pullback: price=13.5159 EMA=13.0429 RSI=74.5 BS=0.659;[PASS] ADX: ADX=47.86 [>22], DI+=48.00, DI-=9.79;[FAIL] CCI Momentum: CCI=233.20;[PASS] SAR: SAR=13.2582, price=13.5159;[FAIL] Stochastic: K=77.00 D=77.00;[FAIL] EMA Rejection: No rejection;[FAIL] Resistance Test: No test;[PASS] Pullback: Detected;[FAIL] Double Top/Bottom: No pattern;[PASS] Range Filter: EMA diff=0.0238 [>0.005];[PASS] Combined Range Filter: diff=0.0238, ADX=47.86, mode=OR"
AVAX-USDT,LONG,S1,پرومتئوس (Prometheus),7.89200000,7.57632000,0.00000000,2026-09-07 09:56:09,OPEN,,,,,,10.00,,"[PASS] Candle Strength 15m: BS15=0.625 [>= 0.6];[FAIL] Candle Strength 5m: BS5=1.000 [too high];[PASS] EMA Trend 1h: EMA21=7.77, EMA50=7.67;[PASS] EMA Trend 4h: EMA21=7.61, EMA50=7.47, EMA200=7.04;[PASS] RSI 30m: RSI=61.89;[FAIL] MACD 30m: MACD_hist=-0.0007;[FAIL] Smart Pullback: price=7.8920 EMA=7.8182 RSI=61.9 BS=0.625;[PASS] ADX: ADX=33.22 [>22], DI+=40.67, DI-=15.41;[PASS] CCI Momentum: CCI=90.16;[PASS] SAR: SAR=7.8849, price=7.8920;[FAIL] Stochastic: K=61.03 D=61.03;[PASS] EMA Rejection: Rejected;[FAIL] Resistance Test: No test;[PASS] Pullback: Detected;[FAIL] Double Top/Bottom: No pattern;[PASS] Range Filter: EMA diff=0.0089 [>0.005];[PASS] Combined Range Filter: diff=0.0089, ADX=33.22, mode=AND"
ATOM-USDT,LONG,S3,کرونوس (Cronus),1.59580000,1.53196800,0.00000000,2026-09-07 09:56:22,OPEN,,,,,,10.00,,"[PASS] Candle Strength 15m: BS15=0.625 [>= 0.6];[FAIL] Candle Strength 5m: BS5=1.000 [too high];[PASS] EMA Trend 1h: EMA21=1.59, EMA50=1.57;[PASS] EMA Trend 4h: EMA21=1.56, EMA50=1.53, EMA200=1.46;[PASS] RSI 30m: RSI=54.17;[FAIL] MACD 30m: MACD_hist=0.0003;[FAIL] Smart Pullback: price=1.5958 EMA=1.5898 RSI=54.2 BS=0.625;[FAIL] ADX: ADX=13.38 [>22], DI+=27.97, DI-=17.37;[PASS] CCI Momentum: CCI=92.55;[PASS] SAR: SAR=1.5903, price=1.5958;[FAIL] Stochastic: K=62.46 D=62.46;[PASS] EMA Rejection: Rejected;[PASS] Resistance Test: Tested;[PASS] Pullback: Detected;[PASS] Double Top/Bottom: Pattern=double_top;[FAIL] Range Filter: EMA diff=0.0037 [>0.005];[PASS] Combined Range Filter: diff=0.0037, ADX=13.38, mode=AND"
ATOM-USDT,LONG,B1,هایپریون (Hyperion),1.59580000,1.53196800,0.00000000,2026-09-07 09:56:24,OPEN,,,,,,10.00,,"[PASS] Candle Strength 15m: BS15=0.625 [>= 0.6];[FAIL] Candle Strength 5m: BS5=1.000 [too high];[PASS] EMA Trend 1h: EMA21=1.59, EMA50=1.57;[PASS] EMA Trend 4h: EMA21=1.56, EMA50=1.53, EMA200=1.46;[PASS] RSI 30m: RSI=54.17;[FAIL] MACD 30m: MACD_hist=0.0003;[FAIL] Smart Pullback: price=1.5958 EMA=1.5898 RSI=54.2 BS=0.625;[FAIL] ADX: ADX=13.38 [>22], DI+=27.97, DI-=17.37;[PASS] CCI Momentum: CCI=92.55;[PASS] SAR: SAR=1.5903, price=1.5958;[FAIL] Stochastic: K=62.46 D=62.46;[PASS] EMA Rejection: Rejected;[PASS] Resistance Test: Tested;[PASS] Pullback: Detected;[PASS] Double Top/Bottom: Pattern=double_top;[FAIL] Range Filter: EMA diff=0.0037 [>0.005];[FAIL] Combined Range Filter: diff=0.0037, ADX=13.38, mode=OR"
FIL-USDT,LONG,S3,کرونوس (Cronus),0.81720000,0.78451200,0.00000000,2026-09-07 09:56:25,OPEN,,,,,,10.00,,"[FAIL] Candle Strength 15m: BS15=0.233 [>= 0.6];[FAIL] Candle Strength 5m: BS5=0.000 [>= 0.6];[PASS] EMA Trend 1h: EMA21=0.80, EMA50=0.79;[PASS] EMA Trend 4h: EMA21=0.79, EMA50=0.77, EMA200=0.73;[PASS] RSI 30m: RSI=63.01;[FAIL] MACD 30m: MACD_hist=0.0006;[FAIL] Smart Pullback: price=0.8172 EMA=0.8051 RSI=63.0 BS=0.233;[FAIL] ADX: ADX=17.81 [>22], DI+=38.97, DI-=17.16;[FAIL] CCI Momentum: CCI=190.00;[PASS] SAR: SAR=0.8044, price=0.8172;[FAIL] Stochastic: K=78.79 D=78.79;[PASS] EMA Rejection: Rejected;[PASS] Resistance Test: Tested;[PASS] Pullback: Detected;[PASS] Double Top/Bottom: Pattern=double_bottom;[PASS] Range Filter: EMA diff=0.0051 [>0.005];[PASS] Combined Range Filter: diff=0.0051, ADX=17.81, mode=AND"
FIL-USDT,LONG,B1,هایپریون (Hyperion),0.81720000,0.78451200,0.00000000,2026-09-07 09:56:27,OPEN,,,,,,10.00,,"[FAIL] Candle Strength 15m: BS15=0.233 [>= 0.6];[FAIL] Candle Strength 5m: BS5=0.000 [>= 0.6];[PASS] EMA Trend 1h: EMA21=0.80, EMA50=0.79;[PASS] EMA Trend 4h: EMA21=0.79, EMA50=0.77, EMA200=0.73;[PASS] RSI 30m: RSI=63.01;[FAIL] MACD 30m: MACD_hist=0.0006;[FAIL] Smart Pullback: price=0.8172 EMA=0.8051 RSI=63.0 BS=0.233;[FAIL] ADX: ADX=17.81 [>22], DI+=38.97, DI-=17.16;[FAIL] CCI Momentum: CCI=190.00;[PASS] SAR: SAR=0.8044, price=0.8172;[FAIL] Stochastic: K=78.79 D=78.79;[PASS] EMA Rejection: Rejected;[PASS] Resistance Test: Tested;[PASS] Pullback: Detected;[PASS] Double Top/Bottom: Pattern=double_bottom;[PASS] Range Filter: EMA diff=0.0051 [>0.005];[FAIL] Combined Range Filter: diff=0.0051, ADX=17.81, mode=OR"
INJ-USDT,LONG,S3,کرونوس (Cronus),5.61000000,5.38560000,0.00000000,2026-09-07 09:56:29,OPEN,,,,,,10.00,,"[FAIL] Candle Strength 15m: BS15=0.114 [>= 0.6];[FAIL] Candle Strength 5m: BS5=0.909 [too high];[PASS] EMA Trend 1h: EMA21=5.33, EMA50=5.16;[PASS] EMA Trend 4h: EMA21=5.10, EMA50=5.04, EMA200=4.90;[FAIL] RSI 30m: RSI=67.23;[PASS] MACD 30m: MACD_hist=0.0147;[FAIL] Smart Pullback: price=5.6100 EMA=5.4277 RSI=67.2 BS=0.114;[PASS] ADX: ADX=47.97 [>22], DI+=37.48, DI-=10.34;[FAIL] CCI Momentum: CCI=102.90;[PASS] SAR: SAR=5.5994, price=5.6100;[FAIL] Stochastic: K=83.73 D=83.73;[FAIL] EMA Rejection: No rejection;[FAIL] Resistance Test: No test;[PASS] Pullback: Detected;[FAIL] Double Top/Bottom: No pattern;[PASS] Range Filter: EMA diff=0.0274 [>0.005];[PASS] Combined Range Filter: diff=0.0274, ADX=47.97, mode=AND"
INJ-USDT,LONG,B1,هایپریون (Hyperion),5.61000000,5.38560000,0.00000000,2026-09-07 09:56:31,OPEN,,,,,,10.00,,"[FAIL] Candle Strength 15m: BS15=0.114 [>= 0.6];[FAIL] Candle Strength 5m: BS5=0.909 [too high];[PASS] EMA Trend 1h: EMA21=5.33, EMA50=5.16;[PASS] EMA Trend 4h: EMA21=5.10, EMA50=5.04, EMA200=4.90;[FAIL] RSI 30m: RSI=67.23;[PASS] MACD 30m: MACD_hist=0.0147;[FAIL] Smart Pullback: price=5.6100 EMA=5.4277 RSI=67.2 BS=0.114;[PASS] ADX: ADX=47.97 [>22], DI+=37.48, DI-=10.34;[FAIL] CCI Momentum: CCI=102.90;[PASS] SAR: SAR=5.5994, price=5.6100;[FAIL] Stochastic: K=83.73 D=83.73;[FAIL] EMA Rejection: No rejection;[FAIL] Resistance Test: No test;[PASS] Pullback: Detected;[FAIL] Double Top/Bottom: No pattern;[PASS] Range Filter: EMA diff=0.0274 [>0.005];[PASS] Combined Range Filter: diff=0.0274, ADX=47.97, mode=OR"
XRP-USDT,SHORT,S3,کرونوس (Cronus),1.40797000,1.46428880,0.00000000,2026-09-07 10:19:56,OPEN,,,,,,10.00,,"[FAIL] Candle Strength 15m: BS15=0.969 [too high - likely end of move];[FAIL] Candle Strength 5m: BS5=0.969 [too high];[PASS] EMA Trend 1h: EMA21=1.41, EMA50=1.41;[FAIL] EMA Trend 4h: EMA21=1.41, EMA50=1.40, EMA200=1.26;[PASS] RSI 30m: RSI=44.86;[FAIL] MACD 30m: MACD_hist=-0.0004;[FAIL] Smart Pullback: price=1.4080 EMA=1.4116 RSI=44.9 BS=0.969;[FAIL] ADX: ADX=13.79 [>22], DI+=24.19, DI-=19.49;[PASS] CCI Momentum: CCI=-67.51;[PASS] SAR: SAR=1.4080, price=1.4080;[FAIL] Stochastic: K=23.32 D=23.32;[PASS] EMA Rejection: Rejected;[PASS] Resistance Test: Tested;[PASS] Pullback: Detected;[PASS] Double Top/Bottom: Pattern=double_bottom;[FAIL] Range Filter: EMA diff=0.0014 [>0.005];[FAIL] Combined Range Filter: diff=0.0014, ADX=13.79, mode=AND"
ATOM-USDT,LONG,S3,کرونوس (Cronus),1.60510000,1.54089600,0.00000000,2026-09-07 10:19:59,OPEN,,,,,,10.00,,"[PASS] Candle Strength 15m: BS15=0.654 [>= 0.6];[PASS] Candle Strength 5m: BS5=0.654 [>= 0.6];[PASS] EMA Trend 1h: EMA21=1.59, EMA50=1.57;[PASS] EMA Trend 4h: EMA21=1.56, EMA50=1.53, EMA200=1.46;[PASS] RSI 30m: RSI=58.81;[FAIL] MACD 30m: MACD_hist=0.0010;[FAIL] Smart Pullback: price=1.6051 EMA=1.5912 RSI=58.8 BS=0.654;[FAIL] ADX: ADX=14.65 [>22], DI+=29.91, DI-=15.71;[FAIL] CCI Momentum: CCI=168.59;[PASS] SAR: SAR=1.5915, price=1.6051;[FAIL] Stochastic: K=83.90 D=83.90;[PASS] EMA Rejection: Rejected;[PASS] Resistance Test: Tested;[PASS] Pullback: Detected;[FAIL] Double Top/Bottom: No pattern;[FAIL] Range Filter: EMA diff=0.0040 [>0.005];[PASS] Combined Range Filter: diff=0.0040, ADX=14.65, mode=AND"
ATOM-USDT,LONG,B1,هایپریون (Hyperion),1.60510000,1.54089600,0.00000000,2026-09-07 10:20:01,OPEN,,,,,,10.00,,"[PASS] Candle Strength 15m: BS15=0.654 [>= 0.6];[PASS] Candle Strength 5m: BS5=0.654 [>= 0.6];[PASS] EMA Trend 1h: EMA21=1.59, EMA50=1.57;[PASS] EMA Trend 4h: EMA21=1.56, EMA50=1.53, EMA200=1.46;[PASS] RSI 30m: RSI=58.81;[FAIL] MACD 30m: MACD_hist=0.0010;[FAIL] Smart Pullback: price=1.6051 EMA=1.5912 RSI=58.8 BS=0.654;[FAIL] ADX: ADX=14.65 [>22], DI+=29.91, DI-=15.71;[FAIL] CCI Momentum: CCI=168.59;[PASS] SAR: SAR=1.5915, price=1.6051;[FAIL] Stochastic: K=83.90 D=83.90;[PASS] EMA Rejection: Rejected;[PASS] Resistance Test: Tested;[PASS] Pullback: Detected;[FAIL] Double Top/Bottom: No pattern;[FAIL] Range Filter: EMA diff=0.0040 [>0.005];[FAIL] Combined Range Filter: diff=0.0040, ADX=14.65, mode=OR"
FIL-USDT,LONG,S3,کرونوس (Cronus),0.81850000,0.78576000,0.00000000,2026-09-07 10:20:02,OPEN,,,,,,10.00,,"[FAIL] Candle Strength 15m: BS15=0.500 [>= 0.6];[FAIL] Candle Strength 5m: BS5=0.500 [>= 0.6];[PASS] EMA Trend 1h: EMA21=0.80, EMA50=0.80;[PASS] EMA Trend 4h: EMA21=0.79, EMA50=0.77, EMA200=0.73;[PASS] RSI 30m: RSI=64.04;[FAIL] MACD 30m: MACD_hist=0.0010;[FAIL] Smart Pullback: price=0.8185 EMA=0.8061 RSI=64.0 BS=0.500;[FAIL] ADX: ADX=19.40 [>22], DI+=36.37, DI-=15.55;[FAIL] CCI Momentum: CCI=195.32;[PASS] SAR: SAR=0.8096, price=0.8185;[FAIL] Stochastic: K=80.36 D=80.36;[PASS] EMA Rejection: Rejected;[PASS] Resistance Test: Tested;[PASS] Pullback: Detected;[PASS] Double Top/Bottom: Pattern=double_bottom;[PASS] Range Filter: EMA diff=0.0057 [>0.005];[PASS] Combined Range Filter: diff=0.0057, ADX=19.40, mode=AND"
FIL-USDT,LONG,B1,هایپریون (Hyperion),0.81850000,0.78576000,0.00000000,2026-09-07 10:20:04,OPEN,,,,,,10.00,,"[FAIL] Candle Strength 15m: BS15=0.500 [>= 0.6];[FAIL] Candle Strength 5m: BS5=0.500 [>= 0.6];[PASS] EMA Trend 1h: EMA21=0.80, EMA50=0.80;[PASS] EMA Trend 4h: EMA21=0.79, EMA50=0.77, EMA200=0.73;[PASS] RSI 30m: RSI=64.04;[FAIL] MACD 30m: MACD_hist=0.0010;[FAIL] Smart Pullback: price=0.8185 EMA=0.8061 RSI=64.0 BS=0.500;[FAIL] ADX: ADX=19.40 [>22], DI+=36.37, DI-=15.55;[FAIL] CCI Momentum: CCI=195.32;[PASS] SAR: SAR=0.8096, price=0.8185;[FAIL] Stochastic: K=80.36 D=80.36;[PASS] EMA Rejection: Rejected;[PASS] Resistance Test: Tested;[PASS] Pullback: Detected;[PASS] Double Top/Bottom: Pattern=double_bottom;[PASS] Range Filter: EMA diff=0.0057 [>0.005];[FAIL] Combined Range Filter: diff=0.0057, ADX=19.40, mode=OR"
INJ-USDT,LONG,S1,پرومتئوس (Prometheus),5.56500000,5.34240000,0.00000000,2026-09-07 10:20:06,OPEN,,,,,,10.00,,"[PASS] Candle Strength 15m: BS15=0.643 [>= 0.6];[FAIL] Candle Strength 5m: BS5=0.333 [>= 0.6];[PASS] EMA Trend 1h: EMA21=5.32, EMA50=5.16;[PASS] EMA Trend 4h: EMA21=5.10, EMA50=5.04, EMA200=4.90;[PASS] RSI 30m: RSI=62.88;[PASS] MACD 30m: MACD_hist=0.0085;[FAIL] Smart Pullback: price=5.5650 EMA=5.4402 RSI=62.9 BS=0.643;[PASS] ADX: ADX=47.89 [>22], DI+=35.05, DI-=12.68;[PASS] CCI Momentum: CCI=79.17;[FAIL] SAR: SAR=5.5703, price=5.5650;[FAIL] Stochastic: K=69.86 D=69.86;[FAIL] EMA Rejection: No rejection;[FAIL] Resistance Test: No test;[PASS] Pullback: Detected;[FAIL] Double Top/Bottom: No pattern;[PASS] Range Filter: EMA diff=0.0278 [>0.005];[PASS] Combined Range Filter: diff=0.0278, ADX=47.89, mode=AND"
BNB-USDT,SHORT,S3,کرونوس (Cronus),744.55800000,774.34032000,0.00000000,2026-09-07 10:49:52,OPEN,,,,,,10.00,,"[FAIL] Candle Strength 15m: BS15=0.027 [>= 0.6];[FAIL] Candle Strength 5m: BS5=0.027 [>= 0.6];[FAIL] EMA Trend 1h: EMA21=749.88, EMA50=748.20;[FAIL] EMA Trend 4h: EMA21=740.94, EMA50=722.27, EMA200=662.81;[PASS] RSI 30m: RSI=37.97;[PASS] MACD 30m: MACD_hist=-0.2613;[FAIL] Smart Pullback: price=744.5580 EMA=748.3522 RSI=38.0 BS=0.027;[FAIL] ADX: ADX=13.39 [>22], DI+=24.71, DI-=27.83;[FAIL] CCI Momentum: CCI=-133.17;[PASS] SAR: SAR=745.0153, price=744.5580;[FAIL] Stochastic: K=1.01 D=1.01;[PASS] EMA Rejection: Rejected;[FAIL] Resistance Test: No test;[PASS] Pullback: Detected;[PASS] Double Top/Bottom: Pattern=double_top;[FAIL] Range Filter: EMA diff=0.0031 [>0.005];[PASS] Combined Range Filter: diff=0.0031, ADX=13.39, mode=AND"
LINK-USDT,LONG,S1,پرومتئوس (Prometheus),13.33800000,12.80448000,0.00000000,2026-09-07 10:49:57,OPEN,,,,,,10.00,,"[FAIL] Candle Strength 15m: BS15=0.598 [>= 0.6];[FAIL] Candle Strength 5m: BS5=0.598 [>= 0.6];[PASS] EMA Trend 1h: EMA21=12.88, EMA50=12.48;[PASS] EMA Trend 4h: EMA21=12.24, EMA50=11.84, EMA200=10.44;[PASS] RSI 30m: RSI=64.80;[PASS] MACD 30m: MACD_hist=0.0049;[FAIL] Smart Pullback: price=13.3380 EMA=13.0943 RSI=64.8 BS=0.598;[PASS] ADX: ADX=48.77 [>22], DI+=43.06, DI-=13.30;[PASS] CCI Momentum: CCI=94.04;[FAIL] SAR: SAR=13.3426, price=13.3380;[FAIL] Stochastic: K=52.77 D=52.77;[FAIL] EMA Rejection: No rejection;[FAIL] Resistance Test: No test;[PASS] Pullback: Detected;[FAIL] Double Top/Bottom: No pattern;[PASS] Range Filter: EMA diff=0.0244 [>0.005];[PASS] Combined Range Filter: diff=0.0244, ADX=48.77, mode=AND"
ATOM-USDT,LONG,S3,کرونوس (Cronus),1.63080000,1.56556800,0.00000000,2026-09-07 10:49:58,OPEN,,,,,,10.00,,"[FAIL] Candle Strength 15m: BS15=0.838 [too high - likely end of move];[FAIL] Candle Strength 5m: BS5=0.838 [too high];[PASS] EMA Trend 1h: EMA21=1.59, EMA50=1.57;[PASS] EMA Trend 4h: EMA21=1.56, EMA50=1.53, EMA200=1.46;[FAIL] RSI 30m: RSI=68.25;[PASS] MACD 30m: MACD_hist=0.0031;[FAIL] Smart Pullback: price=1.6308 EMA=1.5951 RSI=68.3 BS=0.838;[FAIL] ADX: ADX=17.15 [>22], DI+=39.49, DI-=13.28;[FAIL] CCI Momentum: CCI=299.21;[PASS] SAR: SAR=1.5988, price=1.6308;[FAIL] Stochastic: K=94.29 D=94.29;[PASS] EMA Rejection: Rejected;[PASS] Resistance Test: Tested;[PASS] Pullback: Detected;[FAIL] Double Top/Bottom: No pattern;[PASS] Range Filter: EMA diff=0.0052 [>0.005];[PASS] Combined Range Filter: diff=0.0052, ADX=17.15, mode=AND"
ATOM-USDT,LONG,B1,هایپریون (Hyperion),1.63080000,1.56556800,0.00000000,2026-09-07 10:50:00,OPEN,,,,,,10.00,,"[FAIL] Candle Strength 15m: BS15=0.838 [too high - likely end of move];[FAIL] Candle Strength 5m: BS5=0.838 [too high];[PASS] EMA Trend 1h: EMA21=1.59, EMA50=1.57;[PASS] EMA Trend 4h: EMA21=1.56, EMA50=1.53, EMA200=1.46;[FAIL] RSI 30m: RSI=68.25;[PASS] MACD 30m: MACD_hist=0.0031;[FAIL] Smart Pullback: price=1.6308 EMA=1.5951 RSI=68.3 BS=0.838;[FAIL] ADX: ADX=17.15 [>22], DI+=39.49, DI-=13.28;[FAIL] CCI Momentum: CCI=299.21;[PASS] SAR: SAR=1.5988, price=1.6308;[FAIL] Stochastic: K=94.29 D=94.29;[PASS] EMA Rejection: Rejected;[PASS] Resistance Test: Tested;[PASS] Pullback: Detected;[FAIL] Double Top/Bottom: No pattern;[PASS] Range Filter: EMA diff=0.0052 [>0.005];[FAIL] Combined Range Filter: diff=0.0052, ADX=17.15, mode=OR"
OP-USDT,LONG,S3,کرونوس (Cronus),0.11000000,0.10560000,0.00000000,2026-09-07 10:50:03,OPEN,,,,,,10.00,,"[FAIL] Candle Strength 15m: BS15=0.857 [too high - likely end of move];[FAIL] Candle Strength 5m: BS5=0.857 [too high];[PASS] EMA Trend 1h: EMA21=0.11, EMA50=0.11;[PASS] EMA Trend 4h: EMA21=0.11, EMA50=0.10, EMA200=0.09;[PASS] RSI 30m: RSI=53.07;[FAIL] MACD 30m: MACD_hist=-0.0000;[FAIL] Smart Pullback: price=0.1100 EMA=0.1095 RSI=53.1 BS=0.857;[FAIL] ADX: ADX=16.12 [>22], DI+=29.18, DI-=17.03;[PASS] CCI Momentum: CCI=-4.58;[PASS] SAR: SAR=0.1089, price=0.1100;[FAIL] Stochastic: K=42.55 D=42.55;[PASS] EMA Rejection: Rejected;[PASS] Resistance Test: Tested;[PASS] Pullback: Detected;[PASS] Double Top/Bottom: Pattern=double_bottom;[FAIL] Range Filter: EMA diff=0.0045 [>0.005];[PASS] Combined Range Filter: diff=0.0045, ADX=16.12, mode=AND"
OP-USDT,LONG,B1,هایپریون (Hyperion),0.11000000,0.10560000,0.00000000,2026-09-07 10:50:05,OPEN,,,,,,10.00,,"[FAIL] Candle Strength 15m: BS15=0.857 [too high - likely end of move];[FAIL] Candle Strength 5m: BS5=0.857 [too high];[PASS] EMA Trend 1h: EMA21=0.11, EMA50=0.11;[PASS] EMA Trend 4h: EMA21=0.11, EMA50=0.10, EMA200=0.09;[PASS] RSI 30m: RSI=53.07;[FAIL] MACD 30m: MACD_hist=-0.0000;[FAIL] Smart Pullback: price=0.1100 EMA=0.1095 RSI=53.1 BS=0.857;[FAIL] ADX: ADX=16.12 [>22], DI+=29.18, DI-=17.03;[PASS] CCI Momentum: CCI=-4.58;[PASS] SAR: SAR=0.1089, price=0.1100;[FAIL] Stochastic: K=42.55 D=42.55;[PASS] EMA Rejection: Rejected;[PASS] Resistance Test: Tested;[PASS] Pullback: Detected;[PASS] Double Top/Bottom: Pattern=double_bottom;[FAIL] Range Filter: EMA diff=0.0045 [>0.005];[FAIL] Combined Range Filter: diff=0.0045, ADX=16.12, mode=OR"
BTC-USDT,SHORT,S3,کرونوس (Cronus),79333.90000000,82507.25600000,0.00000000,2026-09-07 11:16:03,OPEN,,,,,,10.00,,"[PASS] Candle Strength 15m: BS15=0.727 [>= 0.6];[PASS] Candle Strength 5m: BS5=0.727 [>= 0.6];[FAIL] EMA Trend 1h: EMA21=79800.05, EMA50=79797.35;[FAIL] EMA Trend 4h: EMA21=79662.46, EMA50=79041.02, EMA200=72868.79;[FAIL] RSI 30m: RSI=32.77;[PASS] MACD 30m: MACD_hist=-56.3157;[FAIL] Smart Pullback: price=79333.9000 EMA=79748.9339 RSI=32.8 BS=0.727;[FAIL] ADX: ADX=16.47 [>22], DI+=20.32, DI-=36.90;[FAIL] CCI Momentum: CCI=-185.86;[PASS] SAR: SAR=79408.7280, price=79333.9000;[FAIL] Stochastic: K=23.45 D=23.45;[PASS] EMA Rejection: Rejected;[PASS] Resistance Test: Tested;[PASS] Pullback: Detected;[PASS] Double Top/Bottom: Pattern=double_top;[FAIL] Range Filter: EMA diff=0.0008 [>0.005];[FAIL] Combined Range Filter: diff=0.0008, ADX=16.47, mode=AND"
BNB-USDT,SHORT,S3,کرونوس (Cronus),743.59800000,773.34192000,0.00000000,2026-09-07 11:16:04,OPEN,,,,,,10.00,,"[PASS] Candle Strength 15m: BS15=0.778 [>= 0.6];[PASS] Candle Strength 5m: BS5=0.778 [>= 0.6];[FAIL] EMA Trend 1h: EMA21=749.79, EMA50=748.17;[FAIL] EMA Trend 4h: EMA21=740.85, EMA50=722.23, EMA200=662.80;[PASS] RSI 30m: RSI=37.60;[PASS] MACD 30m: MACD_hist=-0.4254;[FAIL] Smart Pullback: price=743.5980 EMA=747.7600 RSI=37.6 BS=0.778;[FAIL] ADX: ADX=14.53 [>22], DI+=21.75, DI-=34.01;[FAIL] CCI Momentum: CCI=-173.76;[FAIL] SAR: SAR=742.5802, price=743.5980;[FAIL] Stochastic: K=19.88 D=19.88;[PASS] EMA Rejection: Rejected;[FAIL] Resistance Test: No test;[PASS] Pullback: Detected;[PASS] Double Top/Bottom: Pattern=double_top;[FAIL] Range Filter: EMA diff=0.0034 [>0.005];[PASS] Combined Range Filter: diff=0.0034, ADX=14.53, mode=AND"
XAUT-USDT,SHORT,S2,ایاپتوس (Iapetus),4391.66000000,4567.32640000,0.00000000,2026-09-07 11:16:07,OPEN,,,,,,10.00,,"[FAIL] Candle Strength 15m: BS15=0.000 [>= 0.6];[FAIL] Candle Strength 5m: BS5=0.000 [>= 0.6];[PASS] EMA Trend 1h: EMA21=4407.86, EMA50=4416.50;[FAIL] EMA Trend 4h: EMA21=4419.78, EMA50=4435.06, EMA200=4366.23;[PASS] RSI 30m: RSI=37.86;[PASS] MACD 30m: MACD_hist=-0.9663;[FAIL] Smart Pullback: price=4391.6600 EMA=4402.0423 RSI=37.9 BS=0.000;[PASS] ADX: ADX=33.36 [>22], DI+=16.86, DI-=32.15;[PASS] CCI Momentum: CCI=-95.55;[FAIL] SAR: SAR=4389.4972, price=4391.6600;[FAIL] Stochastic: K=24.57 D=24.57;[FAIL] EMA Rejection: No rejection;[PASS] Resistance Test: Tested;[PASS] Pullback: Detected;[PASS] Double Top/Bottom: Pattern=double_bottom;[FAIL] Range Filter: EMA diff=0.0019 [>0.005];[PASS] Combined Range Filter: diff=0.0019, ADX=33.36, mode=AND"
NEAR-USDT,LONG,S3,کرونوس (Cronus),2.31250000,2.22000000,0.00000000,2026-09-07 11:16:09,OPEN,,,,,,10.00,,"[FAIL] Candle Strength 15m: BS15=0.000 [>= 0.6];[FAIL] Candle Strength 5m: BS5=0.000 [>= 0.6];[PASS] EMA Trend 1h: EMA21=2.38, EMA50=2.31;[PASS] EMA Trend 4h: EMA21=2.23, EMA50=2.09, EMA200=1.86;[FAIL] RSI 30m: RSI=36.90;[FAIL] MACD 30m: MACD_hist=-0.0092;[FAIL] Smart Pullback: price=2.3125 EMA=2.3971 RSI=36.9 BS=0.000;[FAIL] ADX: ADX=21.98 [>22], DI+=16.40, DI-=31.53;[FAIL] CCI Momentum: CCI=-214.83;[FAIL] SAR: SAR=2.3711, price=2.3125;[FAIL] Stochastic: K=9.68 D=9.68;[PASS] EMA Rejection: Rejected;[FAIL] Resistance Test: No test;[FAIL] Pullback: No pullback;[PASS] Double Top/Bottom: Pattern=double_top;[PASS] Range Filter: EMA diff=0.0105 [>0.005];[PASS] Combined Range Filter: diff=0.0105, ADX=21.98, mode=AND"
FIL-USDT,LONG,S3,کرونوس (Cronus),0.82310000,0.79017600,0.00000000,2026-09-07 11:16:12,OPEN,,,,,,10.00,,"[FAIL] Candle Strength 15m: BS15=0.417 [>= 0.6];[FAIL] Candle Strength 5m: BS5=0.417 [>= 0.6];[PASS] EMA Trend 1h: EMA21=0.80, EMA50=0.80;[PASS] EMA Trend 4h: EMA21=0.79, EMA50=0.77, EMA200=0.73;[PASS] RSI 30m: RSI=64.94;[FAIL] MACD 30m: MACD_hist=0.0016;[FAIL] Smart Pullback: price=0.8231 EMA=0.8086 RSI=64.9 BS=0.417;[FAIL] ADX: ADX=21.50 [>22], DI+=29.68, DI-=16.13;[FAIL] CCI Momentum: CCI=141.26;[PASS] SAR: SAR=0.8144, price=0.8231;[FAIL] Stochastic: K=95.02 D=95.02;[FAIL] EMA Rejection: No rejection;[PASS] Resistance Test: Tested;[PASS] Pullback: Detected;[FAIL] Double Top/Bottom: No pattern;[PASS] Range Filter: EMA diff=0.0069 [>0.005];[PASS] Combined Range Filter: diff=0.0069, ADX=21.50, mode=AND"
FIL-USDT,LONG,B1,هایپریون (Hyperion),0.82310000,0.79017600,0.00000000,2026-09-07 11:16:13,OPEN,,,,,,10.00,,"[FAIL] Candle Strength 15m: BS15=0.417 [>= 0.6];[FAIL] Candle Strength 5m: BS5=0.417 [>= 0.6];[PASS] EMA Trend 1h: EMA21=0.80, EMA50=0.80;[PASS] EMA Trend 4h: EMA21=0.79, EMA50=0.77, EMA200=0.73;[PASS] RSI 30m: RSI=64.94;[FAIL] MACD 30m: MACD_hist=0.0016;[FAIL] Smart Pullback: price=0.8231 EMA=0.8086 RSI=64.9 BS=0.417;[FAIL] ADX: ADX=21.50 [>22], DI+=29.68, DI-=16.13;[FAIL] CCI Momentum: CCI=141.26;[PASS] SAR: SAR=0.8144, price=0.8231;[FAIL] Stochastic: K=95.02 D=95.02;[FAIL] EMA Rejection: No rejection;[PASS] Resistance Test: Tested;[PASS] Pullback: Detected;[FAIL] Double Top/Bottom: No pattern;[PASS] Range Filter: EMA diff=0.0069 [>0.005];[FAIL] Combined Range Filter: diff=0.0069, ADX=21.50, mode=OR"
LTC-USDT,LONG,S3,کرونوس (Cronus),54.86000000,52.66560000,0.00000000,2026-09-07 11:49:56,OPEN,,,,,,10.00,,"[FAIL] Candle Strength 15m: BS15=0.556 [>= 0.6];[FAIL] Candle Strength 5m: BS5=0.556 [>= 0.6];[PASS] EMA Trend 1h: EMA21=54.48, EMA50=53.95;[PASS] EMA Trend 4h: EMA21=53.38, EMA50=51.86, EMA200=48.67;[PASS] RSI 30m: RSI=55.75;[PASS] MACD 30m: MACD_hist=0.0128;[FAIL] Smart Pullback: price=54.8600 EMA=54.5460 RSI=55.8 BS=0.556;[FAIL] ADX: ADX=17.12 [>22], DI+=23.52, DI-=16.56;[PASS] CCI Momentum: CCI=25.16;[PASS] SAR: SAR=54.2442, price=54.8600;[FAIL] Stochastic: K=90.48 D=90.48;[PASS] EMA Rejection: Rejected;[PASS] Resistance Test: Tested;[PASS] Pullback: Detected;[PASS] Double Top/Bottom: Pattern=double_top;[FAIL] Range Filter: EMA diff=0.0021 [>0.005];[FAIL] Combined Range Filter: diff=0.0021, ADX=17.12, mode=AND"
LTC-USDT,LONG,B1,هایپریون (Hyperion),54.86000000,52.66560000,0.00000000,2026-09-07 11:49:57,OPEN,,,,,,10.00,,"[FAIL] Candle Strength 15m: BS15=0.556 [>= 0.6];[FAIL] Candle Strength 5m: BS5=0.556 [>= 0.6];[PASS] EMA Trend 1h: EMA21=54.48, EMA50=53.95;[PASS] EMA Trend 4h: EMA21=53.38, EMA50=51.86, EMA200=48.67;[PASS] RSI 30m: RSI=55.75;[PASS] MACD 30m: MACD_hist=0.0128;[FAIL] Smart Pullback: price=54.8600 EMA=54.5460 RSI=55.8 BS=0.556;[FAIL] ADX: ADX=17.12 [>22], DI+=23.52, DI-=16.56;[PASS] CCI Momentum: CCI=25.16;[PASS] SAR: SAR=54.2442, price=54.8600;[FAIL] Stochastic: K=90.48 D=90.48;[PASS] EMA Rejection: Rejected;[PASS] Resistance Test: Tested;[PASS] Pullback: Detected;[PASS] Double Top/Bottom: Pattern=double_top;[FAIL] Range Filter: EMA diff=0.0021 [>0.005];[FAIL] Combined Range Filter: diff=0.0021, ADX=17.12, mode=OR"
SUI-USDT,LONG,S3,کرونوس (Cronus),0.81000000,0.77760000,0.00000000,2026-09-07 11:50:00,OPEN,,,,,,10.00,,"[FAIL] Candle Strength 15m: BS15=0.263 [>= 0.6];[FAIL] Candle Strength 5m: BS5=0.263 [>= 0.6];[PASS] EMA Trend 1h: EMA21=0.80, EMA50=0.79;[PASS] EMA Trend 4h: EMA21=0.79, EMA50=0.77, EMA200=0.74;[PASS] RSI 30m: RSI=56.38;[FAIL] MACD 30m: MACD_hist=0.0001;[FAIL] Smart Pullback: price=0.8100 EMA=0.8015 RSI=56.4 BS=0.263;[FAIL] ADX: ADX=16.92 [>22], DI+=27.79, DI-=19.40;[PASS] CCI Momentum: CCI=42.60;[PASS] SAR: SAR=0.7870, price=0.8100;[FAIL] Stochastic: K=79.73 D=79.73;[PASS] EMA Rejection: Rejected;[PASS] Resistance Test: Tested;[PASS] Pullback: Detected;[FAIL] Double Top/Bottom: No pattern;[FAIL] Range Filter: EMA diff=0.0017 [>0.005];[FAIL] Combined Range Filter: diff=0.0017, ADX=16.92, mode=AND"
SUI-USDT,LONG,B1,هایپریون (Hyperion),0.81000000,0.77760000,0.00000000,2026-09-07 11:50:01,OPEN,,,,,,10.00,,"[FAIL] Candle Strength 15m: BS15=0.263 [>= 0.6];[FAIL] Candle Strength 5m: BS5=0.263 [>= 0.6];[PASS] EMA Trend 1h: EMA21=0.80, EMA50=0.79;[PASS] EMA Trend 4h: EMA21=0.79, EMA50=0.77, EMA200=0.74;[PASS] RSI 30m: RSI=56.38;[FAIL] MACD 30m: MACD_hist=0.0001;[FAIL] Smart Pullback: price=0.8100 EMA=0.8015 RSI=56.4 BS=0.263;[FAIL] ADX: ADX=16.92 [>22], DI+=27.79, DI-=19.40;[PASS] CCI Momentum: CCI=42.60;[PASS] SAR: SAR=0.7870, price=0.8100;[FAIL] Stochastic: K=79.73 D=79.73;[PASS] EMA Rejection: Rejected;[PASS] Resistance Test: Tested;[PASS] Pullback: Detected;[FAIL] Double Top/Bottom: No pattern;[FAIL] Range Filter: EMA diff=0.0017 [>0.005];[FAIL] Combined Range Filter: diff=0.0017, ADX=16.92, mode=OR"
NEAR-USDT,LONG,S3,کرونوس (Cronus),2.34170000,2.24803200,0.00000000,2026-09-07 11:50:03,OPEN,,,,,,10.00,,"[PASS] Candle Strength 15m: BS15=0.717 [>= 0.6];[PASS] Candle Strength 5m: BS5=0.717 [>= 0.6];[PASS] EMA Trend 1h: EMA21=2.38, EMA50=2.31;[PASS] EMA Trend 4h: EMA21=2.24, EMA50=2.10, EMA200=1.87;[FAIL] RSI 30m: RSI=42.74;[FAIL] MACD 30m: MACD_hist=-0.0106;[FAIL] Smart Pullback: price=2.3417 EMA=2.3912 RSI=42.7 BS=0.717;[FAIL] ADX: ADX=22.82 [>22], DI+=15.13, DI-=29.82;[FAIL] CCI Momentum: CCI=-187.89;[PASS] SAR: SAR=2.2934, price=2.3417;[FAIL] Stochastic: K=31.51 D=31.51;[PASS] EMA Rejection: Rejected;[FAIL] Resistance Test: No test;[PASS] Pullback: Detected;[PASS] Double Top/Bottom: Pattern=double_top;[PASS] Range Filter: EMA diff=0.0085 [>0.005];[PASS] Combined Range Filter: diff=0.0085, ADX=22.82, mode=AND"
NEAR-USDT,LONG,B1,هایپریون (Hyperion),2.34170000,2.24803200,0.00000000,2026-09-07 11:50:04,OPEN,,,,,,10.00,,"[PASS] Candle Strength 15m: BS15=0.717 [>= 0.6];[PASS] Candle Strength 5m: BS5=0.717 [>= 0.6];[PASS] EMA Trend 1h: EMA21=2.38, EMA50=2.31;[PASS] EMA Trend 4h: EMA21=2.24, EMA50=2.10, EMA200=1.87;[FAIL] RSI 30m: RSI=42.74;[FAIL] MACD 30m: MACD_hist=-0.0106;[FAIL] Smart Pullback: price=2.3417 EMA=2.3912 RSI=42.7 BS=0.717;[FAIL] ADX: ADX=22.82 [>22], DI+=15.13, DI-=29.82;[FAIL] CCI Momentum: CCI=-187.89;[PASS] SAR: SAR=2.2934, price=2.3417;[FAIL] Stochastic: K=31.51 D=31.51;[PASS] EMA Rejection: Rejected;[FAIL] Resistance Test: No test;[PASS] Pullback: Detected;[PASS] Double Top/Bottom: Pattern=double_top;[PASS] Range Filter: EMA diff=0.0085 [>0.005];[PASS] Combined Range Filter: diff=0.0085, ADX=22.82, mode=OR"
ATOM-USDT,LONG,S3,کرونوس (Cronus),1.63860000,1.57305600,0.00000000,2026-09-07 11:50:07,OPEN,,,,,,10.00,,"[PASS] Candle Strength 15m: BS15=0.646 [>= 0.6];[FAIL] Candle Strength 5m: BS5=0.000 [>= 0.6];[PASS] EMA Trend 1h: EMA21=1.59, EMA50=1.57;[PASS] EMA Trend 4h: EMA21=1.57, EMA50=1.53, EMA200=1.46;[FAIL] RSI 30m: RSI=69.90;[PASS] MACD 30m: MACD_hist=0.0044;[FAIL] Smart Pullback: price=1.6386 EMA=1.6003 RSI=69.9 BS=0.646;[FAIL] ADX: ADX=21.94 [>22], DI+=36.94, DI-=10.61;[FAIL] CCI Momentum: CCI=248.61;[PASS] SAR: SAR=1.6081, price=1.6386;[FAIL] Stochastic: K=95.43 D=95.43;[PASS] EMA Rejection: Rejected;[PASS] Resistance Test: Tested;[PASS] Pullback: Detected;[FAIL] Double Top/Bottom: No pattern;[PASS] Range Filter: EMA diff=0.0065 [>0.005];[PASS] Combined Range Filter: diff=0.0065, ADX=21.94, mode=AND"
ATOM-USDT,LONG,B1,هایپریون (Hyperion),1.63860000,1.57305600,0.00000000,2026-09-07 11:50:08,OPEN,,,,,,10.00,,"[PASS] Candle Strength 15m: BS15=0.646 [>= 0.6];[FAIL] Candle Strength 5m: BS5=0.000 [>= 0.6];[PASS] EMA Trend 1h: EMA21=1.59, EMA50=1.57;[PASS] EMA Trend 4h: EMA21=1.57, EMA50=1.53, EMA200=1.46;[FAIL] RSI 30m: RSI=69.90;[PASS] MACD 30m: MACD_hist=0.0044;[FAIL] Smart Pullback: price=1.6386 EMA=1.6003 RSI=69.9 BS=0.646;[FAIL] ADX: ADX=21.94 [>22], DI+=36.94, DI-=10.61;[FAIL] CCI Momentum: CCI=248.61;[PASS] SAR: SAR=1.6081, price=1.6386;[FAIL] Stochastic: K=95.43 D=95.43;[PASS] EMA Rejection: Rejected;[PASS] Resistance Test: Tested;[PASS] Pullback: Detected;[FAIL] Double Top/Bottom: No pattern;[PASS] Range Filter: EMA diff=0.0065 [>0.005];[FAIL] Combined Range Filter: diff=0.0065, ADX=21.94, mode=OR"
FIL-USDT,LONG,S3,کرونوس (Cronus),0.82470000,0.79171200,0.00000000,2026-09-07 11:50:10,OPEN,,,,,,10.00,,"[FAIL] Candle Strength 15m: BS15=1.000 [too high - likely end of move];[FAIL] Candle Strength 5m: BS5=1.000 [too high];[PASS] EMA Trend 1h: EMA21=0.81, EMA50=0.80;[PASS] EMA Trend 4h: EMA21=0.79, EMA50=0.77, EMA200=0.73;[FAIL] RSI 30m: RSI=66.19;[FAIL] MACD 30m: MACD_hist=0.0016;[FAIL] Smart Pullback: price=0.8247 EMA=0.8096 RSI=66.2 BS=1.000;[PASS] ADX: ADX=24.54 [>22], DI+=32.43, DI-=11.33;[FAIL] CCI Momentum: CCI=165.21;[PASS] SAR: SAR=0.8108, price=0.8247;[FAIL] Stochastic: K=89.27 D=89.27;[FAIL] EMA Rejection: No rejection;[PASS] Resistance Test: Tested;[PASS] Pullback: Detected;[FAIL] Double Top/Bottom: No pattern;[PASS] Range Filter: EMA diff=0.0073 [>0.005];[PASS] Combined Range Filter: diff=0.0073, ADX=24.54, mode=AND"
FIL-USDT,LONG,B1,هایپریون (Hyperion),0.82470000,0.79171200,0.00000000,2026-09-07 11:50:12,OPEN,,,,,,10.00,,"[FAIL] Candle Strength 15m: BS15=1.000 [too high - likely end of move];[FAIL] Candle Strength 5m: BS5=1.000 [too high];[PASS] EMA Trend 1h: EMA21=0.81, EMA50=0.80;[PASS] EMA Trend 4h: EMA21=0.79, EMA50=0.77, EMA200=0.73;[FAIL] RSI 30m: RSI=66.19;[FAIL] MACD 30m: MACD_hist=0.0016;[FAIL] Smart Pullback: price=0.8247 EMA=0.8096 RSI=66.2 BS=1.000;[PASS] ADX: ADX=24.54 [>22], DI+=32.43, DI-=11.33;[FAIL] CCI Momentum: CCI=165.21;[PASS] SAR: SAR=0.8108, price=0.8247;[FAIL] Stochastic: K=89.27 D=89.27;[FAIL] EMA Rejection: No rejection;[PASS] Resistance Test: Tested;[PASS] Pullback: Detected;[FAIL] Double Top/Bottom: No pattern;[PASS] Range Filter: EMA diff=0.0073 [>0.005];[PASS] Combined Range Filter: diff=0.0073, ADX=24.54, mode=OR"
INJ-USDT,LONG,S1,پرومتئوس (Prometheus),5.60300000,5.37888000,0.00000000,2026-09-07 11:50:14,OPEN,,,,,,10.00,,"[PASS] Candle Strength 15m: BS15=0.675 [>= 0.6];[FAIL] Candle Strength 5m: BS5=1.000 [too high];[PASS] EMA Trend 1h: EMA21=5.37, EMA50=5.19;[PASS] EMA Trend 4h: EMA21=5.14, EMA50=5.06, EMA200=4.90;[PASS] RSI 30m: RSI=64.45;[FAIL] MACD 30m: MACD_hist=-0.0033;[FAIL] Smart Pullback: price=5.6030 EMA=5.4709 RSI=64.5 BS=0.675;[PASS] ADX: ADX=47.71 [>22], DI+=31.32, DI-=11.02;[PASS] CCI Momentum: CCI=80.40;[PASS] SAR: SAR=5.5071, price=5.6030;[FAIL] Stochastic: K=73.15 D=73.15;[FAIL] EMA Rejection: No rejection;[FAIL] Resistance Test: No test;[PASS] Pullback: Detected;[FAIL] Double Top/Bottom: No pattern;[PASS] Range Filter: EMA diff=0.0275 [>0.005];[PASS] Combined Range Filter: diff=0.0275, ADX=47.71, mode=AND"
SUI-USDT,LONG,S3,کرونوس (Cronus),0.81370000,0.78115200,0.00000000,2026-09-07 12:16:05,OPEN,,,,,,10.00,,"[FAIL] Candle Strength 15m: BS15=0.923 [too high - likely end of move];[FAIL] Candle Strength 5m: BS5=0.923 [too high];[PASS] EMA Trend 1h: EMA21=0.80, EMA50=0.80;[PASS] EMA Trend 4h: EMA21=0.79, EMA50=0.77, EMA200=0.74;[PASS] RSI 30m: RSI=58.50;[FAIL] MACD 30m: MACD_hist=0.0010;[FAIL] Smart Pullback: price=0.8137 EMA=0.8029 RSI=58.5 BS=0.923;[FAIL] ADX: ADX=17.13 [>22], DI+=27.47, DI-=18.37;[FAIL] CCI Momentum: CCI=103.77;[PASS] SAR: SAR=0.7961, price=0.8137;[FAIL] Stochastic: K=92.23 D=92.23;[PASS] EMA Rejection: Rejected;[PASS] Resistance Test: Tested;[PASS] Pullback: Detected;[PASS] Double Top/Bottom: Pattern=double_bottom;[FAIL] Range Filter: EMA diff=0.0026 [>0.005];[FAIL] Combined Range Filter: diff=0.0026, ADX=17.13, mode=AND"
SUI-USDT,LONG,B1,هایپریون (Hyperion),0.81370000,0.78115200,0.00000000,2026-09-07 12:16:06,OPEN,,,,,,10.00,,"[FAIL] Candle Strength 15m: BS15=0.923 [too high - likely end of move];[FAIL] Candle Strength 5m: BS5=0.923 [too high];[PASS] EMA Trend 1h: EMA21=0.80, EMA50=0.80;[PASS] EMA Trend 4h: EMA21=0.79, EMA50=0.77, EMA200=0.74;[PASS] RSI 30m: RSI=58.50;[FAIL] MACD 30m: MACD_hist=0.0010;[FAIL] Smart Pullback: price=0.8137 EMA=0.8029 RSI=58.5 BS=0.923;[FAIL] ADX: ADX=17.13 [>22], DI+=27.47, DI-=18.37;[FAIL] CCI Momentum: CCI=103.77;[PASS] SAR: SAR=0.7961, price=0.8137;[FAIL] Stochastic: K=92.23 D=92.23;[PASS] EMA Rejection: Rejected;[PASS] Resistance Test: Tested;[PASS] Pullback: Detected;[PASS] Double Top/Bottom: Pattern=double_bottom;[FAIL] Range Filter: EMA diff=0.0026 [>0.005];[FAIL] Combined Range Filter: diff=0.0026, ADX=17.13, mode=OR"
NEAR-USDT,LONG,S3,کرونوس (Cronus),2.34710000,2.25321600,0.00000000,2026-09-07 12:16:08,OPEN,,,,,,10.00,,"[FAIL] Candle Strength 15m: BS15=0.375 [>= 0.6];[FAIL] Candle Strength 5m: BS5=0.375 [>= 0.6];[PASS] EMA Trend 1h: EMA21=2.38, EMA50=2.31;[PASS] EMA Trend 4h: EMA21=2.24, EMA50=2.10, EMA200=1.87;[FAIL] RSI 30m: RSI=43.62;[FAIL] MACD 30m: MACD_hist=-0.0100;[FAIL] Smart Pullback: price=2.3471 EMA=2.3878 RSI=43.6 BS=0.375;[FAIL] ADX: ADX=23.42 [>22], DI+=15.04, DI-=28.70;[FAIL] CCI Momentum: CCI=-124.73;[PASS] SAR: SAR=2.3019, price=2.3471;[FAIL] Stochastic: K=35.03 D=35.03;[PASS] EMA Rejection: Rejected;[FAIL] Resistance Test: No test;[PASS] Pullback: Detected;[PASS] Double Top/Bottom: Pattern=double_top;[PASS] Range Filter: EMA diff=0.0073 [>0.005];[PASS] Combined Range Filter: diff=0.0073, ADX=23.42, mode=AND"
NEAR-USDT,LONG,B1,هایپریون (Hyperion),2.34710000,2.25321600,0.00000000,2026-09-07 12:16:09,OPEN,,,,,,10.00,,"[FAIL] Candle Strength 15m: BS15=0.375 [>= 0.6];[FAIL] Candle Strength 5m: BS5=0.375 [>= 0.6];[PASS] EMA Trend 1h: EMA21=2.38, EMA50=2.31;[PASS] EMA Trend 4h: EMA21=2.24, EMA50=2.10, EMA200=1.87;[FAIL] RSI 30m: RSI=43.62;[FAIL] MACD 30m: MACD_hist=-0.0100;[FAIL] Smart Pullback: price=2.3471 EMA=2.3878 RSI=43.6 BS=0.375;[FAIL] ADX: ADX=23.42 [>22], DI+=15.04, DI-=28.70;[FAIL] CCI Momentum: CCI=-124.73;[PASS] SAR: SAR=2.3019, price=2.3471;[FAIL] Stochastic: K=35.03 D=35.03;[PASS] EMA Rejection: Rejected;[FAIL] Resistance Test: No test;[PASS] Pullback: Detected;[PASS] Double Top/Bottom: Pattern=double_top;[PASS] Range Filter: EMA diff=0.0073 [>0.005];[PASS] Combined Range Filter: diff=0.0073, ADX=23.42, mode=OR"
LTC-USDT,LONG,S3,کرونوس (Cronus),55.58000000,53.35680000,0.00000000,2026-09-07 12:49:04,OPEN,,,,,,10.00,,"[FAIL] Candle Strength 15m: BS15=0.568 [>= 0.6];[PASS] Candle Strength 5m: BS5=0.750 [>= 0.6];[PASS] EMA Trend 1h: EMA21=54.56, EMA50=54.01;[PASS] EMA Trend 4h: EMA21=53.44, EMA50=51.89, EMA200=48.67;[PASS] RSI 30m: RSI=64.65;[PASS] MACD 30m: MACD_hist=0.0672;[FAIL] Smart Pullback: price=55.5800 EMA=54.6260 RSI=64.6 BS=0.568;[FAIL] ADX: ADX=18.93 [>22], DI+=32.21, DI-=13.08;[FAIL] CCI Momentum: CCI=128.91;[PASS] SAR: SAR=54.5234, price=55.5800;[FAIL] Stochastic: K=94.89 D=94.89;[PASS] EMA Rejection: Rejected;[PASS] Resistance Test: Tested;[PASS] Pullback: Detected;[PASS] Double Top/Bottom: Pattern=double_top;[FAIL] Range Filter: EMA diff=0.0028 [>0.005];[FAIL] Combined Range Filter: diff=0.0028, ADX=18.93, mode=AND"
LTC-USDT,LONG,B1,هایپریون (Hyperion),55.58000000,53.35680000,0.00000000,2026-09-07 12:49:05,OPEN,,,,,,10.00,,"[FAIL] Candle Strength 15m: BS15=0.568 [>= 0.6];[PASS] Candle Strength 5m: BS5=0.750 [>= 0.6];[PASS] EMA Trend 1h: EMA21=54.56, EMA50=54.01;[PASS] EMA Trend 4h: EMA21=53.44, EMA50=51.89, EMA200=48.67;[PASS] RSI 30m: RSI=64.65;[PASS] MACD 30m: MACD_hist=0.0672;[FAIL] Smart Pullback: price=55.5800 EMA=54.6260 RSI=64.6 BS=0.568;[FAIL] ADX: ADX=18.93 [>22], DI+=32.21, DI-=13.08;[FAIL] CCI Momentum: CCI=128.91;[PASS] SAR: SAR=54.5234, price=55.5800;[FAIL] Stochastic: K=94.89 D=94.89;[PASS] EMA Rejection: Rejected;[PASS] Resistance Test: Tested;[PASS] Pullback: Detected;[PASS] Double Top/Bottom: Pattern=double_top;[FAIL] Range Filter: EMA diff=0.0028 [>0.005];[FAIL] Combined Range Filter: diff=0.0028, ADX=18.93, mode=OR"
SUI-USDT,LONG,S3,کرونوس (Cronus),0.81320000,0.78067200,0.00000000,2026-09-07 12:49:08,OPEN,,,,,,10.00,,"[PASS] Candle Strength 15m: BS15=0.750 [>= 0.6];[PASS] Candle Strength 5m: BS5=0.750 [>= 0.6];[PASS] EMA Trend 1h: EMA21=0.80, EMA50=0.80;[PASS] EMA Trend 4h: EMA21=0.79, EMA50=0.77, EMA200=0.74;[PASS] RSI 30m: RSI=58.01;[FAIL] MACD 30m: MACD_hist=0.0013;[FAIL] Smart Pullback: price=0.8132 EMA=0.8038 RSI=58.0 BS=0.750;[FAIL] ADX: ADX=17.51 [>22], DI+=26.94, DI-=17.29;[FAIL] CCI Momentum: CCI=105.36;[PASS] SAR: SAR=0.8084, price=0.8132;[FAIL] Stochastic: K=87.58 D=87.58;[PASS] EMA Rejection: Rejected;[FAIL] Resistance Test: No test;[PASS] Pullback: Detected;[PASS] Double Top/Bottom: Pattern=double_bottom;[FAIL] Range Filter: EMA diff=0.0031 [>0.005];[PASS] Combined Range Filter: diff=0.0031, ADX=17.51, mode=AND"
SUI-USDT,LONG,B1,هایپریون (Hyperion),0.81320000,0.78067200,0.00000000,2026-09-07 12:49:09,OPEN,,,,,,10.00,,"[PASS] Candle Strength 15m: BS15=0.750 [>= 0.6];[PASS] Candle Strength 5m: BS5=0.750 [>= 0.6];[PASS] EMA Trend 1h: EMA21=0.80, EMA50=0.80;[PASS] EMA Trend 4h: EMA21=0.79, EMA50=0.77, EMA200=0.74;[PASS] RSI 30m: RSI=58.01;[FAIL] MACD 30m: MACD_hist=0.0013;[FAIL] Smart Pullback: price=0.8132 EMA=0.8038 RSI=58.0 BS=0.750;[FAIL] ADX: ADX=17.51 [>22], DI+=26.94, DI-=17.29;[FAIL] CCI Momentum: CCI=105.36;[PASS] SAR: SAR=0.8084, price=0.8132;[FAIL] Stochastic: K=87.58 D=87.58;[PASS] EMA Rejection: Rejected;[FAIL] Resistance Test: No test;[PASS] Pullback: Detected;[PASS] Double Top/Bottom: Pattern=double_bottom;[FAIL] Range Filter: EMA diff=0.0031 [>0.005];[FAIL] Combined Range Filter: diff=0.0031, ADX=17.51, mode=OR"
NEAR-USDT,LONG,S3,کرونوس (Cronus),2.35210000,2.25801600,0.00000000,2026-09-07 12:49:11,OPEN,,,,,,10.00,,"[FAIL] Candle Strength 15m: BS15=0.041 [>= 0.6];[FAIL] Candle Strength 5m: BS5=0.041 [>= 0.6];[PASS] EMA Trend 1h: EMA21=2.38, EMA50=2.31;[PASS] EMA Trend 4h: EMA21=2.24, EMA50=2.10, EMA200=1.87;[FAIL] RSI 30m: RSI=44.60;[FAIL] MACD 30m: MACD_hist=-0.0091;[FAIL] Smart Pullback: price=2.3521 EMA=2.3843 RSI=44.6 BS=0.041;[FAIL] ADX: ADX=24.11 [>22], DI+=14.43, DI-=28.68;[FAIL] CCI Momentum: CCI=-109.40;[PASS] SAR: SAR=2.3392, price=2.3521;[FAIL] Stochastic: K=38.28 D=38.28;[FAIL] EMA Rejection: No rejection;[FAIL] Resistance Test: No test;[PASS] Pullback: Detected;[FAIL] Double Top/Bottom: No pattern;[PASS] Range Filter: EMA diff=0.0062 [>0.005];[PASS] Combined Range Filter: diff=0.0062, ADX=24.11, mode=AND"
NEAR-USDT,LONG,B1,هایپریون (Hyperion),2.35210000,2.25801600,0.00000000,2026-09-07 12:49:28,OPEN,,,,,,10.00,,"[FAIL] Candle Strength 15m: BS15=0.041 [>= 0.6];[FAIL] Candle Strength 5m: BS5=0.041 [>= 0.6];[PASS] EMA Trend 1h: EMA21=2.38, EMA50=2.31;[PASS] EMA Trend 4h: EMA21=2.24, EMA50=2.10, EMA200=1.87;[FAIL] RSI 30m: RSI=44.60;[FAIL] MACD 30m: MACD_hist=-0.0091;[FAIL] Smart Pullback: price=2.3521 EMA=2.3843 RSI=44.6 BS=0.041;[FAIL] ADX: ADX=24.11 [>22], DI+=14.43, DI-=28.68;[FAIL] CCI Momentum: CCI=-109.40;[PASS] SAR: SAR=2.3392, price=2.3521;[FAIL] Stochastic: K=38.28 D=38.28;[FAIL] EMA Rejection: No rejection;[FAIL] Resistance Test: No test;[PASS] Pullback: Detected;[FAIL] Double Top/Bottom: No pattern;[PASS] Range Filter: EMA diff=0.0062 [>0.005];[PASS] Combined Range Filter: diff=0.0062, ADX=24.11, mode=OR"
AVAX-USDT,LONG,S1,پرومتئوس (Prometheus),7.94200000,7.62432000,0.00000000,2026-09-07 12:49:45,OPEN,,,,,,10.00,,"[PASS] Candle Strength 15m: BS15=0.667 [>= 0.6];[PASS] Candle Strength 5m: BS5=0.667 [>= 0.6];[PASS] EMA Trend 1h: EMA21=7.80, EMA50=7.69;[PASS] EMA Trend 4h: EMA21=7.63, EMA50=7.48, EMA200=7.05;[PASS] RSI 30m: RSI=63.29;[FAIL] MACD 30m: MACD_hist=0.0004;[FAIL] Smart Pullback: price=7.9420 EMA=7.8360 RSI=63.3 BS=0.667;[PASS] ADX: ADX=29.25 [>22], DI+=40.04, DI-=21.48;[FAIL] CCI Momentum: CCI=111.07;[PASS] SAR: SAR=7.8503, price=7.9420;[FAIL] Stochastic: K=86.36 D=86.36;[PASS] EMA Rejection: Rejected;[FAIL] Resistance Test: No test;[PASS] Pullback: Detected;[FAIL] Double Top/Bottom: No pattern;[PASS] Range Filter: EMA diff=0.0082 [>0.005];[PASS] Combined Range Filter: diff=0.0082, ADX=29.25, mode=AND"
ATOM-USDT,LONG,S1,پرومتئوس (Prometheus),1.62900000,1.56384000,0.00000000,2026-09-07 12:49:46,OPEN,,,,,,10.00,,"[PASS] Candle Strength 15m: BS15=0.641 [>= 0.6];[PASS] Candle Strength 5m: BS5=0.641 [>= 0.6];[PASS] EMA Trend 1h: EMA21=1.60, EMA50=1.58;[PASS] EMA Trend 4h: EMA21=1.56, EMA50=1.53, EMA200=1.46;[PASS] RSI 30m: RSI=63.77;[PASS] MACD 30m: MACD_hist=0.0038;[FAIL] Smart Pullback: price=1.6290 EMA=1.6043 RSI=63.8 BS=0.641;[PASS] ADX: ADX=26.54 [>22], DI+=32.02, DI-=9.20;[FAIL] CCI Momentum: CCI=143.44;[PASS] SAR: SAR=1.6218, price=1.6290;[FAIL] Stochastic: K=79.84 D=79.84;[FAIL] EMA Rejection: No rejection;[FAIL] Resistance Test: No test;[PASS] Pullback: Detected;[FAIL] Double Top/Bottom: No pattern;[PASS] Range Filter: EMA diff=0.0074 [>0.005];[PASS] Combined Range Filter: diff=0.0074, ADX=26.54, mode=AND"
FIL-USDT,LONG,S3,کرونوس (Cronus),0.82500000,0.79200000,0.00000000,2026-09-07 12:49:48,OPEN,,,,,,10.00,,"[FAIL] Candle Strength 15m: BS15=0.381 [>= 0.6];[FAIL] Candle Strength 5m: BS5=0.381 [>= 0.6];[PASS] EMA Trend 1h: EMA21=0.81, EMA50=0.80;[PASS] EMA Trend 4h: EMA21=0.79, EMA50=0.77, EMA200=0.73;[FAIL] RSI 30m: RSI=65.39;[FAIL] MACD 30m: MACD_hist=0.0017;[FAIL] Smart Pullback: price=0.8250 EMA=0.8123 RSI=65.4 BS=0.381;[PASS] ADX: ADX=27.10 [>22], DI+=30.50, DI-=14.32;[FAIL] CCI Momentum: CCI=114.32;[PASS] SAR: SAR=0.8244, price=0.8250;[FAIL] Stochastic: K=83.48 D=83.48;[FAIL] EMA Rejection: No rejection;[FAIL] Resistance Test: No test;[PASS] Pullback: Detected;[FAIL] Double Top/Bottom: No pattern;[PASS] Range Filter: EMA diff=0.0086 [>0.005];[PASS] Combined Range Filter: diff=0.0086, ADX=27.10, mode=AND"
FIL-USDT,LONG,B1,هایپریون (Hyperion),0.82500000,0.79200000,0.00000000,2026-09-07 12:49:49,OPEN,,,,,,10.00,,"[FAIL] Candle Strength 15m: BS15=0.381 [>= 0.6];[FAIL] Candle Strength 5m: BS5=0.381 [>= 0.6];[PASS] EMA Trend 1h: EMA21=0.81, EMA50=0.80;[PASS] EMA Trend 4h: EMA21=0.79, EMA50=0.77, EMA200=0.73;[FAIL] RSI 30m: RSI=65.39;[FAIL] MACD 30m: MACD_hist=0.0017;[FAIL] Smart Pullback: price=0.8250 EMA=0.8123 RSI=65.4 BS=0.381;[PASS] ADX: ADX=27.10 [>22], DI+=30.50, DI-=14.32;[FAIL] CCI Momentum: CCI=114.32;[PASS] SAR: SAR=0.8244, price=0.8250;[FAIL] Stochastic: K=83.48 D=83.48;[FAIL] EMA Rejection: No rejection;[FAIL] Resistance Test: No test;[PASS] Pullback: Detected;[FAIL] Double Top/Bottom: No pattern;[PASS] Range Filter: EMA diff=0.0086 [>0.005];[PASS] Combined Range Filter: diff=0.0086, ADX=27.10, mode=OR"
INJ-USDT,LONG,S1,پرومتئوس (Prometheus),5.60800000,5.38368000,0.00000000,2026-09-07 12:49:51,OPEN,,,,,,10.00,,"[FAIL] Candle Strength 15m: BS15=0.412 [>= 0.6];[FAIL] Candle Strength 5m: BS5=0.412 [>= 0.6];[PASS] EMA Trend 1h: EMA21=5.39, EMA50=5.20;[PASS] EMA Trend 4h: EMA21=5.14, EMA50=5.06, EMA200=4.90;[PASS] RSI 30m: RSI=64.82;[FAIL] MACD 30m: MACD_hist=-0.0054;[FAIL] Smart Pullback: price=5.6080 EMA=5.4933 RSI=64.8 BS=0.412;[PASS] ADX: ADX=48.36 [>22], DI+=33.45, DI-=9.98;[PASS] CCI Momentum: CCI=92.41;[PASS] SAR: SAR=5.5667, price=5.6080;[FAIL] Stochastic: K=75.10 D=75.10;[FAIL] EMA Rejection: No rejection;[FAIL] Resistance Test: No test;[PASS] Pullback: Detected;[PASS] Double Top/Bottom: Pattern=double_bottom;[PASS] Range Filter: EMA diff=0.0276 [>0.005];[PASS] Combined Range Filter: diff=0.0276, ADX=48.36, mode=AND"
INJ-USDT,LONG,S3,کرونوس (Cronus),5.60800000,5.38368000,0.00000000,2026-09-07 12:49:53,OPEN,,,,,,10.00,,"[FAIL] Candle Strength 15m: BS15=0.412 [>= 0.6];[FAIL] Candle Strength 5m: BS5=0.412 [>= 0.6];[PASS] EMA Trend 1h: EMA21=5.39, EMA50=5.20;[PASS] EMA Trend 4h: EMA21=5.14, EMA50=5.06, EMA200=4.90;[PASS] RSI 30m: RSI=64.82;[FAIL] MACD 30m: MACD_hist=-0.0054;[FAIL] Smart Pullback: price=5.6080 EMA=5.4933 RSI=64.8 BS=0.412;[PASS] ADX: ADX=48.36 [>22], DI+=33.45, DI-=9.98;[PASS] CCI Momentum: CCI=92.41;[PASS] SAR: SAR=5.5667, price=5.6080;[FAIL] Stochastic: K=75.10 D=75.10;[FAIL] EMA Rejection: No rejection;[FAIL] Resistance Test: No test;[PASS] Pullback: Detected;[PASS] Double Top/Bottom: Pattern=double_bottom;[PASS] Range Filter: EMA diff=0.0276 [>0.005];[PASS] Combined Range Filter: diff=0.0276, ADX=48.36, mode=AND"
INJ-USDT,LONG,B1,هایپریون (Hyperion),5.60800000,5.38368000,0.00000000,2026-09-07 12:49:54,OPEN,,,,,,10.00,,"[FAIL] Candle Strength 15m: BS15=0.412 [>= 0.6];[FAIL] Candle Strength 5m: BS5=0.412 [>= 0.6];[PASS] EMA Trend 1h: EMA21=5.39, EMA50=5.20;[PASS] EMA Trend 4h: EMA21=5.14, EMA50=5.06, EMA200=4.90;[PASS] RSI 30m: RSI=64.82;[FAIL] MACD 30m: MACD_hist=-0.0054;[FAIL] Smart Pullback: price=5.6080 EMA=5.4933 RSI=64.8 BS=0.412;[PASS] ADX: ADX=48.36 [>22], DI+=33.45, DI-=9.98;[PASS] CCI Momentum: CCI=92.41;[PASS] SAR: SAR=5.5667, price=5.6080;[FAIL] Stochastic: K=75.10 D=75.10;[FAIL] EMA Rejection: No rejection;[FAIL] Resistance Test: No test;[PASS] Pullback: Detected;[PASS] Double Top/Bottom: Pattern=double_bottom;[PASS] Range Filter: EMA diff=0.0276 [>0.005];[PASS] Combined Range Filter: diff=0.0276, ADX=48.36, mode=OR"
TIA-USDT,LONG,S1,پرومتئوس (Prometheus),0.43620000,0.41875200,0.00000000,2026-09-07 12:49:56,OPEN,,,,,,10.00,,"[PASS] Candle Strength 15m: BS15=0.667 [>= 0.6];[PASS] Candle Strength 5m: BS5=0.667 [>= 0.6];[PASS] EMA Trend 1h: EMA21=0.42, EMA50=0.40;[PASS] EMA Trend 4h: EMA21=0.39, EMA50=0.37, EMA200=0.35;[PASS] RSI 30m: RSI=56.65;[FAIL] MACD 30m: MACD_hist=-0.0013;[FAIL] Smart Pullback: price=0.4362 EMA=0.4301 RSI=56.7 BS=0.667;[PASS] ADX: ADX=25.11 [>22], DI+=23.56, DI-=18.31;[PASS] CCI Momentum: CCI=-1.19;[PASS] SAR: SAR=0.4291, price=0.4362;[FAIL] Stochastic: K=74.57 D=74.57;[PASS] EMA Rejection: Rejected;[FAIL] Resistance Test: No test;[PASS] Pullback: Detected;[PASS] Double Top/Bottom: Pattern=double_top;[PASS] Range Filter: EMA diff=0.0272 [>0.005];[PASS] Combined Range Filter: diff=0.0272, ADX=25.11, mode=AND"
TIA-USDT,LONG,S3,کرونوس (Cronus),0.43620000,0.41875200,0.00000000,2026-09-07 12:49:57,OPEN,,,,,,10.00,,"[PASS] Candle Strength 15m: BS15=0.667 [>= 0.6];[PASS] Candle Strength 5m: BS5=0.667 [>= 0.6];[PASS] EMA Trend 1h: EMA21=0.42, EMA50=0.40;[PASS] EMA Trend 4h: EMA21=0.39, EMA50=0.37, EMA200=0.35;[PASS] RSI 30m: RSI=56.65;[FAIL] MACD 30m: MACD_hist=-0.0013;[FAIL] Smart Pullback: price=0.4362 EMA=0.4301 RSI=56.7 BS=0.667;[PASS] ADX: ADX=25.11 [>22], DI+=23.56, DI-=18.31;[PASS] CCI Momentum: CCI=-1.19;[PASS] SAR: SAR=0.4291, price=0.4362;[FAIL] Stochastic: K=74.57 D=74.57;[PASS] EMA Rejection: Rejected;[FAIL] Resistance Test: No test;[PASS] Pullback: Detected;[PASS] Double Top/Bottom: Pattern=double_top;[PASS] Range Filter: EMA diff=0.0272 [>0.005];[PASS] Combined Range Filter: diff=0.0272, ADX=25.11, mode=AND"
TIA-USDT,LONG,B1,هایپریون (Hyperion),0.43620000,0.41875200,0.00000000,2026-09-07 12:49:58,OPEN,,,,,,10.00,,"[PASS] Candle Strength 15m: BS15=0.667 [>= 0.6];[PASS] Candle Strength 5m: BS5=0.667 [>= 0.6];[PASS] EMA Trend 1h: EMA21=0.42, EMA50=0.40;[PASS] EMA Trend 4h: EMA21=0.39, EMA50=0.37, EMA200=0.35;[PASS] RSI 30m: RSI=56.65;[FAIL] MACD 30m: MACD_hist=-0.0013;[FAIL] Smart Pullback: price=0.4362 EMA=0.4301 RSI=56.7 BS=0.667;[PASS] ADX: ADX=25.11 [>22], DI+=23.56, DI-=18.31;[PASS] CCI Momentum: CCI=-1.19;[PASS] SAR: SAR=0.4291, price=0.4362;[FAIL] Stochastic: K=74.57 D=74.57;[PASS] EMA Rejection: Rejected;[FAIL] Resistance Test: No test;[PASS] Pullback: Detected;[PASS] Double Top/Bottom: Pattern=double_top;[PASS] Range Filter: EMA diff=0.0272 [>0.005];[PASS] Combined Range Filter: diff=0.0272, ADX=25.11, mode=OR"
POL-USDT,LONG,S3,کرونوس (Cronus),0.09790000,0.09398400,0.00000000,2026-09-07 12:50:00,OPEN,,,,,,10.00,,"[FAIL] Candle Strength 15m: BS15=1.000 [too high - likely end of move];[FAIL] Candle Strength 5m: BS5=1.000 [too high];[PASS] EMA Trend 1h: EMA21=0.10, EMA50=0.10;[FAIL] EMA Trend 4h: EMA21=0.10, EMA50=0.10, EMA200=0.09;[PASS] RSI 30m: RSI=57.75;[FAIL] MACD 30m: MACD_hist=0.0000;[FAIL] Smart Pullback: price=0.0979 EMA=0.0973 RSI=57.8 BS=1.000;[FAIL] ADX: ADX=20.23 [>22], DI+=25.40, DI-=29.10;[PASS] CCI Momentum: CCI=66.91;[PASS] SAR: SAR=0.0968, price=0.0979;[FAIL] Stochastic: K=82.61 D=82.61;[PASS] EMA Rejection: Rejected;[PASS] Resistance Test: Tested;[PASS] Pullback: Detected;[PASS] Double Top/Bottom: Pattern=double_bottom;[FAIL] Range Filter: EMA diff=0.0001 [>0.005];[FAIL] Combined Range Filter: diff=0.0001, ADX=20.23, mode=AND"
POL-USDT,LONG,B1,هایپریون (Hyperion),0.09790000,0.09398400,0.00000000,2026-09-07 12:50:01,OPEN,,,,,,10.00,,"[FAIL] Candle Strength 15m: BS15=1.000 [too high - likely end of move];[FAIL] Candle Strength 5m: BS5=1.000 [too high];[PASS] EMA Trend 1h: EMA21=0.10, EMA50=0.10;[FAIL] EMA Trend 4h: EMA21=0.10, EMA50=0.10, EMA200=0.09;[PASS] RSI 30m: RSI=57.75;[FAIL] MACD 30m: MACD_hist=0.0000;[FAIL] Smart Pullback: price=0.0979 EMA=0.0973 RSI=57.8 BS=1.000;[FAIL] ADX: ADX=20.23 [>22], DI+=25.40, DI-=29.10;[PASS] CCI Momentum: CCI=66.91;[PASS] SAR: SAR=0.0968, price=0.0979;[FAIL] Stochastic: K=82.61 D=82.61;[PASS] EMA Rejection: Rejected;[PASS] Resistance Test: Tested;[PASS] Pullback: Detected;[PASS] Double Top/Bottom: Pattern=double_bottom;[FAIL] Range Filter: EMA diff=0.0001 [>0.005];[FAIL] Combined Range Filter: diff=0.0001, ADX=20.23, mode=OR"
SHIB-USDT,LONG,B1,هایپریون (Hyperion),0.00000549,0.00000527,0.00000000,2026-09-07 12:50:03,OPEN,,,,,,10.00,,"[FAIL] Candle Strength 15m: BS15=0.010 [>= 0.6];[FAIL] Candle Strength 5m: BS5=0.003 [>= 0.6];[PASS] EMA Trend 1h: EMA21=0.00, EMA50=0.00;[PASS] EMA Trend 4h: EMA21=0.00, EMA50=0.00, EMA200=0.00;[PASS] RSI 30m: RSI=53.41;[FAIL] MACD 30m: MACD_hist=-0.0000;[FAIL] Smart Pullback: price=0.0000 EMA=0.0000 RSI=53.4 BS=0.833;[FAIL] ADX: ADX=20.08 [>22], DI+=26.42, DI-=25.82;[PASS] CCI Momentum: CCI=-0.05;[PASS] SAR: SAR=0.0000, price=0.0000;[FAIL] Stochastic: K=62.65 D=62.65;[PASS] EMA Rejection: Rejected;[PASS] Resistance Test: Tested;[PASS] Pullback: Detected;[FAIL] Double Top/Bottom: No pattern;[FAIL] Range Filter: EMA diff=0.0017 [>0.005];[FAIL] Combined Range Filter: diff=0.0017, ADX=20.08, mode=OR"
ETH-USDT,LONG,B1,هایپریون (Hyperion),2491.36000000,2391.70560000,0.00000000,2026-09-07 13:16:18,OPEN,,,,,,10.00,,"[PASS] Candle Strength 15m: BS15=0.674 [>= 0.6];[PASS] Candle Strength 5m: BS5=0.674 [>= 0.6];[PASS] EMA Trend 1h: EMA21=2497.35, EMA50=2490.13;[PASS] EMA Trend 4h: EMA21=2481.79, EMA50=2462.57, EMA200=2236.83;[FAIL] RSI 30m: RSI=43.57;[FAIL] MACD 30m: MACD_hist=-1.6411;[FAIL] Smart Pullback: price=2491.3600 EMA=2497.9527 RSI=43.6 BS=0.674;[FAIL] ADX: ADX=15.88 [>22], DI+=24.22, DI-=28.12;[FAIL] CCI Momentum: CCI=-84.64;[PASS] SAR: SAR=2490.7158, price=2491.3600;[FAIL] Stochastic: K=39.55 D=39.55;[FAIL] EMA Rejection: No rejection;[PASS] Resistance Test: Tested;[PASS] Pullback: Detected;[PASS] Double Top/Bottom: Pattern=double_bottom;[FAIL] Range Filter: EMA diff=0.0004 [>0.005];[FAIL] Combined Range Filter: diff=0.0004, ADX=15.88, mode=OR"
LTC-USDT,LONG,S3,کرونوس (Cronus),55.90000000,53.66400000,0.00000000,2026-09-07 13:16:21,OPEN,,,,,,10.00,,"[FAIL] Candle Strength 15m: BS15=1.000 [too high - likely end of move];[FAIL] Candle Strength 5m: BS5=1.000 [too high];[PASS] EMA Trend 1h: EMA21=54.58, EMA50=54.02;[PASS] EMA Trend 4h: EMA21=53.47, EMA50=51.90, EMA200=48.68;[FAIL] RSI 30m: RSI=66.19;[PASS] MACD 30m: MACD_hist=0.1420;[FAIL] Smart Pullback: price=55.9000 EMA=54.7799 RSI=66.2 BS=1.000;[FAIL] ADX: ADX=21.64 [>22], DI+=35.31, DI-=11.45;[FAIL] CCI Momentum: CCI=201.98;[PASS] SAR: SAR=54.5438, price=55.9000;[FAIL] Stochastic: K=86.90 D=86.90;[PASS] EMA Rejection: Rejected;[PASS] Resistance Test: Tested;[PASS] Pullback: Detected;[PASS] Double Top/Bottom: Pattern=double_top;[FAIL] Range Filter: EMA diff=0.0042 [>0.005];[PASS] Combined Range Filter: diff=0.0042, ADX=21.64, mode=AND"
LTC-USDT,LONG,B1,هایپریون (Hyperion),55.90000000,53.66400000,0.00000000,2026-09-07 13:16:22,OPEN,,,,,,10.00,,"[FAIL] Candle Strength 15m: BS15=1.000 [too high - likely end of move];[FAIL] Candle Strength 5m: BS5=1.000 [too high];[PASS] EMA Trend 1h: EMA21=54.58, EMA50=54.02;[PASS] EMA Trend 4h: EMA21=53.47, EMA50=51.90, EMA200=48.68;[FAIL] RSI 30m: RSI=66.19;[PASS] MACD 30m: MACD_hist=0.1420;[FAIL] Smart Pullback: price=55.9000 EMA=54.7799 RSI=66.2 BS=1.000;[FAIL] ADX: ADX=21.64 [>22], DI+=35.31, DI-=11.45;[FAIL] CCI Momentum: CCI=201.98;[PASS] SAR: SAR=54.5438, price=55.9000;[FAIL] Stochastic: K=86.90 D=86.90;[PASS] EMA Rejection: Rejected;[PASS] Resistance Test: Tested;[PASS] Pullback: Detected;[PASS] Double Top/Bottom: Pattern=double_top;[FAIL] Range Filter: EMA diff=0.0042 [>0.005];[FAIL] Combined Range Filter: diff=0.0042, ADX=21.64, mode=OR"
DOGE-USDT,LONG,B1,هایپریون (Hyperion),0.08962000,0.08603520,0.00000000,2026-09-07 13:16:23,OPEN,,,,,,10.00,,"[PASS] Candle Strength 15m: BS15=0.600 [>= 0.6];[PASS] Candle Strength 5m: BS5=0.600 [>= 0.6];[PASS] EMA Trend 1h: EMA21=0.09, EMA50=0.09;[PASS] EMA Trend 4h: EMA21=0.09, EMA50=0.09, EMA200=0.08;[FAIL] RSI 30m: RSI=46.48;[FAIL] MACD 30m: MACD_hist=-0.0000;[PASS] Smart Pullback: price=0.0896 EMA=0.0898 RSI=46.5 BS=0.600;[FAIL] ADX: ADX=12.99 [>22], DI+=20.38, DI-=24.58;[FAIL] CCI Momentum: CCI=-64.16;[PASS] SAR: SAR=0.0894, price=0.0896;[FAIL] Stochastic: K=51.71 D=51.71;[FAIL] EMA Rejection: No rejection;[PASS] Resistance Test: Tested;[PASS] Pullback: Detected;[PASS] Double Top/Bottom: Pattern=double_bottom;[FAIL] Range Filter: EMA diff=0.0004 [>0.005];[FAIL] Combined Range Filter: diff=0.0004, ADX=12.99, mode=OR"
DOT-USDT,LONG,B1,هایپریون (Hyperion),0.97840000,0.93926400,0.00000000,2026-09-07 13:16:26,OPEN,,,,,,10.00,,"[FAIL] Candle Strength 15m: BS15=0.125 [>= 0.6];[FAIL] Candle Strength 5m: BS5=0.125 [>= 0.6];[PASS] EMA Trend 1h: EMA21=0.97, EMA50=0.95;[PASS] EMA Trend 4h: EMA21=0.93, EMA50=0.90, EMA200=0.85;[PASS] RSI 30m: RSI=52.02;[FAIL] MACD 30m: MACD_hist=-0.0010;[FAIL] Smart Pullback: price=0.9784 EMA=0.9760 RSI=52.0 BS=0.125;[FAIL] ADX: ADX=20.90 [>22], DI+=30.64, DI-=21.48;[FAIL] CCI Momentum: CCI=-20.62;[PASS] SAR: SAR=0.9731, price=0.9784;[FAIL] Stochastic: K=63.01 D=63.01;[PASS] EMA Rejection: Rejected;[FAIL] Resistance Test: No test;[PASS] Pullback: Detected;[PASS] Double Top/Bottom: Pattern=double_top;[PASS] Range Filter: EMA diff=0.0085 [>0.005];[FAIL] Combined Range Filter: diff=0.0085, ADX=20.90, mode=OR"
LINK-USDT,LONG,S1,پرومتئوس (Prometheus),13.40190000,12.86582400,0.00000000,2026-09-07 13:16:29,OPEN,,,,,,10.00,,"[FAIL] Candle Strength 15m: BS15=0.526 [>= 0.6];[FAIL] Candle Strength 5m: BS5=0.526 [>= 0.6];[PASS] EMA Trend 1h: EMA21=12.96, EMA50=12.54;[PASS] EMA Trend 4h: EMA21=12.33, EMA50=11.90, EMA200=10.46;[PASS] RSI 30m: RSI=63.45;[FAIL] MACD 30m: MACD_hist=-0.0094;[FAIL] Smart Pullback: price=13.4019 EMA=13.1858 RSI=63.4 BS=0.526;[PASS] ADX: ADX=43.32 [>22], DI+=38.96, DI-=17.50;[PASS] CCI Momentum: CCI=96.12;[PASS] SAR: SAR=13.3529, price=13.4019;[FAIL] Stochastic: K=61.47 D=61.47;[FAIL] EMA Rejection: No rejection;[FAIL] Resistance Test: No test;[PASS] Pullback: Detected;[FAIL] Double Top/Bottom: No pattern;[PASS] Range Filter: EMA diff=0.0236 [>0.005];[PASS] Combined Range Filter: diff=0.0236, ADX=43.32, mode=AND"
AVAX-USDT,LONG,B1,هایپریون (Hyperion),7.93500000,7.61760000,0.00000000,2026-09-07 13:16:30,OPEN,,,,,,10.00,,"[PASS] Candle Strength 15m: BS15=0.800 [>= 0.6];[PASS] Candle Strength 5m: BS5=0.800 [>= 0.6];[PASS] EMA Trend 1h: EMA21=7.80, EMA50=7.69;[PASS] EMA Trend 4h: EMA21=7.63, EMA50=7.48, EMA200=7.05;[PASS] RSI 30m: RSI=61.98;[PASS] MACD 30m: MACD_hist=0.0035;[FAIL] Smart Pullback: price=7.9350 EMA=7.8455 RSI=62.0 BS=0.800;[PASS] ADX: ADX=29.48 [>22], DI+=38.64, DI-=20.18;[FAIL] CCI Momentum: CCI=117.93;[PASS] SAR: SAR=7.8798, price=7.9350;[FAIL] Stochastic: K=83.47 D=83.47;[PASS] EMA Rejection: Rejected;[FAIL] Resistance Test: No test;[PASS] Pullback: Detected;[PASS] Double Top/Bottom: Pattern=double_top;[PASS] Range Filter: EMA diff=0.0086 [>0.005];[PASS] Combined Range Filter: diff=0.0086, ADX=29.48, mode=OR"
FIL-USDT,LONG,S1,پرومتئوس (Prometheus),0.82330000,0.79036800,0.00000000,2026-09-07 13:16:32,OPEN,,,,,,10.00,,"[FAIL] Candle Strength 15m: BS15=1.000 [too high - likely end of move];[FAIL] Candle Strength 5m: BS5=1.000 [too high];[PASS] EMA Trend 1h: EMA21=0.81, EMA50=0.80;[PASS] EMA Trend 4h: EMA21=0.79, EMA50=0.77, EMA200=0.73;[PASS] RSI 30m: RSI=62.40;[FAIL] MACD 30m: MACD_hist=0.0013;[FAIL] Smart Pullback: price=0.8233 EMA=0.8130 RSI=62.4 BS=1.000;[PASS] ADX: ADX=27.31 [>22], DI+=28.74, DI-=15.48;[PASS] CCI Momentum: CCI=83.34;[PASS] SAR: SAR=0.8196, price=0.8233;[FAIL] Stochastic: K=78.38 D=78.38;[FAIL] EMA Rejection: No rejection;[FAIL] Resistance Test: No test;[PASS] Pullback: Detected;[FAIL] Double Top/Bottom: No pattern;[PASS] Range Filter: EMA diff=0.0087 [>0.005];[PASS] Combined Range Filter: diff=0.0087, ADX=27.31, mode=AND"
INJ-USDT,LONG,S3,کرونوس (Cronus),5.63300000,5.40768000,0.00000000,2026-09-07 13:16:34,OPEN,,,,,,10.00,,"[FAIL] Candle Strength 15m: BS15=1.000 [too high - likely end of move];[FAIL] Candle Strength 5m: BS5=1.000 [too high];[PASS] EMA Trend 1h: EMA21=5.39, EMA50=5.21;[PASS] EMA Trend 4h: EMA21=5.15, EMA50=5.06, EMA200=4.90;[FAIL] RSI 30m: RSI=65.65;[FAIL] MACD 30m: MACD_hist=-0.0035;[FAIL] Smart Pullback: price=5.6330 EMA=5.5090 RSI=65.6 BS=1.000;[PASS] ADX: ADX=48.76 [>22], DI+=32.52, DI-=9.70;[PASS] CCI Momentum: CCI=98.41;[PASS] SAR: SAR=5.6004, price=5.6330;[FAIL] Stochastic: K=84.82 D=84.82;[FAIL] EMA Rejection: No rejection;[FAIL] Resistance Test: No test;[PASS] Pullback: Detected;[PASS] Double Top/Bottom: Pattern=double_top;[PASS] Range Filter: EMA diff=0.0280 [>0.005];[PASS] Combined Range Filter: diff=0.0280, ADX=48.76, mode=AND"
INJ-USDT,LONG,B1,هایپریون (Hyperion),5.63300000,5.40768000,0.00000000,2026-09-07 13:16:36,OPEN,,,,,,10.00,,"[FAIL] Candle Strength 15m: BS15=1.000 [too high - likely end of move];[FAIL] Candle Strength 5m: BS5=1.000 [too high];[PASS] EMA Trend 1h: EMA21=5.39, EMA50=5.21;[PASS] EMA Trend 4h: EMA21=5.15, EMA50=5.06, EMA200=4.90;[FAIL] RSI 30m: RSI=65.65;[FAIL] MACD 30m: MACD_hist=-0.0035;[FAIL] Smart Pullback: price=5.6330 EMA=5.5090 RSI=65.6 BS=1.000;[PASS] ADX: ADX=48.76 [>22], DI+=32.52, DI-=9.70;[PASS] CCI Momentum: CCI=98.41;[PASS] SAR: SAR=5.6004, price=5.6330;[FAIL] Stochastic: K=84.82 D=84.82;[FAIL] EMA Rejection: No rejection;[FAIL] Resistance Test: No test;[PASS] Pullback: Detected;[PASS] Double Top/Bottom: Pattern=double_top;[PASS] Range Filter: EMA diff=0.0280 [>0.005];[PASS] Combined Range Filter: diff=0.0280, ADX=48.76, mode=OR"
SEI-USDT,LONG,S3,کرونوس (Cronus),0.04904000,0.04707840,0.00000000,2026-09-07 13:16:54,OPEN,,,,,,10.00,,"[FAIL] Candle Strength 15m: BS15=0.286 [>= 0.6];[FAIL] Candle Strength 5m: BS5=0.286 [>= 0.6];[PASS] EMA Trend 1h: EMA21=0.05, EMA50=0.05;[PASS] EMA Trend 4h: EMA21=0.05, EMA50=0.05, EMA200=0.04;[PASS] RSI 30m: RSI=53.06;[FAIL] MACD 30m: MACD_hist=0.0000;[FAIL] Smart Pullback: price=0.0490 EMA=0.0489 RSI=53.1 BS=0.286;[FAIL] ADX: ADX=21.14 [>22], DI+=22.24, DI-=17.67;[PASS] CCI Momentum: CCI=47.57;[PASS] SAR: SAR=0.0488, price=0.0490;[FAIL] Stochastic: K=65.71 D=65.71;[PASS] EMA Rejection: Rejected;[FAIL] Resistance Test: No test;[PASS] Pullback: Detected;[PASS] Double Top/Bottom: Pattern=double_top;[FAIL] Range Filter: EMA diff=0.0044 [>0.005];[PASS] Combined Range Filter: diff=0.0044, ADX=21.14, mode=AND"
SEI-USDT,LONG,B1,هایپریون (Hyperion),0.04904000,0.04707840,0.00000000,2026-09-07 13:17:03,OPEN,,,,,,10.00,,"[FAIL] Candle Strength 15m: BS15=0.286 [>= 0.6];[FAIL] Candle Strength 5m: BS5=0.286 [>= 0.6];[PASS] EMA Trend 1h: EMA21=0.05, EMA50=0.05;[PASS] EMA Trend 4h: EMA21=0.05, EMA50=0.05, EMA200=0.04;[PASS] RSI 30m: RSI=53.06;[FAIL] MACD 30m: MACD_hist=0.0000;[FAIL] Smart Pullback: price=0.0490 EMA=0.0489 RSI=53.1 BS=0.286;[FAIL] ADX: ADX=21.14 [>22], DI+=22.24, DI-=17.67;[PASS] CCI Momentum: CCI=47.57;[PASS] SAR: SAR=0.0488, price=0.0490;[FAIL] Stochastic: K=65.71 D=65.71;[PASS] EMA Rejection: Rejected;[FAIL] Resistance Test: No test;[PASS] Pullback: Detected;[PASS] Double Top/Bottom: Pattern=double_top;[FAIL] Range Filter: EMA diff=0.0044 [>0.005];[FAIL] Combined Range Filter: diff=0.0044, ADX=21.14, mode=OR"
TIA-USDT,LONG,S3,کرونوس (Cronus),0.43460000,0.41721600,0.00000000,2026-09-07 13:17:04,OPEN,,,,,,10.00,,"[FAIL] Candle Strength 15m: BS15=1.000 [too high - likely end of move];[FAIL] Candle Strength 5m: BS5=1.000 [too high];[PASS] EMA Trend 1h: EMA21=0.42, EMA50=0.40;[PASS] EMA Trend 4h: EMA21=0.39, EMA50=0.37, EMA200=0.35;[PASS] RSI 30m: RSI=55.59;[FAIL] MACD 30m: MACD_hist=-0.0012;[FAIL] Smart Pullback: price=0.4346 EMA=0.4304 RSI=55.6 BS=1.000;[PASS] ADX: ADX=24.42 [>22], DI+=23.83, DI-=17.48;[PASS] CCI Momentum: CCI=7.46;[PASS] SAR: SAR=0.4323, price=0.4346;[FAIL] Stochastic: K=68.48 D=68.48;[PASS] EMA Rejection: Rejected;[FAIL] Resistance Test: No test;[PASS] Pullback: Detected;[PASS] Double Top/Bottom: Pattern=double_bottom;[PASS] Range Filter: EMA diff=0.0266 [>0.005];[PASS] Combined Range Filter: diff=0.0266, ADX=24.42, mode=AND"
TIA-USDT,LONG,B1,هایپریون (Hyperion),0.43460000,0.41721600,0.00000000,2026-09-07 13:17:06,OPEN,,,,,,10.00,,"[FAIL] Candle Strength 15m: BS15=1.000 [too high - likely end of move];[FAIL] Candle Strength 5m: BS5=1.000 [too high];[PASS] EMA Trend 1h: EMA21=0.42, EMA50=0.40;[PASS] EMA Trend 4h: EMA21=0.39, EMA50=0.37, EMA200=0.35;[PASS] RSI 30m: RSI=55.59;[FAIL] MACD 30m: MACD_hist=-0.0012;[FAIL] Smart Pullback: price=0.4346 EMA=0.4304 RSI=55.6 BS=1.000;[PASS] ADX: ADX=24.42 [>22], DI+=23.83, DI-=17.48;[PASS] CCI Momentum: CCI=7.46;[PASS] SAR: SAR=0.4323, price=0.4346;[FAIL] Stochastic: K=68.48 D=68.48;[PASS] EMA Rejection: Rejected;[FAIL] Resistance Test: No test;[PASS] Pullback: Detected;[PASS] Double Top/Bottom: Pattern=double_bottom;[PASS] Range Filter: EMA diff=0.0266 [>0.005];[PASS] Combined Range Filter: diff=0.0266, ADX=24.42, mode=OR"
LTC-USDT,LONG,S3,کرونوس (Cronus),56.18000000,53.93280000,0.00000000,2026-09-07 13:48:44,OPEN,,,,,,10.00,,"[FAIL] Candle Strength 15m: BS15=0.467 [>= 0.6];[FAIL] Candle Strength 5m: BS5=0.467 [>= 0.6];[PASS] EMA Trend 1h: EMA21=54.69, EMA50=54.09;[PASS] EMA Trend 4h: EMA21=53.50, EMA50=51.92, EMA200=48.68;[FAIL] RSI 30m: RSI=65.85;[PASS] MACD 30m: MACD_hist=0.1657;[FAIL] Smart Pullback: price=56.1800 EMA=54.8741 RSI=65.9 BS=0.467;[PASS] ADX: ADX=23.98 [>22], DI+=33.21, DI-=9.80;[FAIL] CCI Momentum: CCI=209.88;[PASS] SAR: SAR=55.4990, price=56.1800;[FAIL] Stochastic: K=90.08 D=90.08;[PASS] EMA Rejection: Rejected;[PASS] Resistance Test: Tested;[PASS] Pullback: Detected;[PASS] Double Top/Bottom: Pattern=double_bottom;[FAIL] Range Filter: EMA diff=0.0050 [>0.005];[PASS] Combined Range Filter: diff=0.0050, ADX=23.98, mode=AND"
LTC-USDT,LONG,B1,هایپریون (Hyperion),56.18000000,53.93280000,0.00000000,2026-09-07 13:48:46,OPEN,,,,,,10.00,,"[FAIL] Candle Strength 15m: BS15=0.467 [>= 0.6];[FAIL] Candle Strength 5m: BS5=0.467 [>= 0.6];[PASS] EMA Trend 1h: EMA21=54.69, EMA50=54.09;[PASS] EMA Trend 4h: EMA21=53.50, EMA50=51.92, EMA200=48.68;[FAIL] RSI 30m: RSI=65.85;[PASS] MACD 30m: MACD_hist=0.1657;[FAIL] Smart Pullback: price=56.1800 EMA=54.8741 RSI=65.9 BS=0.467;[PASS] ADX: ADX=23.98 [>22], DI+=33.21, DI-=9.80;[FAIL] CCI Momentum: CCI=209.88;[PASS] SAR: SAR=55.4990, price=56.1800;[FAIL] Stochastic: K=90.08 D=90.08;[PASS] EMA Rejection: Rejected;[PASS] Resistance Test: Tested;[PASS] Pullback: Detected;[PASS] Double Top/Bottom: Pattern=double_bottom;[FAIL] Range Filter: EMA diff=0.0050 [>0.005];[PASS] Combined Range Filter: diff=0.0050, ADX=23.98, mode=OR"
DOT-USDT,LONG,B1,هایپریون (Hyperion),0.97750000,0.93840000,0.00000000,2026-09-07 13:48:49,OPEN,,,,,,10.00,,"[FAIL] Candle Strength 15m: BS15=0.071 [>= 0.6];[FAIL] Candle Strength 5m: BS5=0.071 [>= 0.6];[PASS] EMA Trend 1h: EMA21=0.97, EMA50=0.95;[PASS] EMA Trend 4h: EMA21=0.93, EMA50=0.90, EMA200=0.85;[PASS] RSI 30m: RSI=51.48;[FAIL] MACD 30m: MACD_hist=-0.0008;[FAIL] Smart Pullback: price=0.9775 EMA=0.9761 RSI=51.5 BS=0.071;[FAIL] ADX: ADX=20.80 [>22], DI+=30.35, DI-=20.43;[PASS] CCI Momentum: CCI=-12.22;[PASS] SAR: SAR=0.9755, price=0.9775;[FAIL] Stochastic: K=60.55 D=60.55;[PASS] EMA Rejection: Rejected;[FAIL] Resistance Test: No test;[PASS] Pullback: Detected;[FAIL] Double Top/Bottom: No pattern;[PASS] Range Filter: EMA diff=0.0082 [>0.005];[FAIL] Combined Range Filter: diff=0.0082, ADX=20.80, mode=OR"
INJ-USDT,LONG,S3,کرونوس (Cronus),5.65000000,5.42400000,0.00000000,2026-09-07 13:48:53,OPEN,,,,,,10.00,,"[PASS] Candle Strength 15m: BS15=0.722 [>= 0.6];[PASS] Candle Strength 5m: BS5=0.722 [>= 0.6];[PASS] EMA Trend 1h: EMA21=5.41, EMA50=5.22;[PASS] EMA Trend 4h: EMA21=5.15, EMA50=5.06, EMA200=4.90;[FAIL] RSI 30m: RSI=65.25;[FAIL] MACD 30m: MACD_hist=-0.0046;[FAIL] Smart Pullback: price=5.6500 EMA=5.5192 RSI=65.2 BS=0.722;[PASS] ADX: ADX=49.17 [>22], DI+=30.77, DI-=9.06;[FAIL] CCI Momentum: CCI=100.93;[PASS] SAR: SAR=5.6030, price=5.6500;[FAIL] Stochastic: K=91.44 D=91.44;[FAIL] EMA Rejection: No rejection;[FAIL] Resistance Test: No test;[PASS] Pullback: Detected;[FAIL] Double Top/Bottom: No pattern;[PASS] Range Filter: EMA diff=0.0278 [>0.005];[PASS] Combined Range Filter: diff=0.0278, ADX=49.17, mode=AND"
INJ-USDT,LONG,B1,هایپریون (Hyperion),5.65000000,5.42400000,0.00000000,2026-09-07 13:48:54,OPEN,,,,,,10.00,,"[PASS] Candle Strength 15m: BS15=0.722 [>= 0.6];[PASS] Candle Strength 5m: BS5=0.722 [>= 0.6];[PASS] EMA Trend 1h: EMA21=5.41, EMA50=5.22;[PASS] EMA Trend 4h: EMA21=5.15, EMA50=5.06, EMA200=4.90;[FAIL] RSI 30m: RSI=65.25;[FAIL] MACD 30m: MACD_hist=-0.0046;[FAIL] Smart Pullback: price=5.6500 EMA=5.5192 RSI=65.2 BS=0.722;[PASS] ADX: ADX=49.17 [>22], DI+=30.77, DI-=9.06;[FAIL] CCI Momentum: CCI=100.93;[PASS] SAR: SAR=5.6030, price=5.6500;[FAIL] Stochastic: K=91.44 D=91.44;[FAIL] EMA Rejection: No rejection;[FAIL] Resistance Test: No test;[PASS] Pullback: Detected;[FAIL] Double Top/Bottom: No pattern;[PASS] Range Filter: EMA diff=0.0278 [>0.005];[PASS] Combined Range Filter: diff=0.0278, ADX=49.17, mode=OR"
TIA-USDT,LONG,S3,کرونوس (Cronus),0.43280000,0.41548800,0.00000000,2026-09-07 13:48:56,OPEN,,,,,,10.00,,"[PASS] Candle Strength 15m: BS15=0.750 [>= 0.6];[PASS] Candle Strength 5m: BS5=0.750 [>= 0.6];[PASS] EMA Trend 1h: EMA21=0.42, EMA50=0.40;[PASS] EMA Trend 4h: EMA21=0.39, EMA50=0.37, EMA200=0.35;[PASS] RSI 30m: RSI=53.92;[FAIL] MACD 30m: MACD_hist=-0.0011;[FAIL] Smart Pullback: price=0.4328 EMA=0.4306 RSI=53.9 BS=0.750;[PASS] ADX: ADX=23.77 [>22], DI+=22.69, DI-=16.64;[PASS] CCI Momentum: CCI=17.60;[PASS] SAR: SAR=0.4309, price=0.4328;[FAIL] Stochastic: K=63.76 D=63.76;[FAIL] EMA Rejection: No rejection;[FAIL] Resistance Test: No test;[PASS] Pullback: Detected;[FAIL] Double Top/Bottom: No pattern;[PASS] Range Filter: EMA diff=0.0259 [>0.005];[PASS] Combined Range Filter: diff=0.0259, ADX=23.77, mode=AND"
TIA-USDT,LONG,B1,هایپریون (Hyperion),0.43280000,0.41548800,0.00000000,2026-09-07 13:48:58,OPEN,,,,,,10.00,,"[PASS] Candle Strength 15m: BS15=0.750 [>= 0.6];[PASS] Candle Strength 5m: BS5=0.750 [>= 0.6];[PASS] EMA Trend 1h: EMA21=0.42, EMA50=0.40;[PASS] EMA Trend 4h: EMA21=0.39, EMA50=0.37, EMA200=0.35;[PASS] RSI 30m: RSI=53.92;[FAIL] MACD 30m: MACD_hist=-0.0011;[FAIL] Smart Pullback: price=0.4328 EMA=0.4306 RSI=53.9 BS=0.750;[PASS] ADX: ADX=23.77 [>22], DI+=22.69, DI-=16.64;[PASS] CCI Momentum: CCI=17.60;[PASS] SAR: SAR=0.4309, price=0.4328;[FAIL] Stochastic: K=63.76 D=63.76;[FAIL] EMA Rejection: No rejection;[FAIL] Resistance Test: No test;[PASS] Pullback: Detected;[FAIL] Double Top/Bottom: No pattern;[PASS] Range Filter: EMA diff=0.0259 [>0.005];[PASS] Combined Range Filter: diff=0.0259, ADX=23.77, mode=OR"
LTC-USDT,LONG,S1,پرومتئوس (Prometheus),55.90000000,53.66400000,0.00000000,2026-09-07 14:14:25,OPEN,,,,,,10.00,,"[PASS] Candle Strength 15m: BS15=0.655 [>= 0.6];[FAIL] Candle Strength 5m: BS5=0.462 [>= 0.6];[PASS] EMA Trend 1h: EMA21=54.67, EMA50=54.07;[PASS] EMA Trend 4h: EMA21=53.47, EMA50=51.90, EMA200=48.68;[PASS] RSI 30m: RSI=62.41;[PASS] MACD 30m: MACD_hist=0.1658;[FAIL] Smart Pullback: price=55.9000 EMA=54.9599 RSI=62.4 BS=0.655;[PASS] ADX: ADX=26.16 [>22], DI+=31.91, DI-=9.42;[FAIL] CCI Momentum: CCI=187.95;[PASS] SAR: SAR=55.4970, price=55.9000;[FAIL] Stochastic: K=77.35 D=77.35;[PASS] EMA Rejection: Rejected;[PASS] Resistance Test: Tested;[PASS] Pullback: Detected;[PASS] Double Top/Bottom: Pattern=double_bottom;[PASS] Range Filter: EMA diff=0.0057 [>0.005];[PASS] Combined Range Filter: diff=0.0057, ADX=26.16, mode=AND"
SUI-USDT,LONG,S3,کرونوس (Cronus),0.81290000,0.78038400,0.00000000,2026-09-07 14:14:28,OPEN,,,,,,10.00,,"[FAIL] Candle Strength 15m: BS15=0.468 [>= 0.6];[FAIL] Candle Strength 5m: BS5=0.400 [>= 0.6];[PASS] EMA Trend 1h: EMA21=0.80, EMA50=0.80;[PASS] EMA Trend 4h: EMA21=0.79, EMA50=0.77, EMA200=0.74;[PASS] RSI 30m: RSI=56.13;[FAIL] MACD 30m: MACD_hist=0.0013;[FAIL] Smart Pullback: price=0.8129 EMA=0.8056 RSI=56.1 BS=0.468;[FAIL] ADX: ADX=16.79 [>22], DI+=22.92, DI-=17.07;[FAIL] CCI Momentum: CCI=119.03;[PASS] SAR: SAR=0.8057, price=0.8129;[FAIL] Stochastic: K=86.60 D=86.60;[FAIL] EMA Rejection: No rejection;[FAIL] Resistance Test: No test;[PASS] Pullback: Detected;[PASS] Double Top/Bottom: Pattern=double_top;[FAIL] Range Filter: EMA diff=0.0040 [>0.005];[PASS] Combined Range Filter: diff=0.0040, ADX=16.79, mode=AND"
DOT-USDT,LONG,B1,هایپریون (Hyperion),0.98080000,0.94156800,0.00000000,2026-09-07 14:14:29,OPEN,,,,,,10.00,,"[FAIL] Candle Strength 15m: BS15=0.229 [>= 0.6];[PASS] Candle Strength 5m: BS5=0.706 [>= 0.6];[PASS] EMA Trend 1h: EMA21=0.97, EMA50=0.95;[PASS] EMA Trend 4h: EMA21=0.93, EMA50=0.90, EMA200=0.85;[PASS] RSI 30m: RSI=53.40;[FAIL] MACD 30m: MACD_hist=-0.0003;[FAIL] Smart Pullback: price=0.9808 EMA=0.9767 RSI=53.4 BS=0.229;[FAIL] ADX: ADX=20.71 [>22], DI+=29.60, DI-=19.93;[PASS] CCI Momentum: CCI=11.82;[PASS] SAR: SAR=0.9772, price=0.9808;[FAIL] Stochastic: K=69.59 D=69.59;[PASS] EMA Rejection: Rejected;[FAIL] Resistance Test: No test;[PASS] Pullback: Detected;[FAIL] Double Top/Bottom: No pattern;[PASS] Range Filter: EMA diff=0.0082 [>0.005];[FAIL] Combined Range Filter: diff=0.0082, ADX=20.71, mode=OR"
LINK-USDT,LONG,B1,هایپریون (Hyperion),13.30430000,12.77212800,0.00000000,2026-09-07 14:14:32,OPEN,,,,,,10.00,,"[FAIL] Candle Strength 15m: BS15=0.560 [>= 0.6];[FAIL] Candle Strength 5m: BS5=0.589 [>= 0.6];[PASS] EMA Trend 1h: EMA21=12.99, EMA50=12.57;[PASS] EMA Trend 4h: EMA21=12.32, EMA50=11.89, EMA200=10.46;[PASS] RSI 30m: RSI=58.18;[FAIL] MACD 30m: MACD_hist=-0.0219;[FAIL] Smart Pullback: price=13.3043 EMA=13.2065 RSI=58.2 BS=0.560;[PASS] ADX: ADX=41.40 [>22], DI+=34.96, DI-=18.93;[PASS] CCI Momentum: CCI=38.88;[PASS] SAR: SAR=13.2720, price=13.3043;[FAIL] Stochastic: K=42.62 D=42.62;[FAIL] EMA Rejection: No rejection;[FAIL] Resistance Test: No test;[PASS] Pullback: Detected;[FAIL] Double Top/Bottom: No pattern;[PASS] Range Filter: EMA diff=0.0228 [>0.005];[PASS] Combined Range Filter: diff=0.0228, ADX=41.40, mode=OR"
INJ-USDT,LONG,S3,کرونوس (Cronus),5.67500000,5.44800000,0.00000000,2026-09-07 14:14:34,OPEN,,,,,,10.00,,"[FAIL] Candle Strength 15m: BS15=0.278 [>= 0.6];[FAIL] Candle Strength 5m: BS5=0.900 [too high];[PASS] EMA Trend 1h: EMA21=5.41, EMA50=5.22;[PASS] EMA Trend 4h: EMA21=5.15, EMA50=5.06, EMA200=4.90;[FAIL] RSI 30m: RSI=66.68;[FAIL] MACD 30m: MACD_hist=-0.0025;[FAIL] Smart Pullback: price=5.6750 EMA=5.5346 RSI=66.7 BS=0.278;[PASS] ADX: ADX=49.88 [>22], DI+=31.85, DI-=8.59;[FAIL] CCI Momentum: CCI=121.09;[PASS] SAR: SAR=5.6153, price=5.6750;[FAIL] Stochastic: K=99.13 D=99.13;[FAIL] EMA Rejection: No rejection;[FAIL] Resistance Test: No test;[PASS] Pullback: Detected;[FAIL] Double Top/Bottom: No pattern;[PASS] Range Filter: EMA diff=0.0282 [>0.005];[PASS] Combined Range Filter: diff=0.0282, ADX=49.88, mode=AND"
INJ-USDT,LONG,B1,هایپریون (Hyperion),5.67500000,5.44800000,0.00000000,2026-09-07 14:14:36,OPEN,,,,,,10.00,,"[FAIL] Candle Strength 15m: BS15=0.278 [>= 0.6];[FAIL] Candle Strength 5m: BS5=0.900 [too high];[PASS] EMA Trend 1h: EMA21=5.41, EMA50=5.22;[PASS] EMA Trend 4h: EMA21=5.15, EMA50=5.06, EMA200=4.90;[FAIL] RSI 30m: RSI=66.68;[FAIL] MACD 30m: MACD_hist=-0.0025;[FAIL] Smart Pullback: price=5.6750 EMA=5.5346 RSI=66.7 BS=0.278;[PASS] ADX: ADX=49.88 [>22], DI+=31.85, DI-=8.59;[FAIL] CCI Momentum: CCI=121.09;[PASS] SAR: SAR=5.6153, price=5.6750;[FAIL] Stochastic: K=99.13 D=99.13;[FAIL] EMA Rejection: No rejection;[FAIL] Resistance Test: No test;[PASS] Pullback: Detected;[FAIL] Double Top/Bottom: No pattern;[PASS] Range Filter: EMA diff=0.0282 [>0.005];[PASS] Combined Range Filter: diff=0.0282, ADX=49.88, mode=OR"
TIA-USDT,LONG,S3,کرونوس (Cronus),0.43420000,0.41683200,0.00000000,2026-09-07 14:14:37,OPEN,,,,,,10.00,,"[FAIL] Candle Strength 15m: BS15=0.881 [too high - likely end of move];[FAIL] Candle Strength 5m: BS5=0.400 [>= 0.6];[PASS] EMA Trend 1h: EMA21=0.42, EMA50=0.40;[PASS] EMA Trend 4h: EMA21=0.39, EMA50=0.37, EMA200=0.35;[PASS] RSI 30m: RSI=54.33;[FAIL] MACD 30m: MACD_hist=-0.0008;[FAIL] Smart Pullback: price=0.4342 EMA=0.4313 RSI=54.3 BS=0.881;[PASS] ADX: ADX=23.22 [>22], DI+=21.47, DI-=15.63;[PASS] CCI Momentum: CCI=81.83;[PASS] SAR: SAR=0.4328, price=0.4342;[FAIL] Stochastic: K=72.19 D=72.19;[FAIL] EMA Rejection: No rejection;[FAIL] Resistance Test: No test;[PASS] Pullback: Detected;[FAIL] Double Top/Bottom: No pattern;[PASS] Range Filter: EMA diff=0.0258 [>0.005];[PASS] Combined Range Filter: diff=0.0258, ADX=23.22, mode=AND"
TIA-USDT,LONG,B1,هایپریون (Hyperion),0.43420000,0.41683200,0.00000000,2026-09-07 14:14:39,OPEN,,,,,,10.00,,"[FAIL] Candle Strength 15m: BS15=0.881 [too high - likely end of move];[FAIL] Candle Strength 5m: BS5=0.400 [>= 0.6];[PASS] EMA Trend 1h: EMA21=0.42, EMA50=0.40;[PASS] EMA Trend 4h: EMA21=0.39, EMA50=0.37, EMA200=0.35;[PASS] RSI 30m: RSI=54.33;[FAIL] MACD 30m: MACD_hist=-0.0008;[FAIL] Smart Pullback: price=0.4342 EMA=0.4313 RSI=54.3 BS=0.881;[PASS] ADX: ADX=23.22 [>22], DI+=21.47, DI-=15.63;[PASS] CCI Momentum: CCI=81.83;[PASS] SAR: SAR=0.4328, price=0.4342;[FAIL] Stochastic: K=72.19 D=72.19;[FAIL] EMA Rejection: No rejection;[FAIL] Resistance Test: No test;[PASS] Pullback: Detected;[FAIL] Double Top/Bottom: No pattern;[PASS] Range Filter: EMA diff=0.0258 [>0.005];[PASS] Combined Range Filter: diff=0.0258, ADX=23.22, mode=OR"
XAUT-USDT,SHORT,B2,اطلس (Atlas),4391.97000000,4567.64880000,0.00000000,2026-09-07 14:47:45,OPEN,,,,,,10.00,,"[FAIL] Candle Strength 15m: BS15=1.000 [too high - likely end of move];[FAIL] Candle Strength 5m: BS5=1.000 [too high];[PASS] EMA Trend 1h: EMA21=4404.88, EMA50=4413.93;[FAIL] EMA Trend 4h: EMA21=4418.06, EMA50=4433.74, EMA200=4366.43;[PASS] RSI 30m: RSI=41.75;[PASS] MACD 30m: MACD_hist=-0.1105;[FAIL] Smart Pullback: price=4391.9700 EMA=4400.6892 RSI=41.7 BS=1.000;[PASS] ADX: ADX=23.98 [>22], DI+=21.71, DI-=32.86;[FAIL] CCI Momentum: CCI=-106.94;[FAIL] SAR: SAR=4387.0104, price=4391.9700;[FAIL] Stochastic: K=22.55 D=22.55;[PASS] EMA Rejection: Rejected;[PASS] Resistance Test: Tested;[PASS] Pullback: Detected;[PASS] Double Top/Bottom: Pattern=double_top;[FAIL] Range Filter: EMA diff=0.0017 [>0.005];[FAIL] Combined Range Filter: diff=0.0017, ADX=23.98, mode=OR"
LTC-USDT,LONG,S1,پرومتئوس (Prometheus),55.83000000,53.59680000,0.00000000,2026-09-07 14:47:47,OPEN,,,,,,10.00,,"[FAIL] Candle Strength 15m: BS15=0.421 [>= 0.6];[FAIL] Candle Strength 5m: BS5=0.421 [>= 0.6];[PASS] EMA Trend 1h: EMA21=54.78, EMA50=54.15;[PASS] EMA Trend 4h: EMA21=53.47, EMA50=51.90, EMA200=48.67;[PASS] RSI 30m: RSI=61.31;[PASS] MACD 30m: MACD_hist=0.1572;[FAIL] Smart Pullback: price=55.8300 EMA=55.0440 RSI=61.3 BS=0.421;[PASS] ADX: ADX=27.77 [>22], DI+=30.14, DI-=10.40;[FAIL] CCI Momentum: CCI=140.22;[FAIL] SAR: SAR=55.8378, price=55.8300;[FAIL] Stochastic: K=72.73 D=72.73;[FAIL] EMA Rejection: No rejection;[FAIL] Resistance Test: No test;[PASS] Pullback: Detected;[FAIL] Double Top/Bottom: No pattern;[PASS] Range Filter: EMA diff=0.0063 [>0.005];[PASS] Combined Range Filter: diff=0.0063, ADX=27.77, mode=AND"
SUI-USDT,LONG,B1,هایپریون (Hyperion),0.81390000,0.78134400,0.00000000,2026-09-07 14:47:49,OPEN,,,,,,10.00,,"[PASS] Candle Strength 15m: BS15=0.647 [>= 0.6];[PASS] Candle Strength 5m: BS5=0.647 [>= 0.6];[PASS] EMA Trend 1h: EMA21=0.80, EMA50=0.80;[PASS] EMA Trend 4h: EMA21=0.79, EMA50=0.77, EMA200=0.74;[PASS] RSI 30m: RSI=56.43;[FAIL] MACD 30m: MACD_hist=0.0012;[FAIL] Smart Pullback: price=0.8139 EMA=0.8061 RSI=56.4 BS=0.647;[FAIL] ADX: ADX=16.52 [>22], DI+=22.03, DI-=16.95;[FAIL] CCI Momentum: CCI=100.35;[PASS] SAR: SAR=0.8097, price=0.8139;[FAIL] Stochastic: K=89.87 D=89.87;[PASS] EMA Rejection: Rejected;[FAIL] Resistance Test: No test;[PASS] Pullback: Detected;[PASS] Double Top/Bottom: Pattern=double_top;[FAIL] Range Filter: EMA diff=0.0042 [>0.005];[FAIL] Combined Range Filter: diff=0.0042, ADX=16.52, mode=OR"
DOT-USDT,LONG,S3,کرونوس (Cronus),0.98540000,0.94598400,0.00000000,2026-09-07 14:47:51,OPEN,,,,,,10.00,,"[FAIL] Candle Strength 15m: BS15=0.292 [>= 0.6];[FAIL] Candle Strength 5m: BS5=0.292 [>= 0.6];[PASS] EMA Trend 1h: EMA21=0.97, EMA50=0.95;[PASS] EMA Trend 4h: EMA21=0.93, EMA50=0.90, EMA200=0.85;[PASS] RSI 30m: RSI=55.97;[FAIL] MACD 30m: MACD_hist=0.0004;[FAIL] Smart Pullback: price=0.9854 EMA=0.9778 RSI=56.0 BS=0.292;[PASS] ADX: ADX=22.11 [>22], DI+=33.15, DI-=17.73;[PASS] CCI Momentum: CCI=76.28;[PASS] SAR: SAR=0.9782, price=0.9854;[FAIL] Stochastic: K=77.52 D=77.52;[FAIL] EMA Rejection: No rejection;[FAIL] Resistance Test: No test;[PASS] Pullback: Detected;[FAIL] Double Top/Bottom: No pattern;[PASS] Range Filter: EMA diff=0.0085 [>0.005];[PASS] Combined Range Filter: diff=0.0085, ADX=22.11, mode=AND"
DOT-USDT,LONG,B1,هایپریون (Hyperion),0.98540000,0.94598400,0.00000000,2026-09-07 14:47:53,OPEN,,,,,,10.00,,"[FAIL] Candle Strength 15m: BS15=0.292 [>= 0.6];[FAIL] Candle Strength 5m: BS5=0.292 [>= 0.6];[PASS] EMA Trend 1h: EMA21=0.97, EMA50=0.95;[PASS] EMA Trend 4h: EMA21=0.93, EMA50=0.90, EMA200=0.85;[PASS] RSI 30m: RSI=55.97;[FAIL] MACD 30m: MACD_hist=0.0004;[FAIL] Smart Pullback: price=0.9854 EMA=0.9778 RSI=56.0 BS=0.292;[PASS] ADX: ADX=22.11 [>22], DI+=33.15, DI-=17.73;[PASS] CCI Momentum: CCI=76.28;[PASS] SAR: SAR=0.9782, price=0.9854;[FAIL] Stochastic: K=77.52 D=77.52;[FAIL] EMA Rejection: No rejection;[FAIL] Resistance Test: No test;[PASS] Pullback: Detected;[FAIL] Double Top/Bottom: No pattern;[PASS] Range Filter: EMA diff=0.0085 [>0.005];[PASS] Combined Range Filter: diff=0.0085, ADX=22.11, mode=OR"
OP-USDT,LONG,S3,کرونوس (Cronus),0.10980000,0.10540800,0.00000000,2026-09-07 14:47:57,OPEN,,,,,,10.00,,"[FAIL] Candle Strength 15m: BS15=0.000 [>= 0.6];[FAIL] Candle Strength 5m: BS5=0.000 [>= 0.6];[PASS] EMA Trend 1h: EMA21=0.11, EMA50=0.11;[PASS] EMA Trend 4h: EMA21=0.11, EMA50=0.10, EMA200=0.09;[PASS] RSI 30m: RSI=52.51;[FAIL] MACD 30m: MACD_hist=0.0001;[FAIL] Smart Pullback: price=0.1098 EMA=0.1094 RSI=52.5 BS=0.000;[FAIL] ADX: ADX=17.59 [>22], DI+=28.03, DI-=14.97;[PASS] CCI Momentum: CCI=82.27;[PASS] SAR: SAR=0.1093, price=0.1098;[FAIL] Stochastic: K=69.44 D=69.44;[PASS] EMA Rejection: Rejected;[PASS] Resistance Test: Tested;[PASS] Pullback: Detected;[FAIL] Double Top/Bottom: No pattern;[FAIL] Range Filter: EMA diff=0.0031 [>0.005];[PASS] Combined Range Filter: diff=0.0031, ADX=17.59, mode=AND"
OP-USDT,LONG,B1,هایپریون (Hyperion),0.10980000,0.10540800,0.00000000,2026-09-07 14:47:59,OPEN,,,,,,10.00,,"[FAIL] Candle Strength 15m: BS15=0.000 [>= 0.6];[FAIL] Candle Strength 5m: BS5=0.000 [>= 0.6];[PASS] EMA Trend 1h: EMA21=0.11, EMA50=0.11;[PASS] EMA Trend 4h: EMA21=0.11, EMA50=0.10, EMA200=0.09;[PASS] RSI 30m: RSI=52.51;[FAIL] MACD 30m: MACD_hist=0.0001;[FAIL] Smart Pullback: price=0.1098 EMA=0.1094 RSI=52.5 BS=0.000;[FAIL] ADX: ADX=17.59 [>22], DI+=28.03, DI-=14.97;[PASS] CCI Momentum: CCI=82.27;[PASS] SAR: SAR=0.1093, price=0.1098;[FAIL] Stochastic: K=69.44 D=69.44;[PASS] EMA Rejection: Rejected;[PASS] Resistance Test: Tested;[PASS] Pullback: Detected;[FAIL] Double Top/Bottom: No pattern;[FAIL] Range Filter: EMA diff=0.0031 [>0.005];[FAIL] Combined Range Filter: diff=0.0031, ADX=17.59, mode=OR"
BTC-USDT,SHORT,B2,اطلس (Atlas),79414.20000000,82590.76800000,0.00000000,2026-09-07 15:14:32,OPEN,,,,,,10.00,,"[PASS] Candle Strength 15m: BS15=0.574 [>= 0.48];[PASS] Candle Strength 5m: BS5=0.735 [>= 0.48];[PASS] EMA Trend 1h: EMA21=79669.88, EMA50=79737.29;[FAIL] EMA Trend 4h: EMA21=79644.60, EMA50=79057.81, EMA200=72909.40;[PASS] RSI 30m: RSI=41.03;[PASS] MACD 30m: MACD_hist=-13.4535;[FAIL] Smart Pullback: price=79414.2000 EMA=79571.6110 RSI=41.0 BS=0.574;[PASS] ADX: ADX=22.69 [>22], DI+=16.62, DI-=31.85;[PASS] CCI Momentum: CCI=-60.99;[FAIL] SAR: SAR=79289.8160, price=79414.2000;[FAIL] Stochastic: K=45.19 D=45.19;[FAIL] EMA Rejection: No rejection;[FAIL] Resistance Test: No test;[PASS] Pullback: Detected;[PASS] Double Top/Bottom: Pattern=double_top;[FAIL] Range Filter: EMA diff=0.0017 [>0.005];[FAIL] Combined Range Filter: diff=0.0017, ADX=22.69, mode=OR"
SUI-USDT,LONG,S3,کرونوس (Cronus),0.81220000,0.77971200,0.00000000,2026-09-07 15:14:36,OPEN,,,,,,10.00,,"[FAIL] Candle Strength 15m: BS15=0.278 [>= 0.6];[FAIL] Candle Strength 5m: BS5=0.455 [>= 0.6];[PASS] EMA Trend 1h: EMA21=0.80, EMA50=0.80;[PASS] EMA Trend 4h: EMA21=0.79, EMA50=0.77, EMA200=0.74;[PASS] RSI 30m: RSI=55.15;[FAIL] MACD 30m: MACD_hist=0.0010;[FAIL] Smart Pullback: price=0.8122 EMA=0.8066 RSI=55.2 BS=0.278;[FAIL] ADX: ADX=16.27 [>22], DI+=21.02, DI-=16.18;[PASS] CCI Momentum: CCI=92.59;[PASS] SAR: SAR=0.8090, price=0.8122;[FAIL] Stochastic: K=84.31 D=84.31;[PASS] EMA Rejection: Rejected;[FAIL] Resistance Test: No test;[PASS] Pullback: Detected;[PASS] Double Top/Bottom: Pattern=double_top;[FAIL] Range Filter: EMA diff=0.0044 [>0.005];[PASS] Combined Range Filter: diff=0.0044, ADX=16.27, mode=AND"
DOT-USDT,LONG,S3,کرونوس (Cronus),0.98800000,0.94848000,0.00000000,2026-09-07 15:14:38,OPEN,,,,,,10.00,,"[FAIL] Candle Strength 15m: BS15=0.547 [>= 0.6];[FAIL] Candle Strength 5m: BS5=0.000 [>= 0.6];[PASS] EMA Trend 1h: EMA21=0.97, EMA50=0.95;[PASS] EMA Trend 4h: EMA21=0.93, EMA50=0.90, EMA200=0.85;[PASS] RSI 30m: RSI=56.75;[FAIL] MACD 30m: MACD_hist=0.0010;[FAIL] Smart Pullback: price=0.9880 EMA=0.9792 RSI=56.7 BS=0.547;[PASS] ADX: ADX=22.79 [>22], DI+=31.92, DI-=16.60;[FAIL] CCI Momentum: CCI=124.90;[PASS] SAR: SAR=0.9823, price=0.9880;[FAIL] Stochastic: K=84.24 D=84.24;[PASS] EMA Rejection: Rejected;[FAIL] Resistance Test: No test;[PASS] Pullback: Detected;[FAIL] Double Top/Bottom: No pattern;[PASS] Range Filter: EMA diff=0.0089 [>0.005];[PASS] Combined Range Filter: diff=0.0089, ADX=22.79, mode=AND"
DOT-USDT,LONG,B1,هایپریون (Hyperion),0.98800000,0.94848000,0.00000000,2026-09-07 15:14:39,OPEN,,,,,,10.00,,"[FAIL] Candle Strength 15m: BS15=0.547 [>= 0.6];[FAIL] Candle Strength 5m: BS5=0.000 [>= 0.6];[PASS] EMA Trend 1h: EMA21=0.97, EMA50=0.95;[PASS] EMA Trend 4h: EMA21=0.93, EMA50=0.90, EMA200=0.85;[PASS] RSI 30m: RSI=56.75;[FAIL] MACD 30m: MACD_hist=0.0010;[FAIL] Smart Pullback: price=0.9880 EMA=0.9792 RSI=56.7 BS=0.547;[PASS] ADX: ADX=22.79 [>22], DI+=31.92, DI-=16.60;[FAIL] CCI Momentum: CCI=124.90;[PASS] SAR: SAR=0.9823, price=0.9880;[FAIL] Stochastic: K=84.24 D=84.24;[PASS] EMA Rejection: Rejected;[FAIL] Resistance Test: No test;[PASS] Pullback: Detected;[FAIL] Double Top/Bottom: No pattern;[PASS] Range Filter: EMA diff=0.0089 [>0.005];[PASS] Combined Range Filter: diff=0.0089, ADX=22.79, mode=OR"
INJ-USDT,LONG,S1,پرومتئوس (Prometheus),5.65300000,5.42688000,0.00000000,2026-09-07 15:14:43,OPEN,,,,,,10.00,,"[PASS] Candle Strength 15m: BS15=0.654 [>= 0.6];[FAIL] Candle Strength 5m: BS5=1.000 [too high];[PASS] EMA Trend 1h: EMA21=5.43, EMA50=5.24;[PASS] EMA Trend 4h: EMA21=5.15, EMA50=5.06, EMA200=4.90;[PASS] RSI 30m: RSI=63.74;[FAIL] MACD 30m: MACD_hist=-0.0049;[FAIL] Smart Pullback: price=5.6530 EMA=5.5561 RSI=63.7 BS=0.654;[PASS] ADX: ADX=51.40 [>22], DI+=30.61, DI-=7.62;[PASS] CCI Momentum: CCI=91.29;[PASS] SAR: SAR=5.6381, price=5.6530;[FAIL] Stochastic: K=75.00 D=75.00;[FAIL] EMA Rejection: No rejection;[FAIL] Resistance Test: No test;[PASS] Pullback: Detected;[PASS] Double Top/Bottom: Pattern=double_bottom;[PASS] Range Filter: EMA diff=0.0282 [>0.005];[PASS] Combined Range Filter: diff=0.0282, ADX=51.40, mode=AND"
INJ-USDT,LONG,S3,کرونوس (Cronus),5.65300000,5.42688000,0.00000000,2026-09-07 15:14:45,OPEN,,,,,,10.00,,"[PASS] Candle Strength 15m: BS15=0.654 [>= 0.6];[FAIL] Candle Strength 5m: BS5=1.000 [too high];[PASS] EMA Trend 1h: EMA21=5.43, EMA50=5.24;[PASS] EMA Trend 4h: EMA21=5.15, EMA50=5.06, EMA200=4.90;[PASS] RSI 30m: RSI=63.74;[FAIL] MACD 30m: MACD_hist=-0.0049;[FAIL] Smart Pullback: price=5.6530 EMA=5.5561 RSI=63.7 BS=0.654;[PASS] ADX: ADX=51.40 [>22], DI+=30.61, DI-=7.62;[PASS] CCI Momentum: CCI=91.29;[PASS] SAR: SAR=5.6381, price=5.6530;[FAIL] Stochastic: K=75.00 D=75.00;[FAIL] EMA Rejection: No rejection;[FAIL] Resistance Test: No test;[PASS] Pullback: Detected;[PASS] Double Top/Bottom: Pattern=double_bottom;[PASS] Range Filter: EMA diff=0.0282 [>0.005];[PASS] Combined Range Filter: diff=0.0282, ADX=51.40, mode=AND"
INJ-USDT,LONG,B1,هایپریون (Hyperion),5.65300000,5.42688000,0.00000000,2026-09-07 15:14:46,OPEN,,,,,,10.00,,"[PASS] Candle Strength 15m: BS15=0.654 [>= 0.6];[FAIL] Candle Strength 5m: BS5=1.000 [too high];[PASS] EMA Trend 1h: EMA21=5.43, EMA50=5.24;[PASS] EMA Trend 4h: EMA21=5.15, EMA50=5.06, EMA200=4.90;[PASS] RSI 30m: RSI=63.74;[FAIL] MACD 30m: MACD_hist=-0.0049;[FAIL] Smart Pullback: price=5.6530 EMA=5.5561 RSI=63.7 BS=0.654;[PASS] ADX: ADX=51.40 [>22], DI+=30.61, DI-=7.62;[PASS] CCI Momentum: CCI=91.29;[PASS] SAR: SAR=5.6381, price=5.6530;[FAIL] Stochastic: K=75.00 D=75.00;[FAIL] EMA Rejection: No rejection;[FAIL] Resistance Test: No test;[PASS] Pullback: Detected;[PASS] Double Top/Bottom: Pattern=double_bottom;[PASS] Range Filter: EMA diff=0.0282 [>0.005];[PASS] Combined Range Filter: diff=0.0282, ADX=51.40, mode=OR"
LTC-USDT,LONG,S3,کرونوس (Cronus),56.66000000,54.39360000,0.00000000,2026-09-07 15:53:54,OPEN,,,,,,10.00,,"[FAIL] Candle Strength 15m: BS15=0.962 [too high - likely end of move];[FAIL] Candle Strength 5m: BS5=0.964 [too high];[PASS] EMA Trend 1h: EMA21=54.95, EMA50=54.24;[PASS] EMA Trend 4h: EMA21=53.76, EMA50=52.09, EMA200=48.74;[FAIL] RSI 30m: RSI=68.49;[PASS] MACD 30m: MACD_hist=0.1738;[FAIL] Smart Pullback: price=56.6600 EMA=55.2627 RSI=68.5 BS=0.962;[PASS] ADX: ADX=30.45 [>22], DI+=34.51, DI-=10.59;[FAIL] CCI Momentum: CCI=144.40;[PASS] SAR: SAR=55.6018, price=56.6600;[FAIL] Stochastic: K=99.59 D=99.59;[FAIL] EMA Rejection: No rejection;[FAIL] Resistance Test: No test;[PASS] Pullback: Detected;[PASS] Double Top/Bottom: Pattern=double_top;[PASS] Range Filter: EMA diff=0.0079 [>0.005];[PASS] Combined Range Filter: diff=0.0079, ADX=30.45, mode=AND"
LTC-USDT,LONG,B1,هایپریون (Hyperion),56.66000000,54.39360000,0.00000000,2026-09-07 15:53:56,OPEN,,,,,,10.00,,"[FAIL] Candle Strength 15m: BS15=0.962 [too high - likely end of move];[FAIL] Candle Strength 5m: BS5=0.964 [too high];[PASS] EMA Trend 1h: EMA21=54.95, EMA50=54.24;[PASS] EMA Trend 4h: EMA21=53.76, EMA50=52.09, EMA200=48.74;[FAIL] RSI 30m: RSI=68.49;[PASS] MACD 30m: MACD_hist=0.1738;[FAIL] Smart Pullback: price=56.6600 EMA=55.2627 RSI=68.5 BS=0.962;[PASS] ADX: ADX=30.45 [>22], DI+=34.51, DI-=10.59;[FAIL] CCI Momentum: CCI=144.40;[PASS] SAR: SAR=55.6018, price=56.6600;[FAIL] Stochastic: K=99.59 D=99.59;[FAIL] EMA Rejection: No rejection;[FAIL] Resistance Test: No test;[PASS] Pullback: Detected;[PASS] Double Top/Bottom: Pattern=double_top;[PASS] Range Filter: EMA diff=0.0079 [>0.005];[PASS] Combined Range Filter: diff=0.0079, ADX=30.45, mode=OR"
DOGE-USDT,LONG,S3,کرونوس (Cronus),0.09030000,0.08668800,0.00000000,2026-09-07 15:53:58,OPEN,,,,,,10.00,,"[PASS] Candle Strength 15m: BS15=0.681 [>= 0.6];[FAIL] Candle Strength 5m: BS5=0.103 [>= 0.6];[PASS] EMA Trend 1h: EMA21=0.09, EMA50=0.09;[PASS] EMA Trend 4h: EMA21=0.09, EMA50=0.09, EMA200=0.08;[PASS] RSI 30m: RSI=56.92;[FAIL] MACD 30m: MACD_hist=0.0000;[FAIL] Smart Pullback: price=0.0903 EMA=0.0898 RSI=56.9 BS=0.681;[FAIL] ADX: ADX=12.78 [>22], DI+=26.26, DI-=20.88;[FAIL] CCI Momentum: CCI=100.56;[PASS] SAR: SAR=0.0896, price=0.0903;[FAIL] Stochastic: K=86.57 D=86.57;[PASS] EMA Rejection: Rejected;[PASS] Resistance Test: Tested;[PASS] Pullback: Detected;[PASS] Double Top/Bottom: Pattern=double_top;[FAIL] Range Filter: EMA diff=0.0002 [>0.005];[FAIL] Combined Range Filter: diff=0.0002, ADX=12.78, mode=AND"
DOGE-USDT,LONG,B1,هایپریون (Hyperion),0.09030000,0.08668800,0.00000000,2026-09-07 15:53:59,OPEN,,,,,,10.00,,"[PASS] Candle Strength 15m: BS15=0.681 [>= 0.6];[FAIL] Candle Strength 5m: BS5=0.103 [>= 0.6];[PASS] EMA Trend 1h: EMA21=0.09, EMA50=0.09;[PASS] EMA Trend 4h: EMA21=0.09, EMA50=0.09, EMA200=0.08;[PASS] RSI 30m: RSI=56.92;[FAIL] MACD 30m: MACD_hist=0.0000;[FAIL] Smart Pullback: price=0.0903 EMA=0.0898 RSI=56.9 BS=0.681;[FAIL] ADX: ADX=12.78 [>22], DI+=26.26, DI-=20.88;[FAIL] CCI Momentum: CCI=100.56;[PASS] SAR: SAR=0.0896, price=0.0903;[FAIL] Stochastic: K=86.57 D=86.57;[PASS] EMA Rejection: Rejected;[PASS] Resistance Test: Tested;[PASS] Pullback: Detected;[PASS] Double Top/Bottom: Pattern=double_top;[FAIL] Range Filter: EMA diff=0.0002 [>0.005];[FAIL] Combined Range Filter: diff=0.0002, ADX=12.78, mode=OR"
SUI-USDT,LONG,S3,کرونوس (Cronus),0.82000000,0.78720000,0.00000000,2026-09-07 15:54:02,OPEN,,,,,,10.00,,"[PASS] Candle Strength 15m: BS15=0.613 [>= 0.6];[FAIL] Candle Strength 5m: BS5=0.062 [>= 0.6];[PASS] EMA Trend 1h: EMA21=0.80, EMA50=0.80;[PASS] EMA Trend 4h: EMA21=0.79, EMA50=0.77, EMA200=0.74;[PASS] RSI 30m: RSI=59.59;[FAIL] MACD 30m: MACD_hist=0.0013;[FAIL] Smart Pullback: price=0.8200 EMA=0.8077 RSI=59.6 BS=0.613;[FAIL] ADX: ADX=16.31 [>22], DI+=24.30, DI-=15.67;[FAIL] CCI Momentum: CCI=133.21;[PASS] SAR: SAR=0.8071, price=0.8200;[FAIL] Stochastic: K=92.82 D=92.82;[FAIL] EMA Rejection: No rejection;[FAIL] Resistance Test: No test;[PASS] Pullback: Detected;[FAIL] Double Top/Bottom: No pattern;[FAIL] Range Filter: EMA diff=0.0049 [>0.005];[PASS] Combined Range Filter: diff=0.0049, ADX=16.31, mode=AND"
AVAX-USDT,LONG,S3,کرونوس (Cronus),7.88000000,7.56480000,0.00000000,2026-09-07 15:54:21,OPEN,,,,,,10.00,,"[FAIL] Candle Strength 15m: BS15=0.030 [>= 0.6];[FAIL] Candle Strength 5m: BS5=0.576 [>= 0.6];[PASS] EMA Trend 1h: EMA21=7.81, EMA50=7.71;[PASS] EMA Trend 4h: EMA21=7.64, EMA50=7.50, EMA200=7.05;[PASS] RSI 30m: RSI=55.25;[FAIL] MACD 30m: MACD_hist=-0.0045;[FAIL] Smart Pullback: price=7.8800 EMA=7.8517 RSI=55.2 BS=0.030;[PASS] ADX: ADX=26.74 [>22], DI+=34.41, DI-=22.52;[PASS] CCI Momentum: CCI=43.68;[PASS] SAR: SAR=7.8325, price=7.8800;[FAIL] Stochastic: K=60.74 D=60.74;[FAIL] EMA Rejection: No rejection;[FAIL] Resistance Test: No test;[PASS] Pullback: Detected;[FAIL] Double Top/Bottom: No pattern;[PASS] Range Filter: EMA diff=0.0075 [>0.005];[PASS] Combined Range Filter: diff=0.0075, ADX=26.74, mode=AND"
ATOM-USDT,LONG,B1,هایپریون (Hyperion),1.62970000,1.56451200,0.00000000,2026-09-07 15:54:30,OPEN,,,,,,10.00,,"[FAIL] Candle Strength 15m: BS15=0.297 [>= 0.6];[FAIL] Candle Strength 5m: BS5=1.000 [too high];[PASS] EMA Trend 1h: EMA21=1.60, EMA50=1.58;[PASS] EMA Trend 4h: EMA21=1.57, EMA50=1.54, EMA200=1.46;[PASS] RSI 30m: RSI=62.06;[FAIL] MACD 30m: MACD_hist=0.0007;[FAIL] Smart Pullback: price=1.6297 EMA=1.6118 RSI=62.1 BS=0.297;[PASS] ADX: ADX=28.66 [>22], DI+=29.05, DI-=13.23;[PASS] CCI Momentum: CCI=82.56;[PASS] SAR: SAR=1.6182, price=1.6297;[FAIL] Stochastic: K=77.09 D=77.09;[FAIL] EMA Rejection: No rejection;[FAIL] Resistance Test: No test;[PASS] Pullback: Detected;[FAIL] Double Top/Bottom: No pattern;[PASS] Range Filter: EMA diff=0.0082 [>0.005];[PASS] Combined Range Filter: diff=0.0082, ADX=28.66, mode=OR"
FIL-USDT,LONG,S3,کرونوس (Cronus),0.83100000,0.79776000,0.00000000,2026-09-07 15:54:32,OPEN,,,,,,10.00,,"[PASS] Candle Strength 15m: BS15=0.763 [>= 0.6];[FAIL] Candle Strength 5m: BS5=0.154 [>= 0.6];[PASS] EMA Trend 1h: EMA21=0.81, EMA50=0.80;[PASS] EMA Trend 4h: EMA21=0.80, EMA50=0.77, EMA200=0.73;[FAIL] RSI 30m: RSI=67.96;[FAIL] MACD 30m: MACD_hist=0.0007;[FAIL] Smart Pullback: price=0.8310 EMA=0.8164 RSI=68.0 BS=0.763;[PASS] ADX: ADX=28.89 [>22], DI+=31.88, DI-=11.93;[FAIL] CCI Momentum: CCI=115.07;[PASS] SAR: SAR=0.8196, price=0.8310;[FAIL] Stochastic: K=95.07 D=95.07;[FAIL] EMA Rejection: No rejection;[FAIL] Resistance Test: No test;[PASS] Pullback: Detected;[PASS] Double Top/Bottom: Pattern=double_bottom;[PASS] Range Filter: EMA diff=0.0093 [>0.005];[PASS] Combined Range Filter: diff=0.0093, ADX=28.89, mode=AND"
FIL-USDT,LONG,B1,هایپریون (Hyperion),0.83100000,0.79776000,0.00000000,2026-09-07 15:54:34,OPEN,,,,,,10.00,,"[PASS] Candle Strength 15m: BS15=0.763 [>= 0.6];[FAIL] Candle Strength 5m: BS5=0.154 [>= 0.6];[PASS] EMA Trend 1h: EMA21=0.81, EMA50=0.80;[PASS] EMA Trend 4h: EMA21=0.80, EMA50=0.77, EMA200=0.73;[FAIL] RSI 30m: RSI=67.96;[FAIL] MACD 30m: MACD_hist=0.0007;[FAIL] Smart Pullback: price=0.8310 EMA=0.8164 RSI=68.0 BS=0.763;[PASS] ADX: ADX=28.89 [>22], DI+=31.88, DI-=11.93;[FAIL] CCI Momentum: CCI=115.07;[PASS] SAR: SAR=0.8196, price=0.8310;[FAIL] Stochastic: K=95.07 D=95.07;[FAIL] EMA Rejection: No rejection;[FAIL] Resistance Test: No test;[PASS] Pullback: Detected;[PASS] Double Top/Bottom: Pattern=double_bottom;[PASS] Range Filter: EMA diff=0.0093 [>0.005];[PASS] Combined Range Filter: diff=0.0093, ADX=28.89, mode=OR"
INJ-USDT,LONG,S3,کرونوس (Cronus),5.74400000,5.51424000,0.00000000,2026-09-07 15:54:36,OPEN,,,,,,10.00,,"[FAIL] Candle Strength 15m: BS15=0.871 [too high - likely end of move];[PASS] Candle Strength 5m: BS5=0.650 [>= 0.6];[PASS] EMA Trend 1h: EMA21=5.46, EMA50=5.26;[PASS] EMA Trend 4h: EMA21=5.20, EMA50=5.09, EMA200=4.91;[FAIL] RSI 30m: RSI=68.67;[FAIL] MACD 30m: MACD_hist=-0.0014;[FAIL] Smart Pullback: price=5.7440 EMA=5.5721 RSI=68.7 BS=0.871;[PASS] ADX: ADX=52.01 [>22], DI+=34.66, DI-=7.62;[FAIL] CCI Momentum: CCI=151.97;[PASS] SAR: SAR=5.6304, price=5.7440;[FAIL] Stochastic: K=98.35 D=98.35;[FAIL] EMA Rejection: No rejection;[FAIL] Resistance Test: No test;[PASS] Pullback: Detected;[FAIL] Double Top/Bottom: No pattern;[PASS] Range Filter: EMA diff=0.0283 [>0.005];[PASS] Combined Range Filter: diff=0.0283, ADX=52.01, mode=AND"
INJ-USDT,LONG,B1,هایپریون (Hyperion),5.74400000,5.51424000,0.00000000,2026-09-07 15:54:38,OPEN,,,,,,10.00,,"[FAIL] Candle Strength 15m: BS15=0.871 [too high - likely end of move];[PASS] Candle Strength 5m: BS5=0.650 [>= 0.6];[PASS] EMA Trend 1h: EMA21=5.46, EMA50=5.26;[PASS] EMA Trend 4h: EMA21=5.20, EMA50=5.09, EMA200=4.91;[FAIL] RSI 30m: RSI=68.67;[FAIL] MACD 30m: MACD_hist=-0.0014;[FAIL] Smart Pullback: price=5.7440 EMA=5.5721 RSI=68.7 BS=0.871;[PASS] ADX: ADX=52.01 [>22], DI+=34.66, DI-=7.62;[FAIL] CCI Momentum: CCI=151.97;[PASS] SAR: SAR=5.6304, price=5.7440;[FAIL] Stochastic: K=98.35 D=98.35;[FAIL] EMA Rejection: No rejection;[FAIL] Resistance Test: No test;[PASS] Pullback: Detected;[FAIL] Double Top/Bottom: No pattern;[PASS] Range Filter: EMA diff=0.0283 [>0.005];[PASS] Combined Range Filter: diff=0.0283, ADX=52.01, mode=OR"
SEI-USDT,LONG,S3,کرونوس (Cronus),0.04921000,0.04724160,0.00000000,2026-09-07 15:54:39,OPEN,,,,,,10.00,,"[PASS] Candle Strength 15m: BS15=0.708 [>= 0.6];[PASS] Candle Strength 5m: BS5=0.636 [>= 0.6];[PASS] EMA Trend 1h: EMA21=0.05, EMA50=0.05;[PASS] EMA Trend 4h: EMA21=0.05, EMA50=0.05, EMA200=0.04;[PASS] RSI 30m: RSI=55.22;[FAIL] MACD 30m: MACD_hist=-0.0000;[FAIL] Smart Pullback: price=0.0492 EMA=0.0489 RSI=55.2 BS=0.708;[FAIL] ADX: ADX=17.40 [>22], DI+=23.34, DI-=18.27;[PASS] CCI Momentum: CCI=54.87;[PASS] SAR: SAR=0.0486, price=0.0492;[FAIL] Stochastic: K=81.90 D=81.90;[PASS] EMA Rejection: Rejected;[PASS] Resistance Test: Tested;[PASS] Pullback: Detected;[PASS] Double Top/Bottom: Pattern=double_top;[FAIL] Range Filter: EMA diff=0.0035 [>0.005];[PASS] Combined Range Filter: diff=0.0035, ADX=17.40, mode=AND"
SEI-USDT,LONG,B1,هایپریون (Hyperion),0.04921000,0.04724160,0.00000000,2026-09-07 15:54:41,OPEN,,,,,,10.00,,"[PASS] Candle Strength 15m: BS15=0.708 [>= 0.6];[PASS] Candle Strength 5m: BS5=0.636 [>= 0.6];[PASS] EMA Trend 1h: EMA21=0.05, EMA50=0.05;[PASS] EMA Trend 4h: EMA21=0.05, EMA50=0.05, EMA200=0.04;[PASS] RSI 30m: RSI=55.22;[FAIL] MACD 30m: MACD_hist=-0.0000;[FAIL] Smart Pullback: price=0.0492 EMA=0.0489 RSI=55.2 BS=0.708;[FAIL] ADX: ADX=17.40 [>22], DI+=23.34, DI-=18.27;[PASS] CCI Momentum: CCI=54.87;[PASS] SAR: SAR=0.0486, price=0.0492;[FAIL] Stochastic: K=81.90 D=81.90;[PASS] EMA Rejection: Rejected;[PASS] Resistance Test: Tested;[PASS] Pullback: Detected;[PASS] Double Top/Bottom: Pattern=double_top;[FAIL] Range Filter: EMA diff=0.0035 [>0.005];[FAIL] Combined Range Filter: diff=0.0035, ADX=17.40, mode=OR"
OP-USDT,LONG,S3,کرونوس (Cronus),0.11110000,0.10665600,0.00000000,2026-09-07 15:54:43,OPEN,,,,,,10.00,,"[PASS] Candle Strength 15m: BS15=0.800 [>= 0.6];[FAIL] Candle Strength 5m: BS5=0.000 [>= 0.6];[PASS] EMA Trend 1h: EMA21=0.11, EMA50=0.11;[PASS] EMA Trend 4h: EMA21=0.11, EMA50=0.10, EMA200=0.09;[PASS] RSI 30m: RSI=58.95;[FAIL] MACD 30m: MACD_hist=0.0002;[FAIL] Smart Pullback: price=0.1111 EMA=0.1095 RSI=58.9 BS=0.800;[FAIL] ADX: ADX=19.25 [>22], DI+=31.67, DI-=15.03;[FAIL] CCI Momentum: CCI=191.97;[PASS] SAR: SAR=0.1090, price=0.1111;[FAIL] Stochastic: K=100.00 D=100.00;[PASS] EMA Rejection: Rejected;[PASS] Resistance Test: Tested;[PASS] Pullback: Detected;[PASS] Double Top/Bottom: Pattern=double_top;[FAIL] Range Filter: EMA diff=0.0036 [>0.005];[PASS] Combined Range Filter: diff=0.0036, ADX=19.25, mode=AND"
OP-USDT,LONG,B1,هایپریون (Hyperion),0.11110000,0.10665600,0.00000000,2026-09-07 15:54:45,OPEN,,,,,,10.00,,"[PASS] Candle Strength 15m: BS15=0.800 [>= 0.6];[FAIL] Candle Strength 5m: BS5=0.000 [>= 0.6];[PASS] EMA Trend 1h: EMA21=0.11, EMA50=0.11;[PASS] EMA Trend 4h: EMA21=0.11, EMA50=0.10, EMA200=0.09;[PASS] RSI 30m: RSI=58.95;[FAIL] MACD 30m: MACD_hist=0.0002;[FAIL] Smart Pullback: price=0.1111 EMA=0.1095 RSI=58.9 BS=0.800;[FAIL] ADX: ADX=19.25 [>22], DI+=31.67, DI-=15.03;[FAIL] CCI Momentum: CCI=191.97;[PASS] SAR: SAR=0.1090, price=0.1111;[FAIL] Stochastic: K=100.00 D=100.00;[PASS] EMA Rejection: Rejected;[PASS] Resistance Test: Tested;[PASS] Pullback: Detected;[PASS] Double Top/Bottom: Pattern=double_top;[FAIL] Range Filter: EMA diff=0.0036 [>0.005];[FAIL] Combined Range Filter: diff=0.0036, ADX=19.25, mode=OR"
SHIB-USDT,LONG,S3,کرونوس (Cronus),0.00000548,0.00000526,0.00000000,2026-09-07 15:54:47,OPEN,,,,,,10.00,,"[FAIL] Candle Strength 15m: BS15=0.013 [>= 0.6];[FAIL] Candle Strength 5m: BS5=0.005 [>= 0.6];[PASS] EMA Trend 1h: EMA21=0.00, EMA50=0.00;[PASS] EMA Trend 4h: EMA21=0.00, EMA50=0.00, EMA200=0.00;[PASS] RSI 30m: RSI=51.00;[FAIL] MACD 30m: MACD_hist=-0.0000;[FAIL] Smart Pullback: price=0.0000 EMA=0.0000 RSI=51.0 BS=0.929;[FAIL] ADX: ADX=15.15 [>22], DI+=22.14, DI-=24.55;[FAIL] CCI Momentum: CCI=-38.22;[PASS] SAR: SAR=0.0000, price=0.0000;[FAIL] Stochastic: K=62.41 D=62.41;[PASS] EMA Rejection: Rejected;[PASS] Resistance Test: Tested;[PASS] Pullback: Detected;[PASS] Double Top/Bottom: Pattern=double_bottom;[FAIL] Range Filter: EMA diff=0.0008 [>0.005];[FAIL] Combined Range Filter: diff=0.0008, ADX=15.15, mode=AND"
XAUT-USDT,SHORT,S3,کرونوس (Cronus),4395.25000000,4571.06000000,0.00000000,2026-09-07 16:20:26,OPEN,,,,,,10.00,,"[FAIL] Candle Strength 15m: BS15=0.377 [>= 0.6];[FAIL] Candle Strength 5m: BS5=0.377 [>= 0.6];[PASS] EMA Trend 1h: EMA21=4403.32, EMA50=4412.89;[FAIL] EMA Trend 4h: EMA21=4415.30, EMA50=4431.92, EMA200=4366.39;[PASS] RSI 30m: RSI=46.34;[PASS] MACD 30m: MACD_hist=-0.1140;[FAIL] Smart Pullback: price=4395.2500 EMA=4397.9357 RSI=46.3 BS=0.377;[PASS] ADX: ADX=23.52 [>22], DI+=23.38, DI-=31.75;[PASS] CCI Momentum: CCI=-34.19;[FAIL] SAR: SAR=4384.1172, price=4395.2500;[FAIL] Stochastic: K=39.23 D=39.23;[FAIL] EMA Rejection: No rejection;[PASS] Resistance Test: Tested;[PASS] Pullback: Detected;[PASS] Double Top/Bottom: Pattern=double_top;[FAIL] Range Filter: EMA diff=0.0018 [>0.005];[PASS] Combined Range Filter: diff=0.0018, ADX=23.52, mode=AND"
LTC-USDT,LONG,S3,کرونوس (Cronus),58.43000000,56.09280000,0.00000000,2026-09-07 16:20:28,OPEN,,,,,,10.00,,"[FAIL] Candle Strength 15m: BS15=0.922 [too high - likely end of move];[FAIL] Candle Strength 5m: BS5=0.100 [>= 0.6];[PASS] EMA Trend 1h: EMA21=55.11, EMA50=54.31;[PASS] EMA Trend 4h: EMA21=53.92, EMA50=52.16, EMA200=48.76;[FAIL] RSI 30m: RSI=77.91;[PASS] MACD 30m: MACD_hist=0.2981;[FAIL] Smart Pullback: price=58.4300 EMA=55.5589 RSI=77.9 BS=0.922;[PASS] ADX: ADX=33.48 [>22], DI+=46.41, DI-=8.12;[FAIL] CCI Momentum: CCI=220.74;[PASS] SAR: SAR=55.8932, price=58.4300;[FAIL] Stochastic: K=98.36 D=98.36;[FAIL] EMA Rejection: No rejection;[FAIL] Resistance Test: No test;[PASS] Pullback: Detected;[PASS] Double Top/Bottom: Pattern=double_top;[PASS] Range Filter: EMA diff=0.0103 [>0.005];[PASS] Combined Range Filter: diff=0.0103, ADX=33.48, mode=AND"
LTC-USDT,LONG,B1,هایپریون (Hyperion),58.43000000,56.09280000,0.00000000,2026-09-07 16:20:29,OPEN,,,,,,10.00,,"[FAIL] Candle Strength 15m: BS15=0.922 [too high - likely end of move];[FAIL] Candle Strength 5m: BS5=0.100 [>= 0.6];[PASS] EMA Trend 1h: EMA21=55.11, EMA50=54.31;[PASS] EMA Trend 4h: EMA21=53.92, EMA50=52.16, EMA200=48.76;[FAIL] RSI 30m: RSI=77.91;[PASS] MACD 30m: MACD_hist=0.2981;[FAIL] Smart Pullback: price=58.4300 EMA=55.5589 RSI=77.9 BS=0.922;[PASS] ADX: ADX=33.48 [>22], DI+=46.41, DI-=8.12;[FAIL] CCI Momentum: CCI=220.74;[PASS] SAR: SAR=55.8932, price=58.4300;[FAIL] Stochastic: K=98.36 D=98.36;[FAIL] EMA Rejection: No rejection;[FAIL] Resistance Test: No test;[PASS] Pullback: Detected;[PASS] Double Top/Bottom: Pattern=double_top;[PASS] Range Filter: EMA diff=0.0103 [>0.005];[PASS] Combined Range Filter: diff=0.0103, ADX=33.48, mode=OR"
DOGE-USDT,LONG,S3,کرونوس (Cronus),0.09110000,0.08745600,0.00000000,2026-09-07 16:20:30,OPEN,,,,,,10.00,,"[FAIL] Candle Strength 15m: BS15=0.902 [too high - likely end of move];[FAIL] Candle Strength 5m: BS5=1.000 [too high];[PASS] EMA Trend 1h: EMA21=0.09, EMA50=0.09;[PASS] EMA Trend 4h: EMA21=0.09, EMA50=0.09, EMA200=0.08;[PASS] RSI 30m: RSI=64.84;[FAIL] MACD 30m: MACD_hist=0.0001;[FAIL] Smart Pullback: price=0.0911 EMA=0.0899 RSI=64.8 BS=0.902;[FAIL] ADX: ADX=13.71 [>22], DI+=31.98, DI-=18.91;[FAIL] CCI Momentum: CCI=245.98;[PASS] SAR: SAR=0.0897, price=0.0911;[FAIL] Stochastic: K=97.69 D=97.69;[PASS] EMA Rejection: Rejected;[PASS] Resistance Test: Tested;[PASS] Pullback: Detected;[PASS] Double Top/Bottom: Pattern=double_top;[FAIL] Range Filter: EMA diff=0.0009 [>0.005];[FAIL] Combined Range Filter: diff=0.0009, ADX=13.71, mode=AND"
DOGE-USDT,LONG,B1,هایپریون (Hyperion),0.09110000,0.08745600,0.00000000,2026-09-07 16:20:32,OPEN,,,,,,10.00,,"[FAIL] Candle Strength 15m: BS15=0.902 [too high - likely end of move];[FAIL] Candle Strength 5m: BS5=1.000 [too high];[PASS] EMA Trend 1h: EMA21=0.09, EMA50=0.09;[PASS] EMA Trend 4h: EMA21=0.09, EMA50=0.09, EMA200=0.08;[PASS] RSI 30m: RSI=64.84;[FAIL] MACD 30m: MACD_hist=0.0001;[FAIL] Smart Pullback: price=0.0911 EMA=0.0899 RSI=64.8 BS=0.902;[FAIL] ADX: ADX=13.71 [>22], DI+=31.98, DI-=18.91;[FAIL] CCI Momentum: CCI=245.98;[PASS] SAR: SAR=0.0897, price=0.0911;[FAIL] Stochastic: K=97.69 D=97.69;[PASS] EMA Rejection: Rejected;[PASS] Resistance Test: Tested;[PASS] Pullback: Detected;[PASS] Double Top/Bottom: Pattern=double_top;[FAIL] Range Filter: EMA diff=0.0009 [>0.005];[FAIL] Combined Range Filter: diff=0.0009, ADX=13.71, mode=OR"
SUI-USDT,LONG,S3,کرونوس (Cronus),0.83880000,0.80524800,0.00000000,2026-09-07 16:20:34,OPEN,,,,,,10.00,,"[PASS] Candle Strength 15m: BS15=0.787 [>= 0.6];[PASS] Candle Strength 5m: BS5=0.619 [>= 0.6];[PASS] EMA Trend 1h: EMA21=0.81, EMA50=0.80;[PASS] EMA Trend 4h: EMA21=0.79, EMA50=0.77, EMA200=0.74;[FAIL] RSI 30m: RSI=68.02;[PASS] MACD 30m: MACD_hist=0.0029;[FAIL] Smart Pullback: price=0.8388 EMA=0.8109 RSI=68.0 BS=0.787;[FAIL] ADX: ADX=18.43 [>22], DI+=32.76, DI-=13.57;[FAIL] CCI Momentum: CCI=239.37;[PASS] SAR: SAR=0.8104, price=0.8388;[FAIL] Stochastic: K=98.50 D=98.50;[PASS] EMA Rejection: Rejected;[FAIL] Resistance Test: No test;[PASS] Pullback: Detected;[PASS] Double Top/Bottom: Pattern=double_top;[PASS] Range Filter: EMA diff=0.0068 [>0.005];[PASS] Combined Range Filter: diff=0.0068, ADX=18.43, mode=AND"
SUI-USDT,LONG,B1,هایپریون (Hyperion),0.83880000,0.80524800,0.00000000,2026-09-07 16:20:36,OPEN,,,,,,10.00,,"[PASS] Candle Strength 15m: BS15=0.787 [>= 0.6];[PASS] Candle Strength 5m: BS5=0.619 [>= 0.6];[PASS] EMA Trend 1h: EMA21=0.81, EMA50=0.80;[PASS] EMA Trend 4h: EMA21=0.79, EMA50=0.77, EMA200=0.74;[FAIL] RSI 30m: RSI=68.02;[PASS] MACD 30m: MACD_hist=0.0029;[FAIL] Smart Pullback: price=0.8388 EMA=0.8109 RSI=68.0 BS=0.787;[FAIL] ADX: ADX=18.43 [>22], DI+=32.76, DI-=13.57;[FAIL] CCI Momentum: CCI=239.37;[PASS] SAR: SAR=0.8104, price=0.8388;[FAIL] Stochastic: K=98.50 D=98.50;[PASS] EMA Rejection: Rejected;[FAIL] Resistance Test: No test;[PASS] Pullback: Detected;[PASS] Double Top/Bottom: Pattern=double_top;[PASS] Range Filter: EMA diff=0.0068 [>0.005];[FAIL] Combined Range Filter: diff=0.0068, ADX=18.43, mode=OR"
NEAR-USDT,LONG,S3,کرونوس (Cronus),2.37650000,2.28144000,0.00000000,2026-09-07 16:20:37,OPEN,,,,,,10.00,,"[PASS] Candle Strength 15m: BS15=0.670 [>= 0.6];[PASS] Candle Strength 5m: BS5=0.673 [>= 0.6];[PASS] EMA Trend 1h: EMA21=2.37, EMA50=2.32;[PASS] EMA Trend 4h: EMA21=2.25, EMA50=2.11, EMA200=1.87;[PASS] RSI 30m: RSI=50.80;[FAIL] MACD 30m: MACD_hist=-0.0003;[FAIL] Smart Pullback: price=2.3765 EMA=2.3695 RSI=50.8 BS=0.670;[FAIL] ADX: ADX=25.40 [>22], DI+=17.84, DI-=23.18;[FAIL] CCI Momentum: CCI=-21.88;[PASS] SAR: SAR=2.3346, price=2.3765;[FAIL] Stochastic: K=59.64 D=59.64;[PASS] EMA Rejection: Rejected;[FAIL] Resistance Test: No test;[PASS] Pullback: Detected;[PASS] Double Top/Bottom: Pattern=double_top;[FAIL] Range Filter: EMA diff=0.0016 [>0.005];[PASS] Combined Range Filter: diff=0.0016, ADX=25.40, mode=AND"
NEAR-USDT,LONG,B1,هایپریون (Hyperion),2.37650000,2.28144000,0.00000000,2026-09-07 16:20:39,OPEN,,,,,,10.00,,"[PASS] Candle Strength 15m: BS15=0.670 [>= 0.6];[PASS] Candle Strength 5m: BS5=0.673 [>= 0.6];[PASS] EMA Trend 1h: EMA21=2.37, EMA50=2.32;[PASS] EMA Trend 4h: EMA21=2.25, EMA50=2.11, EMA200=1.87;[PASS] RSI 30m: RSI=50.80;[FAIL] MACD 30m: MACD_hist=-0.0003;[FAIL] Smart Pullback: price=2.3765 EMA=2.3695 RSI=50.8 BS=0.670;[FAIL] ADX: ADX=25.40 [>22], DI+=17.84, DI-=23.18;[FAIL] CCI Momentum: CCI=-21.88;[PASS] SAR: SAR=2.3346, price=2.3765;[FAIL] Stochastic: K=59.64 D=59.64;[PASS] EMA Rejection: Rejected;[FAIL] Resistance Test: No test;[PASS] Pullback: Detected;[PASS] Double Top/Bottom: Pattern=double_top;[FAIL] Range Filter: EMA diff=0.0016 [>0.005];[FAIL] Combined Range Filter: diff=0.0016, ADX=25.40, mode=OR"
DOT-USDT,LONG,S3,کرونوس (Cronus),1.00440000,0.96422400,0.00000000,2026-09-07 16:20:40,OPEN,,,,,,10.00,,"[FAIL] Candle Strength 15m: BS15=0.552 [>= 0.6];[PASS] Candle Strength 5m: BS5=0.667 [>= 0.6];[PASS] EMA Trend 1h: EMA21=0.98, EMA50=0.95;[PASS] EMA Trend 4h: EMA21=0.94, EMA50=0.91, EMA200=0.85;[PASS] RSI 30m: RSI=62.78;[PASS] MACD 30m: MACD_hist=0.0021;[FAIL] Smart Pullback: price=1.0044 EMA=0.9818 RSI=62.8 BS=0.552;[PASS] ADX: ADX=22.51 [>22], DI+=32.30, DI-=16.94;[FAIL] CCI Momentum: CCI=231.58;[PASS] SAR: SAR=0.9748, price=1.0044;[FAIL] Stochastic: K=96.46 D=96.46;[PASS] EMA Rejection: Rejected;[FAIL] Resistance Test: No test;[PASS] Pullback: Detected;[PASS] Double Top/Bottom: Pattern=double_bottom;[PASS] Range Filter: EMA diff=0.0096 [>0.005];[PASS] Combined Range Filter: diff=0.0096, ADX=22.51, mode=AND"
DOT-USDT,LONG,B1,هایپریون (Hyperion),1.00440000,0.96422400,0.00000000,2026-09-07 16:20:42,OPEN,,,,,,10.00,,"[FAIL] Candle Strength 15m: BS15=0.552 [>= 0.6];[PASS] Candle Strength 5m: BS5=0.667 [>= 0.6];[PASS] EMA Trend 1h: EMA21=0.98, EMA50=0.95;[PASS] EMA Trend 4h: EMA21=0.94, EMA50=0.91, EMA200=0.85;[PASS] RSI 30m: RSI=62.78;[PASS] MACD 30m: MACD_hist=0.0021;[FAIL] Smart Pullback: price=1.0044 EMA=0.9818 RSI=62.8 BS=0.552;[PASS] ADX: ADX=22.51 [>22], DI+=32.30, DI-=16.94;[FAIL] CCI Momentum: CCI=231.58;[PASS] SAR: SAR=0.9748, price=1.0044;[FAIL] Stochastic: K=96.46 D=96.46;[PASS] EMA Rejection: Rejected;[FAIL] Resistance Test: No test;[PASS] Pullback: Detected;[PASS] Double Top/Bottom: Pattern=double_bottom;[PASS] Range Filter: EMA diff=0.0096 [>0.005];[PASS] Combined Range Filter: diff=0.0096, ADX=22.51, mode=OR"
ADA-USDT,LONG,S3,کرونوس (Cronus),0.22320000,0.21427200,0.00000000,2026-09-07 16:20:59,OPEN,,,,,,10.00,,"[FAIL] Candle Strength 15m: BS15=0.895 [too high - likely end of move];[FAIL] Candle Strength 5m: BS5=0.000 [>= 0.6];[PASS] EMA Trend 1h: EMA21=0.22, EMA50=0.22;[PASS] EMA Trend 4h: EMA21=0.22, EMA50=0.21, EMA200=0.20;[PASS] RSI 30m: RSI=61.99;[FAIL] MACD 30m: MACD_hist=0.0004;[FAIL] Smart Pullback: price=0.2232 EMA=0.2198 RSI=62.0 BS=0.895;[FAIL] ADX: ADX=12.51 [>22], DI+=28.05, DI-=19.68;[FAIL] CCI Momentum: CCI=206.39;[PASS] SAR: SAR=0.2196, price=0.2232;[FAIL] Stochastic: K=97.73 D=97.73;[PASS] EMA Rejection: Rejected;[PASS] Resistance Test: Tested;[PASS] Pullback: Detected;[FAIL] Double Top/Bottom: No pattern;[FAIL] Range Filter: EMA diff=0.0003 [>0.005];[FAIL] Combined Range Filter: diff=0.0003, ADX=12.51, mode=AND"
ADA-USDT,LONG,B1,هایپریون (Hyperion),0.22320000,0.21427200,0.00000000,2026-09-07 16:21:15,OPEN,,,,,,10.00,,"[FAIL] Candle Strength 15m: BS15=0.895 [too high - likely end of move];[FAIL] Candle Strength 5m: BS5=0.000 [>= 0.6];[PASS] EMA Trend 1h: EMA21=0.22, EMA50=0.22;[PASS] EMA Trend 4h: EMA21=0.22, EMA50=0.21, EMA200=0.20;[PASS] RSI 30m: RSI=61.99;[FAIL] MACD 30m: MACD_hist=0.0004;[FAIL] Smart Pullback: price=0.2232 EMA=0.2198 RSI=62.0 BS=0.895;[FAIL] ADX: ADX=12.51 [>22], DI+=28.05, DI-=19.68;[FAIL] CCI Momentum: CCI=206.39;[PASS] SAR: SAR=0.2196, price=0.2232;[FAIL] Stochastic: K=97.73 D=97.73;[PASS] EMA Rejection: Rejected;[PASS] Resistance Test: Tested;[PASS] Pullback: Detected;[FAIL] Double Top/Bottom: No pattern;[FAIL] Range Filter: EMA diff=0.0003 [>0.005];[FAIL] Combined Range Filter: diff=0.0003, ADX=12.51, mode=OR"
LINK-USDT,LONG,S3,کرونوس (Cronus),13.24270000,12.71299200,0.00000000,2026-09-07 16:21:17,OPEN,,,,,,10.00,,"[PASS] Candle Strength 15m: BS15=0.779 [>= 0.6];[FAIL] Candle Strength 5m: BS5=0.029 [>= 0.6];[PASS] EMA Trend 1h: EMA21=13.02, EMA50=12.62;[PASS] EMA Trend 4h: EMA21=12.40, EMA50=11.94, EMA200=10.48;[PASS] RSI 30m: RSI=54.81;[FAIL] MACD 30m: MACD_hist=-0.0395;[FAIL] Smart Pullback: price=13.2427 EMA=13.2064 RSI=54.8 BS=0.779;[PASS] ADX: ADX=35.61 [>22], DI+=30.89, DI-=20.71;[FAIL] CCI Momentum: CCI=-23.08;[PASS] SAR: SAR=13.1708, price=13.2427;[FAIL] Stochastic: K=31.01 D=31.01;[PASS] EMA Rejection: Rejected;[FAIL] Resistance Test: No test;[PASS] Pullback: Detected;[FAIL] Double Top/Bottom: No pattern;[PASS] Range Filter: EMA diff=0.0196 [>0.005];[PASS] Combined Range Filter: diff=0.0196, ADX=35.61, mode=AND"
AVAX-USDT,LONG,S3,کرونوس (Cronus),8.00800000,7.68768000,0.00000000,2026-09-07 16:21:19,OPEN,,,,,,10.00,,"[PASS] Candle Strength 15m: BS15=0.730 [>= 0.6];[PASS] Candle Strength 5m: BS5=0.714 [>= 0.6];[PASS] EMA Trend 1h: EMA21=7.82, EMA50=7.72;[PASS] EMA Trend 4h: EMA21=7.66, EMA50=7.50, EMA200=7.06;[FAIL] RSI 30m: RSI=66.39;[PASS] MACD 30m: MACD_hist=0.0043;[FAIL] Smart Pullback: price=8.0080 EMA=7.8665 RSI=66.4 BS=0.730;[PASS] ADX: ADX=27.45 [>22], DI+=41.65, DI-=19.29;[FAIL] CCI Momentum: CCI=173.58;[PASS] SAR: SAR=7.8640, price=8.0080;[FAIL] Stochastic: K=98.92 D=98.92;[PASS] EMA Rejection: Rejected;[FAIL] Resistance Test: No test;[PASS] Pullback: Detected;[FAIL] Double Top/Bottom: No pattern;[PASS] Range Filter: EMA diff=0.0082 [>0.005];[PASS] Combined Range Filter: diff=0.0082, ADX=27.45, mode=AND"
AVAX-USDT,LONG,B1,هایپریون (Hyperion),8.00800000,7.68768000,0.00000000,2026-09-07 16:21:20,OPEN,,,,,,10.00,,"[PASS] Candle Strength 15m: BS15=0.730 [>= 0.6];[PASS] Candle Strength 5m: BS5=0.714 [>= 0.6];[PASS] EMA Trend 1h: EMA21=7.82, EMA50=7.72;[PASS] EMA Trend 4h: EMA21=7.66, EMA50=7.50, EMA200=7.06;[FAIL] RSI 30m: RSI=66.39;[PASS] MACD 30m: MACD_hist=0.0043;[FAIL] Smart Pullback: price=8.0080 EMA=7.8665 RSI=66.4 BS=0.730;[PASS] ADX: ADX=27.45 [>22], DI+=41.65, DI-=19.29;[FAIL] CCI Momentum: CCI=173.58;[PASS] SAR: SAR=7.8640, price=8.0080;[FAIL] Stochastic: K=98.92 D=98.92;[PASS] EMA Rejection: Rejected;[FAIL] Resistance Test: No test;[PASS] Pullback: Detected;[FAIL] Double Top/Bottom: No pattern;[PASS] Range Filter: EMA diff=0.0082 [>0.005];[PASS] Combined Range Filter: diff=0.0082, ADX=27.45, mode=OR"
ATOM-USDT,LONG,S3,کرونوس (Cronus),1.66520000,1.59859200,0.00000000,2026-09-07 16:21:22,OPEN,,,,,,10.00,,"[FAIL] Candle Strength 15m: BS15=0.901 [too high - likely end of move];[PASS] Candle Strength 5m: BS5=0.606 [>= 0.6];[PASS] EMA Trend 1h: EMA21=1.61, EMA50=1.58;[PASS] EMA Trend 4h: EMA21=1.57, EMA50=1.54, EMA200=1.46;[FAIL] RSI 30m: RSI=72.88;[PASS] MACD 30m: MACD_hist=0.0032;[FAIL] Smart Pullback: price=1.6652 EMA=1.6171 RSI=72.9 BS=0.901;[PASS] ADX: ADX=30.75 [>22], DI+=40.13, DI-=10.86;[FAIL] CCI Momentum: CCI=171.36;[PASS] SAR: SAR=1.6220, price=1.6652;[FAIL] Stochastic: K=100.00 D=100.00;[FAIL] EMA Rejection: No rejection;[FAIL] Resistance Test: No test;[PASS] Pullback: Detected;[PASS] Double Top/Bottom: Pattern=double_bottom;[PASS] Range Filter: EMA diff=0.0095 [>0.005];[PASS] Combined Range Filter: diff=0.0095, ADX=30.75, mode=AND"
ATOM-USDT,LONG,B1,هایپریون (Hyperion),1.66520000,1.59859200,0.00000000,2026-09-07 16:21:23,OPEN,,,,,,10.00,,"[FAIL] Candle Strength 15m: BS15=0.901 [too high - likely end of move];[PASS] Candle Strength 5m: BS5=0.606 [>= 0.6];[PASS] EMA Trend 1h: EMA21=1.61, EMA50=1.58;[PASS] EMA Trend 4h: EMA21=1.57, EMA50=1.54, EMA200=1.46;[FAIL] RSI 30m: RSI=72.88;[PASS] MACD 30m: MACD_hist=0.0032;[FAIL] Smart Pullback: price=1.6652 EMA=1.6171 RSI=72.9 BS=0.901;[PASS] ADX: ADX=30.75 [>22], DI+=40.13, DI-=10.86;[FAIL] CCI Momentum: CCI=171.36;[PASS] SAR: SAR=1.6220, price=1.6652;[FAIL] Stochastic: K=100.00 D=100.00;[FAIL] EMA Rejection: No rejection;[FAIL] Resistance Test: No test;[PASS] Pullback: Detected;[PASS] Double Top/Bottom: Pattern=double_bottom;[PASS] Range Filter: EMA diff=0.0095 [>0.005];[PASS] Combined Range Filter: diff=0.0095, ADX=30.75, mode=OR"
FIL-USDT,LONG,S3,کرونوس (Cronus),0.84740000,0.81350400,0.00000000,2026-09-07 16:21:25,OPEN,,,,,,10.00,,"[PASS] Candle Strength 15m: BS15=0.717 [>= 0.6];[FAIL] Candle Strength 5m: BS5=0.067 [>= 0.6];[PASS] EMA Trend 1h: EMA21=0.81, EMA50=0.80;[PASS] EMA Trend 4h: EMA21=0.80, EMA50=0.77, EMA200=0.73;[FAIL] RSI 30m: RSI=76.38;[FAIL] MACD 30m: MACD_hist=0.0019;[FAIL] Smart Pullback: price=0.8474 EMA=0.8192 RSI=76.4 BS=0.717;[PASS] ADX: ADX=31.12 [>22], DI+=39.97, DI-=9.96;[FAIL] CCI Momentum: CCI=205.74;[PASS] SAR: SAR=0.8221, price=0.8474;[FAIL] Stochastic: K=96.95 D=96.95;[PASS] EMA Rejection: Rejected;[FAIL] Resistance Test: No test;[PASS] Pullback: Detected;[PASS] Double Top/Bottom: Pattern=double_top;[PASS] Range Filter: EMA diff=0.0106 [>0.005];[PASS] Combined Range Filter: diff=0.0106, ADX=31.12, mode=AND"
FIL-USDT,LONG,B1,هایپریون (Hyperion),0.84740000,0.81350400,0.00000000,2026-09-07 16:21:26,OPEN,,,,,,10.00,,"[PASS] Candle Strength 15m: BS15=0.717 [>= 0.6];[FAIL] Candle Strength 5m: BS5=0.067 [>= 0.6];[PASS] EMA Trend 1h: EMA21=0.81, EMA50=0.80;[PASS] EMA Trend 4h: EMA21=0.80, EMA50=0.77, EMA200=0.73;[FAIL] RSI 30m: RSI=76.38;[FAIL] MACD 30m: MACD_hist=0.0019;[FAIL] Smart Pullback: price=0.8474 EMA=0.8192 RSI=76.4 BS=0.717;[PASS] ADX: ADX=31.12 [>22], DI+=39.97, DI-=9.96;[FAIL] CCI Momentum: CCI=205.74;[PASS] SAR: SAR=0.8221, price=0.8474;[FAIL] Stochastic: K=96.95 D=96.95;[PASS] EMA Rejection: Rejected;[FAIL] Resistance Test: No test;[PASS] Pullback: Detected;[PASS] Double Top/Bottom: Pattern=double_top;[PASS] Range Filter: EMA diff=0.0106 [>0.005];[PASS] Combined Range Filter: diff=0.0106, ADX=31.12, mode=OR"
SEI-USDT,LONG,S3,کرونوس (Cronus),0.05022000,0.04821120,0.00000000,2026-09-07 16:21:29,OPEN,,,,,,10.00,,"[FAIL] Candle Strength 15m: BS15=0.901 [too high - likely end of move];[FAIL] Candle Strength 5m: BS5=0.583 [>= 0.6];[PASS] EMA Trend 1h: EMA21=0.05, EMA50=0.05;[PASS] EMA Trend 4h: EMA21=0.05, EMA50=0.05, EMA200=0.04;[FAIL] RSI 30m: RSI=65.99;[FAIL] MACD 30m: MACD_hist=0.0001;[FAIL] Smart Pullback: price=0.0502 EMA=0.0490 RSI=66.0 BS=0.901;[FAIL] ADX: ADX=18.94 [>22], DI+=34.79, DI-=15.29;[FAIL] CCI Momentum: CCI=333.63;[PASS] SAR: SAR=0.0487, price=0.0502;[FAIL] Stochastic: K=96.39 D=96.39;[PASS] EMA Rejection: Rejected;[PASS] Resistance Test: Tested;[PASS] Pullback: Detected;[PASS] Double Top/Bottom: Pattern=double_bottom;[FAIL] Range Filter: EMA diff=0.0047 [>0.005];[PASS] Combined Range Filter: diff=0.0047, ADX=18.94, mode=AND"
OP-USDT,LONG,S3,کرونوس (Cronus),0.11130000,0.10684800,0.00000000,2026-09-07 16:21:32,OPEN,,,,,,10.00,,"[FAIL] Candle Strength 15m: BS15=0.333 [>= 0.6];[FAIL] Candle Strength 5m: BS5=1.000 [too high];[PASS] EMA Trend 1h: EMA21=0.11, EMA50=0.11;[PASS] EMA Trend 4h: EMA21=0.11, EMA50=0.10, EMA200=0.09;[PASS] RSI 30m: RSI=59.91;[FAIL] MACD 30m: MACD_hist=0.0002;[FAIL] Smart Pullback: price=0.1113 EMA=0.1097 RSI=59.9 BS=0.333;[FAIL] ADX: ADX=20.97 [>22], DI+=34.49, DI-=13.90;[FAIL] CCI Momentum: CCI=284.57;[PASS] SAR: SAR=0.1096, price=0.1113;[FAIL] Stochastic: K=85.11 D=85.11;[PASS] EMA Rejection: Rejected;[PASS] Resistance Test: Tested;[PASS] Pullback: Detected;[PASS] Double Top/Bottom: Pattern=double_top;[FAIL] Range Filter: EMA diff=0.0041 [>0.005];[PASS] Combined Range Filter: diff=0.0041, ADX=20.97, mode=AND"
OP-USDT,LONG,B1,هایپریون (Hyperion),0.11130000,0.10684800,0.00000000,2026-09-07 16:21:33,OPEN,,,,,,10.00,,"[FAIL] Candle Strength 15m: BS15=0.333 [>= 0.6];[FAIL] Candle Strength 5m: BS5=1.000 [too high];[PASS] EMA Trend 1h: EMA21=0.11, EMA50=0.11;[PASS] EMA Trend 4h: EMA21=0.11, EMA50=0.10, EMA200=0.09;[PASS] RSI 30m: RSI=59.91;[FAIL] MACD 30m: MACD_hist=0.0002;[FAIL] Smart Pullback: price=0.1113 EMA=0.1097 RSI=59.9 BS=0.333;[FAIL] ADX: ADX=20.97 [>22], DI+=34.49, DI-=13.90;[FAIL] CCI Momentum: CCI=284.57;[PASS] SAR: SAR=0.1096, price=0.1113;[FAIL] Stochastic: K=85.11 D=85.11;[PASS] EMA Rejection: Rejected;[PASS] Resistance Test: Tested;[PASS] Pullback: Detected;[PASS] Double Top/Bottom: Pattern=double_top;[FAIL] Range Filter: EMA diff=0.0041 [>0.005];[FAIL] Combined Range Filter: diff=0.0041, ADX=20.97, mode=OR"
SHIB-USDT,LONG,S3,کرونوس (Cronus),0.00000554,0.00000532,0.00000000,2026-09-07 16:21:34,OPEN,,,,,,10.00,,"[FAIL] Candle Strength 15m: BS15=0.048 [>= 0.6];[FAIL] Candle Strength 5m: BS5=0.011 [>= 0.6];[PASS] EMA Trend 1h: EMA21=0.00, EMA50=0.00;[PASS] EMA Trend 4h: EMA21=0.00, EMA50=0.00, EMA200=0.00;[PASS] RSI 30m: RSI=60.93;[FAIL] MACD 30m: MACD_hist=0.0000;[FAIL] Smart Pullback: price=0.0000 EMA=0.0000 RSI=60.9 BS=0.960;[FAIL] ADX: ADX=15.32 [>22], DI+=31.30, DI-=21.05;[FAIL] CCI Momentum: CCI=156.17;[PASS] SAR: SAR=0.0000, price=0.0000;[FAIL] Stochastic: K=100.00 D=100.00;[PASS] EMA Rejection: Rejected;[PASS] Resistance Test: Tested;[PASS] Pullback: Detected;[PASS] Double Top/Bottom: Pattern=double_bottom;[FAIL] Range Filter: EMA diff=0.0014 [>0.005];[FAIL] Combined Range Filter: diff=0.0014, ADX=15.32, mode=AND"
SHIB-USDT,LONG,B1,هایپریون (Hyperion),0.00000554,0.00000532,0.00000000,2026-09-07 16:21:36,OPEN,,,,,,10.00,,"[FAIL] Candle Strength 15m: BS15=0.048 [>= 0.6];[FAIL] Candle Strength 5m: BS5=0.011 [>= 0.6];[PASS] EMA Trend 1h: EMA21=0.00, EMA50=0.00;[PASS] EMA Trend 4h: EMA21=0.00, EMA50=0.00, EMA200=0.00;[PASS] RSI 30m: RSI=60.93;[FAIL] MACD 30m: MACD_hist=0.0000;[FAIL] Smart Pullback: price=0.0000 EMA=0.0000 RSI=60.9 BS=0.960;[FAIL] ADX: ADX=15.32 [>22], DI+=31.30, DI-=21.05;[FAIL] CCI Momentum: CCI=156.17;[PASS] SAR: SAR=0.0000, price=0.0000;[FAIL] Stochastic: K=100.00 D=100.00;[PASS] EMA Rejection: Rejected;[PASS] Resistance Test: Tested;[PASS] Pullback: Detected;[PASS] Double Top/Bottom: Pattern=double_bottom;[FAIL] Range Filter: EMA diff=0.0014 [>0.005];[FAIL] Combined Range Filter: diff=0.0014, ADX=15.32, mode=OR"
ETH-USDT,LONG,S3,کرونوس (Cronus),2508.76000000,2408.40960000,0.00000000,2026-09-07 16:50:44,OPEN,,,,,,10.00,,"[FAIL] Candle Strength 15m: BS15=0.336 [>= 0.6];[FAIL] Candle Strength 5m: BS5=0.465 [>= 0.6];[PASS] EMA Trend 1h: EMA21=2497.51, EMA50=2491.16;[PASS] EMA Trend 4h: EMA21=2484.07, EMA50=2464.31, EMA200=2238.64;[PASS] RSI 30m: RSI=59.46;[PASS] MACD 30m: MACD_hist=1.4518;[FAIL] Smart Pullback: price=2508.7600 EMA=2497.1105 RSI=59.5 BS=0.336;[FAIL] ADX: ADX=14.73 [>22], DI+=30.57, DI-=21.32;[FAIL] CCI Momentum: CCI=126.38;[PASS] SAR: SAR=2493.3478, price=2508.7600;[FAIL] Stochastic: K=92.80 D=92.80;[PASS] EMA Rejection: Rejected;[PASS] Resistance Test: Tested;[PASS] Pullback: Detected;[PASS] Double Top/Bottom: Pattern=double_top;[FAIL] Range Filter: EMA diff=0.0002 [>0.005];[FAIL] Combined Range Filter: diff=0.0002, ADX=14.73, mode=AND"
ETH-USDT,LONG,B1,هایپریون (Hyperion),2508.76000000,2408.40960000,0.00000000,2026-09-07 16:50:45,OPEN,,,,,,10.00,,"[FAIL] Candle Strength 15m: BS15=0.336 [>= 0.6];[FAIL] Candle Strength 5m: BS5=0.465 [>= 0.6];[PASS] EMA Trend 1h: EMA21=2497.51, EMA50=2491.16;[PASS] EMA Trend 4h: EMA21=2484.07, EMA50=2464.31, EMA200=2238.64;[PASS] RSI 30m: RSI=59.46;[PASS] MACD 30m: MACD_hist=1.4518;[FAIL] Smart Pullback: price=2508.7600 EMA=2497.1105 RSI=59.5 BS=0.336;[FAIL] ADX: ADX=14.73 [>22], DI+=30.57, DI-=21.32;[FAIL] CCI Momentum: CCI=126.38;[PASS] SAR: SAR=2493.3478, price=2508.7600;[FAIL] Stochastic: K=92.80 D=92.80;[PASS] EMA Rejection: Rejected;[PASS] Resistance Test: Tested;[PASS] Pullback: Detected;[PASS] Double Top/Bottom: Pattern=double_top;[FAIL] Range Filter: EMA diff=0.0002 [>0.005];[FAIL] Combined Range Filter: diff=0.0002, ADX=14.73, mode=OR"
LTC-USDT,LONG,S3,کرونوس (Cronus),58.37000000,56.03520000,0.00000000,2026-09-07 16:50:48,OPEN,,,,,,10.00,,"[FAIL] Candle Strength 15m: BS15=0.302 [>= 0.6];[FAIL] Candle Strength 5m: BS5=0.231 [>= 0.6];[PASS] EMA Trend 1h: EMA21=55.46, EMA50=54.50;[PASS] EMA Trend 4h: EMA21=53.91, EMA50=52.16, EMA200=48.76;[FAIL] RSI 30m: RSI=71.86;[PASS] MACD 30m: MACD_hist=0.3725;[FAIL] Smart Pullback: price=58.3700 EMA=55.8665 RSI=71.9 BS=0.302;[PASS] ADX: ADX=36.71 [>22], DI+=46.37, DI-=6.63;[FAIL] CCI Momentum: CCI=221.95;[PASS] SAR: SAR=56.6370, price=58.3700;[FAIL] Stochastic: K=79.62 D=79.62;[PASS] EMA Rejection: Rejected;[FAIL] Resistance Test: No test;[PASS] Pullback: Detected;[FAIL] Double Top/Bottom: No pattern;[PASS] Range Filter: EMA diff=0.0128 [>0.005];[PASS] Combined Range Filter: diff=0.0128, ADX=36.71, mode=AND"
LTC-USDT,LONG,B1,هایپریون (Hyperion),58.37000000,56.03520000,0.00000000,2026-09-07 16:50:49,OPEN,,,,,,10.00,,"[FAIL] Candle Strength 15m: BS15=0.302 [>= 0.6];[FAIL] Candle Strength 5m: BS5=0.231 [>= 0.6];[PASS] EMA Trend 1h: EMA21=55.46, EMA50=54.50;[PASS] EMA Trend 4h: EMA21=53.91, EMA50=52.16, EMA200=48.76;[FAIL] RSI 30m: RSI=71.86;[PASS] MACD 30m: MACD_hist=0.3725;[FAIL] Smart Pullback: price=58.3700 EMA=55.8665 RSI=71.9 BS=0.302;[PASS] ADX: ADX=36.71 [>22], DI+=46.37, DI-=6.63;[FAIL] CCI Momentum: CCI=221.95;[PASS] SAR: SAR=56.6370, price=58.3700;[FAIL] Stochastic: K=79.62 D=79.62;[PASS] EMA Rejection: Rejected;[FAIL] Resistance Test: No test;[PASS] Pullback: Detected;[FAIL] Double Top/Bottom: No pattern;[PASS] Range Filter: EMA diff=0.0128 [>0.005];[PASS] Combined Range Filter: diff=0.0128, ADX=36.71, mode=OR"
SUI-USDT,LONG,S3,کرونوس (Cronus),0.83380000,0.80044800,0.00000000,2026-09-07 16:50:52,OPEN,,,,,,10.00,,"[FAIL] Candle Strength 15m: BS15=0.038 [>= 0.6];[FAIL] Candle Strength 5m: BS5=0.556 [>= 0.6];[PASS] EMA Trend 1h: EMA21=0.81, EMA50=0.80;[PASS] EMA Trend 4h: EMA21=0.79, EMA50=0.77, EMA200=0.74;[PASS] RSI 30m: RSI=63.80;[PASS] MACD 30m: MACD_hist=0.0032;[FAIL] Smart Pullback: price=0.8338 EMA=0.8131 RSI=63.8 BS=0.038;[FAIL] ADX: ADX=20.62 [>22], DI+=32.22, DI-=12.08;[FAIL] CCI Momentum: CCI=212.86;[PASS] SAR: SAR=0.8239, price=0.8338;[FAIL] Stochastic: K=81.58 D=81.58;[PASS] EMA Rejection: Rejected;[FAIL] Resistance Test: No test;[PASS] Pullback: Detected;[FAIL] Double Top/Bottom: No pattern;[PASS] Range Filter: EMA diff=0.0081 [>0.005];[PASS] Combined Range Filter: diff=0.0081, ADX=20.62, mode=AND"
SUI-USDT,LONG,B1,هایپریون (Hyperion),0.83380000,0.80044800,0.00000000,2026-09-07 16:50:54,OPEN,,,,,,10.00,,"[FAIL] Candle Strength 15m: BS15=0.038 [>= 0.6];[FAIL] Candle Strength 5m: BS5=0.556 [>= 0.6];[PASS] EMA Trend 1h: EMA21=0.81, EMA50=0.80;[PASS] EMA Trend 4h: EMA21=0.79, EMA50=0.77, EMA200=0.74;[PASS] RSI 30m: RSI=63.80;[PASS] MACD 30m: MACD_hist=0.0032;[FAIL] Smart Pullback: price=0.8338 EMA=0.8131 RSI=63.8 BS=0.038;[FAIL] ADX: ADX=20.62 [>22], DI+=32.22, DI-=12.08;[FAIL] CCI Momentum: CCI=212.86;[PASS] SAR: SAR=0.8239, price=0.8338;[FAIL] Stochastic: K=81.58 D=81.58;[PASS] EMA Rejection: Rejected;[FAIL] Resistance Test: No test;[PASS] Pullback: Detected;[FAIL] Double Top/Bottom: No pattern;[PASS] Range Filter: EMA diff=0.0081 [>0.005];[FAIL] Combined Range Filter: diff=0.0081, ADX=20.62, mode=OR"
NEAR-USDT,LONG,S3,کرونوس (Cronus),2.40240000,2.30630400,0.00000000,2026-09-07 16:50:55,OPEN,,,,,,10.00,,"[PASS] Candle Strength 15m: BS15=0.800 [>= 0.6];[PASS] Candle Strength 5m: BS5=0.625 [>= 0.6];[PASS] EMA Trend 1h: EMA21=2.37, EMA50=2.32;[PASS] EMA Trend 4h: EMA21=2.26, EMA50=2.11, EMA200=1.87;[PASS] RSI 30m: RSI=55.55;[PASS] MACD 30m: MACD_hist=0.0031;[FAIL] Smart Pullback: price=2.4024 EMA=2.3725 RSI=55.5 BS=0.800;[FAIL] ADX: ADX=23.82 [>22], DI+=20.33, DI-=21.67;[PASS] CCI Momentum: CCI=36.88;[PASS] SAR: SAR=2.3355, price=2.4024;[FAIL] Stochastic: K=78.21 D=78.21;[PASS] EMA Rejection: Rejected;[FAIL] Resistance Test: No test;[PASS] Pullback: Detected;[PASS] Double Top/Bottom: Pattern=double_top;[FAIL] Range Filter: EMA diff=0.0022 [>0.005];[PASS] Combined Range Filter: diff=0.0022, ADX=23.82, mode=AND"
NEAR-USDT,LONG,B1,هایپریون (Hyperion),2.40240000,2.30630400,0.00000000,2026-09-07 16:50:57,OPEN,,,,,,10.00,,"[PASS] Candle Strength 15m: BS15=0.800 [>= 0.6];[PASS] Candle Strength 5m: BS5=0.625 [>= 0.6];[PASS] EMA Trend 1h: EMA21=2.37, EMA50=2.32;[PASS] EMA Trend 4h: EMA21=2.26, EMA50=2.11, EMA200=1.87;[PASS] RSI 30m: RSI=55.55;[PASS] MACD 30m: MACD_hist=0.0031;[FAIL] Smart Pullback: price=2.4024 EMA=2.3725 RSI=55.5 BS=0.800;[FAIL] ADX: ADX=23.82 [>22], DI+=20.33, DI-=21.67;[PASS] CCI Momentum: CCI=36.88;[PASS] SAR: SAR=2.3355, price=2.4024;[FAIL] Stochastic: K=78.21 D=78.21;[PASS] EMA Rejection: Rejected;[FAIL] Resistance Test: No test;[PASS] Pullback: Detected;[PASS] Double Top/Bottom: Pattern=double_top;[FAIL] Range Filter: EMA diff=0.0022 [>0.005];[FAIL] Combined Range Filter: diff=0.0022, ADX=23.82, mode=OR"
DOT-USDT,LONG,S3,کرونوس (Cronus),1.03200000,0.99072000,0.00000000,2026-09-07 16:50:59,OPEN,,,,,,10.00,,"[FAIL] Candle Strength 15m: BS15=0.405 [>= 0.6];[FAIL] Candle Strength 5m: BS5=0.086 [>= 0.6];[PASS] EMA Trend 1h: EMA21=0.98, EMA50=0.96;[PASS] EMA Trend 4h: EMA21=0.94, EMA50=0.91, EMA200=0.85;[FAIL] RSI 30m: RSI=70.87;[PASS] MACD 30m: MACD_hist=0.0050;[FAIL] Smart Pullback: price=1.0320 EMA=0.9878 RSI=70.9 BS=0.405;[PASS] ADX: ADX=25.24 [>22], DI+=41.59, DI-=13.66;[FAIL] CCI Momentum: CCI=317.71;[PASS] SAR: SAR=0.9918, price=1.0320;[FAIL] Stochastic: K=93.76 D=93.76;[PASS] EMA Rejection: Rejected;[FAIL] Resistance Test: No test;[PASS] Pullback: Detected;[PASS] Double Top/Bottom: Pattern=double_bottom;[PASS] Range Filter: EMA diff=0.0123 [>0.005];[PASS] Combined Range Filter: diff=0.0123, ADX=25.24, mode=AND"
DOT-USDT,LONG,B1,هایپریون (Hyperion),1.03200000,0.99072000,0.00000000,2026-09-07 16:51:00,OPEN,,,,,,10.00,,"[FAIL] Candle Strength 15m: BS15=0.405 [>= 0.6];[FAIL] Candle Strength 5m: BS5=0.086 [>= 0.6];[PASS] EMA Trend 1h: EMA21=0.98, EMA50=0.96;[PASS] EMA Trend 4h: EMA21=0.94, EMA50=0.91, EMA200=0.85;[FAIL] RSI 30m: RSI=70.87;[PASS] MACD 30m: MACD_hist=0.0050;[FAIL] Smart Pullback: price=1.0320 EMA=0.9878 RSI=70.9 BS=0.405;[PASS] ADX: ADX=25.24 [>22], DI+=41.59, DI-=13.66;[FAIL] CCI Momentum: CCI=317.71;[PASS] SAR: SAR=0.9918, price=1.0320;[FAIL] Stochastic: K=93.76 D=93.76;[PASS] EMA Rejection: Rejected;[FAIL] Resistance Test: No test;[PASS] Pullback: Detected;[PASS] Double Top/Bottom: Pattern=double_bottom;[PASS] Range Filter: EMA diff=0.0123 [>0.005];[PASS] Combined Range Filter: diff=0.0123, ADX=25.24, mode=OR"
LINK-USDT,LONG,S3,کرونوس (Cronus),13.28870000,12.75715200,0.00000000,2026-09-07 16:51:19,OPEN,,,,,,10.00,,"[FAIL] Candle Strength 15m: BS15=0.421 [>= 0.6];[FAIL] Candle Strength 5m: BS5=0.600 [>= 0.6];[PASS] EMA Trend 1h: EMA21=13.05, EMA50=12.65;[PASS] EMA Trend 4h: EMA21=12.40, EMA50=11.94, EMA200=10.48;[PASS] RSI 30m: RSI=56.91;[FAIL] MACD 30m: MACD_hist=-0.0338;[FAIL] Smart Pullback: price=13.2887 EMA=13.2161 RSI=56.9 BS=0.421;[PASS] ADX: ADX=34.92 [>22], DI+=32.52, DI-=19.66;[PASS] CCI Momentum: CCI=12.90;[PASS] SAR: SAR=13.1812, price=13.2887;[FAIL] Stochastic: K=50.64 D=50.64;[PASS] EMA Rejection: Rejected;[FAIL] Resistance Test: No test;[PASS] Pullback: Detected;[FAIL] Double Top/Bottom: No pattern;[PASS] Range Filter: EMA diff=0.0191 [>0.005];[PASS] Combined Range Filter: diff=0.0191, ADX=34.92, mode=AND"
AVAX-USDT,LONG,S3,کرونوس (Cronus),8.06900000,7.74624000,0.00000000,2026-09-07 16:51:28,OPEN,,,,,,10.00,,"[FAIL] Candle Strength 15m: BS15=0.179 [>= 0.6];[FAIL] Candle Strength 5m: BS5=0.286 [>= 0.6];[PASS] EMA Trend 1h: EMA21=7.85, EMA50=7.73;[PASS] EMA Trend 4h: EMA21=7.66, EMA50=7.50, EMA200=7.06;[FAIL] RSI 30m: RSI=70.07;[PASS] MACD 30m: MACD_hist=0.0142;[FAIL] Smart Pullback: price=8.0690 EMA=7.8879 RSI=70.1 BS=0.179;[PASS] ADX: ADX=29.17 [>22], DI+=44.28, DI-=16.80;[FAIL] CCI Momentum: CCI=249.48;[PASS] SAR: SAR=7.8891, price=8.0690;[FAIL] Stochastic: K=93.85 D=93.85;[PASS] EMA Rejection: Rejected;[FAIL] Resistance Test: No test;[PASS] Pullback: Detected;[PASS] Double Top/Bottom: Pattern=double_top;[PASS] Range Filter: EMA diff=0.0093 [>0.005];[PASS] Combined Range Filter: diff=0.0093, ADX=29.17, mode=AND"
AVAX-USDT,LONG,B1,هایپریون (Hyperion),8.06900000,7.74624000,0.00000000,2026-09-07 16:51:30,OPEN,,,,,,10.00,,"[FAIL] Candle Strength 15m: BS15=0.179 [>= 0.6];[FAIL] Candle Strength 5m: BS5=0.286 [>= 0.6];[PASS] EMA Trend 1h: EMA21=7.85, EMA50=7.73;[PASS] EMA Trend 4h: EMA21=7.66, EMA50=7.50, EMA200=7.06;[FAIL] RSI 30m: RSI=70.07;[PASS] MACD 30m: MACD_hist=0.0142;[FAIL] Smart Pullback: price=8.0690 EMA=7.8879 RSI=70.1 BS=0.179;[PASS] ADX: ADX=29.17 [>22], DI+=44.28, DI-=16.80;[FAIL] CCI Momentum: CCI=249.48;[PASS] SAR: SAR=7.8891, price=8.0690;[FAIL] Stochastic: K=93.85 D=93.85;[PASS] EMA Rejection: Rejected;[FAIL] Resistance Test: No test;[PASS] Pullback: Detected;[PASS] Double Top/Bottom: Pattern=double_top;[PASS] Range Filter: EMA diff=0.0093 [>0.005];[PASS] Combined Range Filter: diff=0.0093, ADX=29.17, mode=OR"
ATOM-USDT,LONG,S3,کرونوس (Cronus),1.69360000,1.62585600,0.00000000,2026-09-07 16:51:31,OPEN,,,,,,10.00,,"[FAIL] Candle Strength 15m: BS15=1.000 [too high - likely end of move];[FAIL] Candle Strength 5m: BS5=1.000 [too high];[PASS] EMA Trend 1h: EMA21=1.61, EMA50=1.59;[PASS] EMA Trend 4h: EMA21=1.58, EMA50=1.54, EMA200=1.46;[FAIL] RSI 30m: RSI=78.20;[PASS] MACD 30m: MACD_hist=0.0063;[FAIL] Smart Pullback: price=1.6936 EMA=1.6245 RSI=78.2 BS=1.000;[PASS] ADX: ADX=33.59 [>22], DI+=46.36, DI-=9.07;[FAIL] CCI Momentum: CCI=254.26;[PASS] SAR: SAR=1.6322, price=1.6936;[FAIL] Stochastic: K=100.00 D=100.00;[PASS] EMA Rejection: Rejected;[FAIL] Resistance Test: No test;[PASS] Pullback: Detected;[PASS] Double Top/Bottom: Pattern=double_bottom;[PASS] Range Filter: EMA diff=0.0115 [>0.005];[PASS] Combined Range Filter: diff=0.0115, ADX=33.59, mode=AND"
ATOM-USDT,LONG,B1,هایپریون (Hyperion),1.69360000,1.62585600,0.00000000,2026-09-07 16:51:33,OPEN,,,,,,10.00,,"[FAIL] Candle Strength 15m: BS15=1.000 [too high - likely end of move];[FAIL] Candle Strength 5m: BS5=1.000 [too high];[PASS] EMA Trend 1h: EMA21=1.61, EMA50=1.59;[PASS] EMA Trend 4h: EMA21=1.58, EMA50=1.54, EMA200=1.46;[FAIL] RSI 30m: RSI=78.20;[PASS] MACD 30m: MACD_hist=0.0063;[FAIL] Smart Pullback: price=1.6936 EMA=1.6245 RSI=78.2 BS=1.000;[PASS] ADX: ADX=33.59 [>22], DI+=46.36, DI-=9.07;[FAIL] CCI Momentum: CCI=254.26;[PASS] SAR: SAR=1.6322, price=1.6936;[FAIL] Stochastic: K=100.00 D=100.00;[PASS] EMA Rejection: Rejected;[FAIL] Resistance Test: No test;[PASS] Pullback: Detected;[PASS] Double Top/Bottom: Pattern=double_bottom;[PASS] Range Filter: EMA diff=0.0115 [>0.005];[PASS] Combined Range Filter: diff=0.0115, ADX=33.59, mode=OR"
FIL-USDT,LONG,S3,کرونوس (Cronus),0.86710000,0.83241600,0.00000000,2026-09-07 16:51:35,OPEN,,,,,,10.00,,"[FAIL] Candle Strength 15m: BS15=0.593 [>= 0.6];[FAIL] Candle Strength 5m: BS5=0.385 [>= 0.6];[PASS] EMA Trend 1h: EMA21=0.82, EMA50=0.80;[PASS] EMA Trend 4h: EMA21=0.80, EMA50=0.77, EMA200=0.73;[FAIL] RSI 30m: RSI=82.22;[PASS] MACD 30m: MACD_hist=0.0041;[FAIL] Smart Pullback: price=0.8671 EMA=0.8242 RSI=82.2 BS=0.593;[PASS] ADX: ADX=34.32 [>22], DI+=47.71, DI-=8.22;[FAIL] CCI Momentum: CCI=306.29;[PASS] SAR: SAR=0.8294, price=0.8671;[FAIL] Stochastic: K=95.94 D=95.94;[PASS] EMA Rejection: Rejected;[FAIL] Resistance Test: No test;[PASS] Pullback: Detected;[FAIL] Double Top/Bottom: No pattern;[PASS] Range Filter: EMA diff=0.0133 [>0.005];[PASS] Combined Range Filter: diff=0.0133, ADX=34.32, mode=AND"
FIL-USDT,LONG,B1,هایپریون (Hyperion),0.86710000,0.83241600,0.00000000,2026-09-07 16:51:36,OPEN,,,,,,10.00,,"[FAIL] Candle Strength 15m: BS15=0.593 [>= 0.6];[FAIL] Candle Strength 5m: BS5=0.385 [>= 0.6];[PASS] EMA Trend 1h: EMA21=0.82, EMA50=0.80;[PASS] EMA Trend 4h: EMA21=0.80, EMA50=0.77, EMA200=0.73;[FAIL] RSI 30m: RSI=82.22;[PASS] MACD 30m: MACD_hist=0.0041;[FAIL] Smart Pullback: price=0.8671 EMA=0.8242 RSI=82.2 BS=0.593;[PASS] ADX: ADX=34.32 [>22], DI+=47.71, DI-=8.22;[FAIL] CCI Momentum: CCI=306.29;[PASS] SAR: SAR=0.8294, price=0.8671;[FAIL] Stochastic: K=95.94 D=95.94;[PASS] EMA Rejection: Rejected;[FAIL] Resistance Test: No test;[PASS] Pullback: Detected;[FAIL] Double Top/Bottom: No pattern;[PASS] Range Filter: EMA diff=0.0133 [>0.005];[PASS] Combined Range Filter: diff=0.0133, ADX=34.32, mode=OR"
INJ-USDT,LONG,S3,کرونوس (Cronus),5.74900000,5.51904000,0.00000000,2026-09-07 16:51:39,OPEN,,,,,,10.00,,"[FAIL] Candle Strength 15m: BS15=0.562 [>= 0.6];[FAIL] Candle Strength 5m: BS5=1.000 [too high];[PASS] EMA Trend 1h: EMA21=5.49, EMA50=5.28;[PASS] EMA Trend 4h: EMA21=5.20, EMA50=5.09, EMA200=4.91;[FAIL] RSI 30m: RSI=68.55;[FAIL] MACD 30m: MACD_hist=0.0009;[FAIL] Smart Pullback: price=5.7490 EMA=5.6017 RSI=68.6 BS=0.562;[PASS] ADX: ADX=53.95 [>22], DI+=33.97, DI-=6.85;[FAIL] CCI Momentum: CCI=151.39;[PASS] SAR: SAR=5.7132, price=5.7490;[FAIL] Stochastic: K=92.05 D=92.05;[FAIL] EMA Rejection: No rejection;[FAIL] Resistance Test: No test;[PASS] Pullback: Detected;[FAIL] Double Top/Bottom: No pattern;[PASS] Range Filter: EMA diff=0.0289 [>0.005];[PASS] Combined Range Filter: diff=0.0289, ADX=53.95, mode=AND"
INJ-USDT,LONG,B1,هایپریون (Hyperion),5.74900000,5.51904000,0.00000000,2026-09-07 16:51:40,OPEN,,,,,,10.00,,"[FAIL] Candle Strength 15m: BS15=0.562 [>= 0.6];[FAIL] Candle Strength 5m: BS5=1.000 [too high];[PASS] EMA Trend 1h: EMA21=5.49, EMA50=5.28;[PASS] EMA Trend 4h: EMA21=5.20, EMA50=5.09, EMA200=4.91;[FAIL] RSI 30m: RSI=68.55;[FAIL] MACD 30m: MACD_hist=0.0009;[FAIL] Smart Pullback: price=5.7490 EMA=5.6017 RSI=68.6 BS=0.562;[PASS] ADX: ADX=53.95 [>22], DI+=33.97, DI-=6.85;[FAIL] CCI Momentum: CCI=151.39;[PASS] SAR: SAR=5.7132, price=5.7490;[FAIL] Stochastic: K=92.05 D=92.05;[FAIL] EMA Rejection: No rejection;[FAIL] Resistance Test: No test;[PASS] Pullback: Detected;[FAIL] Double Top/Bottom: No pattern;[PASS] Range Filter: EMA diff=0.0289 [>0.005];[PASS] Combined Range Filter: diff=0.0289, ADX=53.95, mode=OR"
SEI-USDT,LONG,S3,کرونوس (Cronus),0.05017000,0.04816320,0.00000000,2026-09-07 16:51:42,OPEN,,,,,,10.00,,"[FAIL] Candle Strength 15m: BS15=0.032 [>= 0.6];[PASS] Candle Strength 5m: BS5=0.667 [>= 0.6];[PASS] EMA Trend 1h: EMA21=0.05, EMA50=0.05;[PASS] EMA Trend 4h: EMA21=0.05, EMA50=0.05, EMA200=0.04;[PASS] RSI 30m: RSI=62.85;[FAIL] MACD 30m: MACD_hist=0.0001;[FAIL] Smart Pullback: price=0.0502 EMA=0.0492 RSI=62.8 BS=0.032;[FAIL] ADX: ADX=21.39 [>22], DI+=37.67, DI-=12.88;[FAIL] CCI Momentum: CCI=345.38;[PASS] SAR: SAR=0.0492, price=0.0502;[FAIL] Stochastic: K=70.82 D=70.82;[PASS] EMA Rejection: Rejected;[PASS] Resistance Test: Tested;[PASS] Pullback: Detected;[PASS] Double Top/Bottom: Pattern=double_bottom;[PASS] Range Filter: EMA diff=0.0060 [>0.005];[PASS] Combined Range Filter: diff=0.0060, ADX=21.39, mode=AND"
SEI-USDT,LONG,B1,هایپریون (Hyperion),0.05017000,0.04816320,0.00000000,2026-09-07 16:51:43,OPEN,,,,,,10.00,,"[FAIL] Candle Strength 15m: BS15=0.032 [>= 0.6];[PASS] Candle Strength 5m: BS5=0.667 [>= 0.6];[PASS] EMA Trend 1h: EMA21=0.05, EMA50=0.05;[PASS] EMA Trend 4h: EMA21=0.05, EMA50=0.05, EMA200=0.04;[PASS] RSI 30m: RSI=62.85;[FAIL] MACD 30m: MACD_hist=0.0001;[FAIL] Smart Pullback: price=0.0502 EMA=0.0492 RSI=62.8 BS=0.032;[FAIL] ADX: ADX=21.39 [>22], DI+=37.67, DI-=12.88;[FAIL] CCI Momentum: CCI=345.38;[PASS] SAR: SAR=0.0492, price=0.0502;[FAIL] Stochastic: K=70.82 D=70.82;[PASS] EMA Rejection: Rejected;[PASS] Resistance Test: Tested;[PASS] Pullback: Detected;[PASS] Double Top/Bottom: Pattern=double_bottom;[PASS] Range Filter: EMA diff=0.0060 [>0.005];[FAIL] Combined Range Filter: diff=0.0060, ADX=21.39, mode=OR"
TIA-USDT,LONG,S3,کرونوس (Cronus),0.43810000,0.42057600,0.00000000,2026-09-07 16:51:45,OPEN,,,,,,10.00,,"[PASS] Candle Strength 15m: BS15=0.652 [>= 0.6];[PASS] Candle Strength 5m: BS5=0.700 [>= 0.6];[PASS] EMA Trend 1h: EMA21=0.43, EMA50=0.41;[PASS] EMA Trend 4h: EMA21=0.40, EMA50=0.38, EMA200=0.35;[PASS] RSI 30m: RSI=57.11;[FAIL] MACD 30m: MACD_hist=-0.0004;[FAIL] Smart Pullback: price=0.4381 EMA=0.4318 RSI=57.1 BS=0.652;[FAIL] ADX: ADX=18.32 [>22], DI+=22.63, DI-=18.27;[FAIL] CCI Momentum: CCI=142.74;[PASS] SAR: SAR=0.4301, price=0.4381;[FAIL] Stochastic: K=97.90 D=97.90;[PASS] EMA Rejection: Rejected;[FAIL] Resistance Test: No test;[PASS] Pullback: Detected;[FAIL] Double Top/Bottom: No pattern;[PASS] Range Filter: EMA diff=0.0216 [>0.005];[PASS] Combined Range Filter: diff=0.0216, ADX=18.32, mode=AND"
TIA-USDT,LONG,B1,هایپریون (Hyperion),0.43810000,0.42057600,0.00000000,2026-09-07 16:51:47,OPEN,,,,,,10.00,,"[PASS] Candle Strength 15m: BS15=0.652 [>= 0.6];[PASS] Candle Strength 5m: BS5=0.700 [>= 0.6];[PASS] EMA Trend 1h: EMA21=0.43, EMA50=0.41;[PASS] EMA Trend 4h: EMA21=0.40, EMA50=0.38, EMA200=0.35;[PASS] RSI 30m: RSI=57.11;[FAIL] MACD 30m: MACD_hist=-0.0004;[FAIL] Smart Pullback: price=0.4381 EMA=0.4318 RSI=57.1 BS=0.652;[FAIL] ADX: ADX=18.32 [>22], DI+=22.63, DI-=18.27;[FAIL] CCI Momentum: CCI=142.74;[PASS] SAR: SAR=0.4301, price=0.4381;[FAIL] Stochastic: K=97.90 D=97.90;[PASS] EMA Rejection: Rejected;[FAIL] Resistance Test: No test;[PASS] Pullback: Detected;[FAIL] Double Top/Bottom: No pattern;[PASS] Range Filter: EMA diff=0.0216 [>0.005];[FAIL] Combined Range Filter: diff=0.0216, ADX=18.32, mode=OR"
OP-USDT,LONG,S3,کرونوس (Cronus),0.11140000,0.10694400,0.00000000,2026-09-07 16:51:49,OPEN,,,,,,10.00,,"[FAIL] Candle Strength 15m: BS15=0.200 [>= 0.6];[FAIL] Candle Strength 5m: BS5=1.000 [too high];[PASS] EMA Trend 1h: EMA21=0.11, EMA50=0.11;[PASS] EMA Trend 4h: EMA21=0.11, EMA50=0.10, EMA200=0.09;[PASS] RSI 30m: RSI=59.82;[FAIL] MACD 30m: MACD_hist=0.0003;[FAIL] Smart Pullback: price=0.1114 EMA=0.1099 RSI=59.8 BS=0.200;[PASS] ADX: ADX=22.51 [>22], DI+=32.26, DI-=13.00;[FAIL] CCI Momentum: CCI=229.46;[PASS] SAR: SAR=0.1108, price=0.1114;[FAIL] Stochastic: K=87.23 D=87.23;[PASS] EMA Rejection: Rejected;[FAIL] Resistance Test: No test;[PASS] Pullback: Detected;[FAIL] Double Top/Bottom: No pattern;[FAIL] Range Filter: EMA diff=0.0049 [>0.005];[PASS] Combined Range Filter: diff=0.0049, ADX=22.51, mode=AND"
OP-USDT,LONG,B1,هایپریون (Hyperion),0.11140000,0.10694400,0.00000000,2026-09-07 16:51:51,OPEN,,,,,,10.00,,"[FAIL] Candle Strength 15m: BS15=0.200 [>= 0.6];[FAIL] Candle Strength 5m: BS5=1.000 [too high];[PASS] EMA Trend 1h: EMA21=0.11, EMA50=0.11;[PASS] EMA Trend 4h: EMA21=0.11, EMA50=0.10, EMA200=0.09;[PASS] RSI 30m: RSI=59.82;[FAIL] MACD 30m: MACD_hist=0.0003;[FAIL] Smart Pullback: price=0.1114 EMA=0.1099 RSI=59.8 BS=0.200;[PASS] ADX: ADX=22.51 [>22], DI+=32.26, DI-=13.00;[FAIL] CCI Momentum: CCI=229.46;[PASS] SAR: SAR=0.1108, price=0.1114;[FAIL] Stochastic: K=87.23 D=87.23;[PASS] EMA Rejection: Rejected;[FAIL] Resistance Test: No test;[PASS] Pullback: Detected;[FAIL] Double Top/Bottom: No pattern;[FAIL] Range Filter: EMA diff=0.0049 [>0.005];[PASS] Combined Range Filter: diff=0.0049, ADX=22.51, mode=OR"
SHIB-USDT,LONG,S3,کرونوس (Cronus),0.00000554,0.00000532,0.00000000,2026-09-07 16:51:52,OPEN,,,,,,10.00,,"[FAIL] Candle Strength 15m: BS15=0.003 [>= 0.6];[FAIL] Candle Strength 5m: BS5=0.002 [>= 0.6];[PASS] EMA Trend 1h: EMA21=0.00, EMA50=0.00;[PASS] EMA Trend 4h: EMA21=0.00, EMA50=0.00, EMA200=0.00;[PASS] RSI 30m: RSI=59.25;[FAIL] MACD 30m: MACD_hist=0.0000;[FAIL] Smart Pullback: price=0.0000 EMA=0.0000 RSI=59.2 BS=0.214;[FAIL] ADX: ADX=16.83 [>22], DI+=33.40, DI-=18.66;[FAIL] CCI Momentum: CCI=181.37;[PASS] SAR: SAR=0.0000, price=0.0000;[FAIL] Stochastic: K=80.00 D=80.00;[PASS] EMA Rejection: Rejected;[PASS] Resistance Test: Tested;[PASS] Pullback: Detected;[PASS] Double Top/Bottom: Pattern=double_top;[FAIL] Range Filter: EMA diff=0.0020 [>0.005];[FAIL] Combined Range Filter: diff=0.0020, ADX=16.83, mode=AND"
SHIB-USDT,LONG,B1,هایپریون (Hyperion),0.00000554,0.00000532,0.00000000,2026-09-07 16:51:54,OPEN,,,,,,10.00,,"[FAIL] Candle Strength 15m: BS15=0.003 [>= 0.6];[FAIL] Candle Strength 5m: BS5=0.002 [>= 0.6];[PASS] EMA Trend 1h: EMA21=0.00, EMA50=0.00;[PASS] EMA Trend 4h: EMA21=0.00, EMA50=0.00, EMA200=0.00;[PASS] RSI 30m: RSI=59.25;[FAIL] MACD 30m: MACD_hist=0.0000;[FAIL] Smart Pullback: price=0.0000 EMA=0.0000 RSI=59.2 BS=0.214;[FAIL] ADX: ADX=16.83 [>22], DI+=33.40, DI-=18.66;[FAIL] CCI Momentum: CCI=181.37;[PASS] SAR: SAR=0.0000, price=0.0000;[FAIL] Stochastic: K=80.00 D=80.00;[PASS] EMA Rejection: Rejected;[PASS] Resistance Test: Tested;[PASS] Pullback: Detected;[PASS] Double Top/Bottom: Pattern=double_top;[FAIL] Range Filter: EMA diff=0.0020 [>0.005];[FAIL] Combined Range Filter: diff=0.0020, ADX=16.83, mode=OR"
LTC-USDT,LONG,S1,پرومتئوس (Prometheus),57.61000000,55.30560000,0.00000000,2026-09-07 17:15:36,OPEN,,,,,,10.00,,"[FAIL] Candle Strength 15m: BS15=1.000 [too high - likely end of move];[FAIL] Candle Strength 5m: BS5=1.000 [too high];[PASS] EMA Trend 1h: EMA21=55.39, EMA50=54.47;[PASS] EMA Trend 4h: EMA21=53.84, EMA50=52.13, EMA200=48.75;[PASS] RSI 30m: RSI=64.33;[PASS] MACD 30m: MACD_hist=0.3084;[FAIL] Smart Pullback: price=57.6100 EMA=55.9944 RSI=64.3 BS=1.000;[PASS] ADX: ADX=38.68 [>22], DI+=42.24, DI-=9.17;[FAIL] CCI Momentum: CCI=138.81;[FAIL] SAR: SAR=57.8034, price=57.6100;[FAIL] Stochastic: K=65.00 D=65.00;[PASS] EMA Rejection: Rejected;[FAIL] Resistance Test: No test;[PASS] Pullback: Detected;[PASS] Double Top/Bottom: Pattern=double_bottom;[PASS] Range Filter: EMA diff=0.0138 [>0.005];[PASS] Combined Range Filter: diff=0.0138, ADX=38.68, mode=AND"
DOT-USDT,LONG,S3,کرونوس (Cronus),1.04490000,1.00310400,0.00000000,2026-09-07 17:15:39,OPEN,,,,,,10.00,,"[FAIL] Candle Strength 15m: BS15=0.923 [too high - likely end of move];[FAIL] Candle Strength 5m: BS5=0.923 [too high];[PASS] EMA Trend 1h: EMA21=0.98, EMA50=0.96;[PASS] EMA Trend 4h: EMA21=0.94, EMA50=0.91, EMA200=0.85;[FAIL] RSI 30m: RSI=73.71;[PASS] MACD 30m: MACD_hist=0.0071;[FAIL] Smart Pullback: price=1.0449 EMA=0.9939 RSI=73.7 BS=0.923;[PASS] ADX: ADX=27.56 [>22], DI+=40.57, DI-=12.03;[FAIL] CCI Momentum: CCI=270.03;[PASS] SAR: SAR=1.0149, price=1.0449;[FAIL] Stochastic: K=99.11 D=99.11;[PASS] EMA Rejection: Rejected;[PASS] Resistance Test: Tested;[PASS] Pullback: Detected;[PASS] Double Top/Bottom: Pattern=double_bottom;[PASS] Range Filter: EMA diff=0.0149 [>0.005];[PASS] Combined Range Filter: diff=0.0149, ADX=27.56, mode=AND"
DOT-USDT,LONG,B1,هایپریون (Hyperion),1.04490000,1.00310400,0.00000000,2026-09-07 17:15:41,OPEN,,,,,,10.00,,"[FAIL] Candle Strength 15m: BS15=0.923 [too high - likely end of move];[FAIL] Candle Strength 5m: BS5=0.923 [too high];[PASS] EMA Trend 1h: EMA21=0.98, EMA50=0.96;[PASS] EMA Trend 4h: EMA21=0.94, EMA50=0.91, EMA200=0.85;[FAIL] RSI 30m: RSI=73.71;[PASS] MACD 30m: MACD_hist=0.0071;[FAIL] Smart Pullback: price=1.0449 EMA=0.9939 RSI=73.7 BS=0.923;[PASS] ADX: ADX=27.56 [>22], DI+=40.57, DI-=12.03;[FAIL] CCI Momentum: CCI=270.03;[PASS] SAR: SAR=1.0149, price=1.0449;[FAIL] Stochastic: K=99.11 D=99.11;[PASS] EMA Rejection: Rejected;[PASS] Resistance Test: Tested;[PASS] Pullback: Detected;[PASS] Double Top/Bottom: Pattern=double_bottom;[PASS] Range Filter: EMA diff=0.0149 [>0.005];[PASS] Combined Range Filter: diff=0.0149, ADX=27.56, mode=OR"
FIL-USDT,LONG,S3,کرونوس (Cronus),0.86380000,0.82924800,0.00000000,2026-09-07 17:15:43,OPEN,,,,,,10.00,,"[FAIL] Candle Strength 15m: BS15=0.902 [too high - likely end of move];[FAIL] Candle Strength 5m: BS5=0.902 [too high];[PASS] EMA Trend 1h: EMA21=0.82, EMA50=0.80;[PASS] EMA Trend 4h: EMA21=0.80, EMA50=0.77, EMA200=0.73;[FAIL] RSI 30m: RSI=74.54;[PASS] MACD 30m: MACD_hist=0.0049;[FAIL] Smart Pullback: price=0.8638 EMA=0.8283 RSI=74.5 BS=0.902;[PASS] ADX: ADX=37.39 [>22], DI+=45.16, DI-=6.56;[FAIL] CCI Momentum: CCI=241.18;[PASS] SAR: SAR=0.8552, price=0.8638;[FAIL] Stochastic: K=75.21 D=75.21;[PASS] EMA Rejection: Rejected;[FAIL] Resistance Test: No test;[PASS] Pullback: Detected;[FAIL] Double Top/Bottom: No pattern;[PASS] Range Filter: EMA diff=0.0155 [>0.005];[PASS] Combined Range Filter: diff=0.0155, ADX=37.39, mode=AND"
FIL-USDT,LONG,B1,هایپریون (Hyperion),0.86380000,0.82924800,0.00000000,2026-09-07 17:15:45,OPEN,,,,,,10.00,,"[FAIL] Candle Strength 15m: BS15=0.902 [too high - likely end of move];[FAIL] Candle Strength 5m: BS5=0.902 [too high];[PASS] EMA Trend 1h: EMA21=0.82, EMA50=0.80;[PASS] EMA Trend 4h: EMA21=0.80, EMA50=0.77, EMA200=0.73;[FAIL] RSI 30m: RSI=74.54;[PASS] MACD 30m: MACD_hist=0.0049;[FAIL] Smart Pullback: price=0.8638 EMA=0.8283 RSI=74.5 BS=0.902;[PASS] ADX: ADX=37.39 [>22], DI+=45.16, DI-=6.56;[FAIL] CCI Momentum: CCI=241.18;[PASS] SAR: SAR=0.8552, price=0.8638;[FAIL] Stochastic: K=75.21 D=75.21;[PASS] EMA Rejection: Rejected;[FAIL] Resistance Test: No test;[PASS] Pullback: Detected;[FAIL] Double Top/Bottom: No pattern;[PASS] Range Filter: EMA diff=0.0155 [>0.005];[PASS] Combined Range Filter: diff=0.0155, ADX=37.39, mode=OR"
INJ-USDT,LONG,S1,پرومتئوس (Prometheus),5.73700000,5.50752000,0.00000000,2026-09-07 17:15:47,OPEN,,,,,,10.00,,"[FAIL] Candle Strength 15m: BS15=1.000 [too high - likely end of move];[FAIL] Candle Strength 5m: BS5=1.000 [too high];[PASS] EMA Trend 1h: EMA21=5.49, EMA50=5.28;[PASS] EMA Trend 4h: EMA21=5.20, EMA50=5.09, EMA200=4.91;[PASS] RSI 30m: RSI=64.73;[FAIL] MACD 30m: MACD_hist=0.0010;[FAIL] Smart Pullback: price=5.7370 EMA=5.6169 RSI=64.7 BS=1.000;[PASS] ADX: ADX=55.11 [>22], DI+=33.28, DI-=6.25;[FAIL] CCI Momentum: CCI=144.44;[PASS] SAR: SAR=5.7222, price=5.7370;[FAIL] Stochastic: K=80.21 D=80.21;[FAIL] EMA Rejection: No rejection;[FAIL] Resistance Test: No test;[PASS] Pullback: Detected;[FAIL] Double Top/Bottom: No pattern;[PASS] Range Filter: EMA diff=0.0294 [>0.005];[PASS] Combined Range Filter: diff=0.0294, ADX=55.11, mode=AND"
INJ-USDT,LONG,S3,کرونوس (Cronus),5.73700000,5.50752000,0.00000000,2026-09-07 17:15:49,OPEN,,,,,,10.00,,"[FAIL] Candle Strength 15m: BS15=1.000 [too high - likely end of move];[FAIL] Candle Strength 5m: BS5=1.000 [too high];[PASS] EMA Trend 1h: EMA21=5.49, EMA50=5.28;[PASS] EMA Trend 4h: EMA21=5.20, EMA50=5.09, EMA200=4.91;[PASS] RSI 30m: RSI=64.73;[FAIL] MACD 30m: MACD_hist=0.0010;[FAIL] Smart Pullback: price=5.7370 EMA=5.6169 RSI=64.7 BS=1.000;[PASS] ADX: ADX=55.11 [>22], DI+=33.28, DI-=6.25;[FAIL] CCI Momentum: CCI=144.44;[PASS] SAR: SAR=5.7222, price=5.7370;[FAIL] Stochastic: K=80.21 D=80.21;[FAIL] EMA Rejection: No rejection;[FAIL] Resistance Test: No test;[PASS] Pullback: Detected;[FAIL] Double Top/Bottom: No pattern;[PASS] Range Filter: EMA diff=0.0294 [>0.005];[PASS] Combined Range Filter: diff=0.0294, ADX=55.11, mode=AND"
INJ-USDT,LONG,B1,هایپریون (Hyperion),5.73700000,5.50752000,0.00000000,2026-09-07 17:15:50,OPEN,,,,,,10.00,,"[FAIL] Candle Strength 15m: BS15=1.000 [too high - likely end of move];[FAIL] Candle Strength 5m: BS5=1.000 [too high];[PASS] EMA Trend 1h: EMA21=5.49, EMA50=5.28;[PASS] EMA Trend 4h: EMA21=5.20, EMA50=5.09, EMA200=4.91;[PASS] RSI 30m: RSI=64.73;[FAIL] MACD 30m: MACD_hist=0.0010;[FAIL] Smart Pullback: price=5.7370 EMA=5.6169 RSI=64.7 BS=1.000;[PASS] ADX: ADX=55.11 [>22], DI+=33.28, DI-=6.25;[FAIL] CCI Momentum: CCI=144.44;[PASS] SAR: SAR=5.7222, price=5.7370;[FAIL] Stochastic: K=80.21 D=80.21;[FAIL] EMA Rejection: No rejection;[FAIL] Resistance Test: No test;[PASS] Pullback: Detected;[FAIL] Double Top/Bottom: No pattern;[PASS] Range Filter: EMA diff=0.0294 [>0.005];[PASS] Combined Range Filter: diff=0.0294, ADX=55.11, mode=OR"
TIA-USDT,LONG,S3,کرونوس (Cronus),0.43630000,0.41884800,0.00000000,2026-09-07 17:15:52,OPEN,,,,,,10.00,,"[FAIL] Candle Strength 15m: BS15=0.600 [>= 0.6];[FAIL] Candle Strength 5m: BS5=0.600 [>= 0.6];[PASS] EMA Trend 1h: EMA21=0.43, EMA50=0.41;[PASS] EMA Trend 4h: EMA21=0.40, EMA50=0.38, EMA200=0.35;[PASS] RSI 30m: RSI=54.74;[FAIL] MACD 30m: MACD_hist=-0.0002;[FAIL] Smart Pullback: price=0.4363 EMA=0.4324 RSI=54.7 BS=0.600;[FAIL] ADX: ADX=18.58 [>22], DI+=23.59, DI-=16.90;[FAIL] CCI Momentum: CCI=131.34;[PASS] SAR: SAR=0.4349, price=0.4363;[FAIL] Stochastic: K=70.93 D=70.93;[PASS] EMA Rejection: Rejected;[FAIL] Resistance Test: No test;[PASS] Pullback: Detected;[PASS] Double Top/Bottom: Pattern=double_top;[PASS] Range Filter: EMA diff=0.0216 [>0.005];[PASS] Combined Range Filter: diff=0.0216, ADX=18.58, mode=AND"
TIA-USDT,LONG,B1,هایپریون (Hyperion),0.43630000,0.41884800,0.00000000,2026-09-07 17:15:53,OPEN,,,,,,10.00,,"[FAIL] Candle Strength 15m: BS15=0.600 [>= 0.6];[FAIL] Candle Strength 5m: BS5=0.600 [>= 0.6];[PASS] EMA Trend 1h: EMA21=0.43, EMA50=0.41;[PASS] EMA Trend 4h: EMA21=0.40, EMA50=0.38, EMA200=0.35;[PASS] RSI 30m: RSI=54.74;[FAIL] MACD 30m: MACD_hist=-0.0002;[FAIL] Smart Pullback: price=0.4363 EMA=0.4324 RSI=54.7 BS=0.600;[FAIL] ADX: ADX=18.58 [>22], DI+=23.59, DI-=16.90;[FAIL] CCI Momentum: CCI=131.34;[PASS] SAR: SAR=0.4349, price=0.4363;[FAIL] Stochastic: K=70.93 D=70.93;[PASS] EMA Rejection: Rejected;[FAIL] Resistance Test: No test;[PASS] Pullback: Detected;[PASS] Double Top/Bottom: Pattern=double_top;[PASS] Range Filter: EMA diff=0.0216 [>0.005];[FAIL] Combined Range Filter: diff=0.0216, ADX=18.58, mode=OR"
OP-USDT,LONG,S3,کرونوس (Cronus),0.11100000,0.10656000,0.00000000,2026-09-07 17:15:55,OPEN,,,,,,10.00,,"[FAIL] Candle Strength 15m: BS15=0.000 [>= 0.6];[FAIL] Candle Strength 5m: BS5=0.000 [>= 0.6];[PASS] EMA Trend 1h: EMA21=0.11, EMA50=0.11;[PASS] EMA Trend 4h: EMA21=0.11, EMA50=0.10, EMA200=0.09;[PASS] RSI 30m: RSI=56.11;[FAIL] MACD 30m: MACD_hist=0.0003;[FAIL] Smart Pullback: price=0.1110 EMA=0.1100 RSI=56.1 BS=0.000;[PASS] ADX: ADX=23.68 [>22], DI+=30.26, DI-=14.13;[FAIL] CCI Momentum: CCI=154.40;[PASS] SAR: SAR=0.1109, price=0.1110;[FAIL] Stochastic: K=72.55 D=72.55;[PASS] EMA Rejection: Rejected;[PASS] Resistance Test: Tested;[PASS] Pullback: Detected;[PASS] Double Top/Bottom: Pattern=double_bottom;[PASS] Range Filter: EMA diff=0.0055 [>0.005];[PASS] Combined Range Filter: diff=0.0055, ADX=23.68, mode=AND"
OP-USDT,LONG,B1,هایپریون (Hyperion),0.11100000,0.10656000,0.00000000,2026-09-07 17:16:13,OPEN,,,,,,10.00,,"[FAIL] Candle Strength 15m: BS15=0.000 [>= 0.6];[FAIL] Candle Strength 5m: BS5=0.000 [>= 0.6];[PASS] EMA Trend 1h: EMA21=0.11, EMA50=0.11;[PASS] EMA Trend 4h: EMA21=0.11, EMA50=0.10, EMA200=0.09;[PASS] RSI 30m: RSI=56.11;[FAIL] MACD 30m: MACD_hist=0.0003;[FAIL] Smart Pullback: price=0.1110 EMA=0.1100 RSI=56.1 BS=0.000;[PASS] ADX: ADX=23.68 [>22], DI+=30.26, DI-=14.13;[FAIL] CCI Momentum: CCI=154.40;[PASS] SAR: SAR=0.1109, price=0.1110;[FAIL] Stochastic: K=72.55 D=72.55;[PASS] EMA Rejection: Rejected;[PASS] Resistance Test: Tested;[PASS] Pullback: Detected;[PASS] Double Top/Bottom: Pattern=double_bottom;[PASS] Range Filter: EMA diff=0.0055 [>0.005];[PASS] Combined Range Filter: diff=0.0055, ADX=23.68, mode=OR"
PEPE-USDT,LONG,S3,کرونوس (Cronus),0.00000366,0.00000351,0.00000000,2026-09-07 17:16:23,OPEN,,,,,,10.00,,"[FAIL] Candle Strength 15m: BS15=0.002 [>= 0.6];[FAIL] Candle Strength 5m: BS5=0.002 [>= 0.6];[PASS] EMA Trend 1h: EMA21=0.00, EMA50=0.00;[PASS] EMA Trend 4h: EMA21=0.00, EMA50=0.00, EMA200=0.00;[PASS] RSI 30m: RSI=58.48;[FAIL] MACD 30m: MACD_hist=0.0000;[FAIL] Smart Pullback: price=0.0000 EMA=0.0000 RSI=58.5 BS=0.200;[FAIL] ADX: ADX=16.90 [>22], DI+=31.99, DI-=20.07;[FAIL] CCI Momentum: CCI=159.47;[PASS] SAR: SAR=0.0000, price=0.0000;[FAIL] Stochastic: K=70.69 D=70.69;[PASS] EMA Rejection: Rejected;[FAIL] Resistance Test: No test;[PASS] Pullback: Detected;[PASS] Double Top/Bottom: Pattern=double_bottom;[FAIL] Range Filter: EMA diff=0.0020 [>0.005];[FAIL] Combined Range Filter: diff=0.0020, ADX=16.90, mode=AND"
PEPE-USDT,LONG,B1,هایپریون (Hyperion),0.00000366,0.00000351,0.00000000,2026-09-07 17:16:24,OPEN,,,,,,10.00,,"[FAIL] Candle Strength 15m: BS15=0.002 [>= 0.6];[FAIL] Candle Strength 5m: BS5=0.002 [>= 0.6];[PASS] EMA Trend 1h: EMA21=0.00, EMA50=0.00;[PASS] EMA Trend 4h: EMA21=0.00, EMA50=0.00, EMA200=0.00;[PASS] RSI 30m: RSI=58.48;[FAIL] MACD 30m: MACD_hist=0.0000;[FAIL] Smart Pullback: price=0.0000 EMA=0.0000 RSI=58.5 BS=0.200;[FAIL] ADX: ADX=16.90 [>22], DI+=31.99, DI-=20.07;[FAIL] CCI Momentum: CCI=159.47;[PASS] SAR: SAR=0.0000, price=0.0000;[FAIL] Stochastic: K=70.69 D=70.69;[PASS] EMA Rejection: Rejected;[FAIL] Resistance Test: No test;[PASS] Pullback: Detected;[PASS] Double Top/Bottom: Pattern=double_bottom;[FAIL] Range Filter: EMA diff=0.0020 [>0.005];[FAIL] Combined Range Filter: diff=0.0020, ADX=16.90, mode=OR"
BTC-USDT,SHORT,S3,کرونوس (Cronus),79137.50000000,82303.00000000,0.00000000,2026-09-07 17:48:23,OPEN,,,,,,10.00,,"[FAIL] Candle Strength 15m: BS15=0.410 [>= 0.6];[FAIL] Candle Strength 5m: BS5=0.396 [>= 0.6];[PASS] EMA Trend 1h: EMA21=79591.32, EMA50=79694.91;[FAIL] EMA Trend 4h: EMA21=79598.16, EMA50=79060.79, EMA200=72947.68;[FAIL] RSI 30m: RSI=34.57;[PASS] MACD 30m: MACD_hist=-6.4069;[FAIL] Smart Pullback: price=79137.5000 EMA=79518.1612 RSI=34.6 BS=0.410;[PASS] ADX: ADX=23.24 [>22], DI+=16.07, DI-=36.03;[FAIL] CCI Momentum: CCI=-147.86;[PASS] SAR: SAR=79319.9080, price=79137.5000;[FAIL] Stochastic: K=21.32 D=21.32;[PASS] EMA Rejection: Rejected;[PASS] Resistance Test: Tested;[PASS] Pullback: Detected;[PASS] Double Top/Bottom: Pattern=double_top;[FAIL] Range Filter: EMA diff=0.0018 [>0.005];[PASS] Combined Range Filter: diff=0.0018, ADX=23.24, mode=AND"
DOT-USDT,LONG,S3,کرونوس (Cronus),1.06840000,1.02566400,0.00000000,2026-09-07 17:48:27,OPEN,,,,,,10.00,,"[FAIL] Candle Strength 15m: BS15=0.830 [too high - likely end of move];[PASS] Candle Strength 5m: BS5=0.798 [>= 0.6];[PASS] EMA Trend 1h: EMA21=0.99, EMA50=0.96;[PASS] EMA Trend 4h: EMA21=0.95, EMA50=0.91, EMA200=0.85;[FAIL] RSI 30m: RSI=78.01;[PASS] MACD 30m: MACD_hist=0.0095;[FAIL] Smart Pullback: price=1.0684 EMA=1.0016 RSI=78.0 BS=0.830;[PASS] ADX: ADX=30.62 [>22], DI+=47.98, DI-=10.11;[FAIL] CCI Momentum: CCI=256.93;[PASS] SAR: SAR=1.0298, price=1.0684;[FAIL] Stochastic: K=92.40 D=92.40;[PASS] EMA Rejection: Rejected;[FAIL] Resistance Test: No test;[PASS] Pullback: Detected;[FAIL] Double Top/Bottom: No pattern;[PASS] Range Filter: EMA diff=0.0181 [>0.005];[PASS] Combined Range Filter: diff=0.0181, ADX=30.62, mode=AND"
DOT-USDT,LONG,B1,هایپریون (Hyperion),1.06840000,1.02566400,0.00000000,2026-09-07 17:48:29,OPEN,,,,,,10.00,,"[FAIL] Candle Strength 15m: BS15=0.830 [too high - likely end of move];[PASS] Candle Strength 5m: BS5=0.798 [>= 0.6];[PASS] EMA Trend 1h: EMA21=0.99, EMA50=0.96;[PASS] EMA Trend 4h: EMA21=0.95, EMA50=0.91, EMA200=0.85;[FAIL] RSI 30m: RSI=78.01;[PASS] MACD 30m: MACD_hist=0.0095;[FAIL] Smart Pullback: price=1.0684 EMA=1.0016 RSI=78.0 BS=0.830;[PASS] ADX: ADX=30.62 [>22], DI+=47.98, DI-=10.11;[FAIL] CCI Momentum: CCI=256.93;[PASS] SAR: SAR=1.0298, price=1.0684;[FAIL] Stochastic: K=92.40 D=92.40;[PASS] EMA Rejection: Rejected;[FAIL] Resistance Test: No test;[PASS] Pullback: Detected;[FAIL] Double Top/Bottom: No pattern;[PASS] Range Filter: EMA diff=0.0181 [>0.005];[PASS] Combined Range Filter: diff=0.0181, ADX=30.62, mode=OR"
AVAX-USDT,LONG,S3,کرونوس (Cronus),8.05500000,7.73280000,0.00000000,2026-09-07 17:48:31,OPEN,,,,,,10.00,,"[PASS] Candle Strength 15m: BS15=0.688 [>= 0.6];[PASS] Candle Strength 5m: BS5=0.688 [>= 0.6];[PASS] EMA Trend 1h: EMA21=7.87, EMA50=7.74;[PASS] EMA Trend 4h: EMA21=7.66, EMA50=7.50, EMA200=7.06;[FAIL] RSI 30m: RSI=66.78;[PASS] MACD 30m: MACD_hist=0.0184;[FAIL] Smart Pullback: price=8.0550 EMA=7.9195 RSI=66.8 BS=0.688;[PASS] ADX: ADX=31.81 [>22], DI+=39.64, DI-=14.42;[FAIL] CCI Momentum: CCI=157.13;[PASS] SAR: SAR=8.0309, price=8.0550;[FAIL] Stochastic: K=82.35 D=82.35;[PASS] EMA Rejection: Rejected;[FAIL] Resistance Test: No test;[PASS] Pullback: Detected;[FAIL] Double Top/Bottom: No pattern;[PASS] Range Filter: EMA diff=0.0108 [>0.005];[PASS] Combined Range Filter: diff=0.0108, ADX=31.81, mode=AND"
AVAX-USDT,LONG,B1,هایپریون (Hyperion),8.05500000,7.73280000,0.00000000,2026-09-07 17:48:33,OPEN,,,,,,10.00,,"[PASS] Candle Strength 15m: BS15=0.688 [>= 0.6];[PASS] Candle Strength 5m: BS5=0.688 [>= 0.6];[PASS] EMA Trend 1h: EMA21=7.87, EMA50=7.74;[PASS] EMA Trend 4h: EMA21=7.66, EMA50=7.50, EMA200=7.06;[FAIL] RSI 30m: RSI=66.78;[PASS] MACD 30m: MACD_hist=0.0184;[FAIL] Smart Pullback: price=8.0550 EMA=7.9195 RSI=66.8 BS=0.688;[PASS] ADX: ADX=31.81 [>22], DI+=39.64, DI-=14.42;[FAIL] CCI Momentum: CCI=157.13;[PASS] SAR: SAR=8.0309, price=8.0550;[FAIL] Stochastic: K=82.35 D=82.35;[PASS] EMA Rejection: Rejected;[FAIL] Resistance Test: No test;[PASS] Pullback: Detected;[FAIL] Double Top/Bottom: No pattern;[PASS] Range Filter: EMA diff=0.0108 [>0.005];[PASS] Combined Range Filter: diff=0.0108, ADX=31.81, mode=OR"
OP-USDT,LONG,S3,کرونوس (Cronus),0.11150000,0.10704000,0.00000000,2026-09-07 17:48:36,OPEN,,,,,,10.00,,"[FAIL] Candle Strength 15m: BS15=1.000 [too high - likely end of move];[FAIL] Candle Strength 5m: BS5=1.000 [too high];[PASS] EMA Trend 1h: EMA21=0.11, EMA50=0.11;[PASS] EMA Trend 4h: EMA21=0.11, EMA50=0.10, EMA200=0.09;[PASS] RSI 30m: RSI=59.05;[FAIL] MACD 30m: MACD_hist=0.0003;[FAIL] Smart Pullback: price=0.1115 EMA=0.1102 RSI=59.1 BS=1.000;[PASS] ADX: ADX=24.59 [>22], DI+=28.40, DI-=13.26;[FAIL] CCI Momentum: CCI=120.62;[PASS] SAR: SAR=0.1104, price=0.1115;[FAIL] Stochastic: K=82.35 D=82.35;[FAIL] EMA Rejection: No rejection;[PASS] Resistance Test: Tested;[PASS] Pullback: Detected;[FAIL] Double Top/Bottom: No pattern;[PASS] Range Filter: EMA diff=0.0063 [>0.005];[PASS] Combined Range Filter: diff=0.0063, ADX=24.59, mode=AND"
OP-USDT,LONG,B1,هایپریون (Hyperion),0.11150000,0.10704000,0.00000000,2026-09-07 17:48:38,OPEN,,,,,,10.00,,"[FAIL] Candle Strength 15m: BS15=1.000 [too high - likely end of move];[FAIL] Candle Strength 5m: BS5=1.000 [too high];[PASS] EMA Trend 1h: EMA21=0.11, EMA50=0.11;[PASS] EMA Trend 4h: EMA21=0.11, EMA50=0.10, EMA200=0.09;[PASS] RSI 30m: RSI=59.05;[FAIL] MACD 30m: MACD_hist=0.0003;[FAIL] Smart Pullback: price=0.1115 EMA=0.1102 RSI=59.1 BS=1.000;[PASS] ADX: ADX=24.59 [>22], DI+=28.40, DI-=13.26;[FAIL] CCI Momentum: CCI=120.62;[PASS] SAR: SAR=0.1104, price=0.1115;[FAIL] Stochastic: K=82.35 D=82.35;[FAIL] EMA Rejection: No rejection;[PASS] Resistance Test: Tested;[PASS] Pullback: Detected;[FAIL] Double Top/Bottom: No pattern;[PASS] Range Filter: EMA diff=0.0063 [>0.005];[PASS] Combined Range Filter: diff=0.0063, ADX=24.59, mode=OR"
BTC-USDT,SHORT,S2,ایاپتوس (Iapetus),79047.70000000,82209.60800000,0.00000000,2026-09-07 18:15:13,OPEN,,,,,,10.00,,"[FAIL] Candle Strength 15m: BS15=1.000 [too high - likely end of move];[FAIL] Candle Strength 5m: BS5=1.000 [too high];[PASS] EMA Trend 1h: EMA21=79583.16, EMA50=79691.39;[FAIL] EMA Trend 4h: EMA21=79590.40, EMA50=79057.44, EMA200=72946.83;[FAIL] RSI 30m: RSI=32.56;[PASS] MACD 30m: MACD_hist=-26.7718;[FAIL] Smart Pullback: price=79047.7000 EMA=79468.8300 RSI=32.6 BS=1.000;[PASS] ADX: ADX=25.00 [>22], DI+=14.85, DI-=38.98;[FAIL] CCI Momentum: CCI=-205.16;[PASS] SAR: SAR=79053.3860, price=79047.7000;[FAIL] Stochastic: K=10.49 D=10.49;[PASS] EMA Rejection: Rejected;[PASS] Resistance Test: Tested;[PASS] Pullback: Detected;[PASS] Double Top/Bottom: Pattern=double_top;[FAIL] Range Filter: EMA diff=0.0021 [>0.005];[PASS] Combined Range Filter: diff=0.0021, ADX=25.00, mode=AND"
BNB-USDT,SHORT,S3,کرونوس (Cronus),742.26300000,771.95352000,0.00000000,2026-09-07 18:15:15,OPEN,,,,,,10.00,,"[FAIL] Candle Strength 15m: BS15=0.947 [too high - likely end of move];[FAIL] Candle Strength 5m: BS5=0.947 [too high];[PASS] EMA Trend 1h: EMA21=747.21, EMA50=747.27;[FAIL] EMA Trend 4h: EMA21=741.33, EMA50=723.88, EMA200=664.19;[PASS] RSI 30m: RSI=38.15;[FAIL] MACD 30m: MACD_hist=0.1033;[FAIL] Smart Pullback: price=742.2630 EMA=745.4377 RSI=38.2 BS=0.947;[FAIL] ADX: ADX=12.19 [>22], DI+=19.36, DI-=30.70;[FAIL] CCI Momentum: CCI=-122.33;[PASS] SAR: SAR=743.2877, price=742.2630;[FAIL] Stochastic: K=17.24 D=17.24;[PASS] EMA Rejection: Rejected;[PASS] Resistance Test: Tested;[PASS] Pullback: Detected;[PASS] Double Top/Bottom: Pattern=double_top;[FAIL] Range Filter: EMA diff=0.0033 [>0.005];[PASS] Combined Range Filter: diff=0.0033, ADX=12.19, mode=AND"
LINK-USDT,LONG,B1,هایپریون (Hyperion),12.95430000,12.43612800,0.00000000,2026-09-07 18:15:19,OPEN,,,,,,10.00,,"[FAIL] Candle Strength 15m: BS15=0.583 [>= 0.6];[FAIL] Candle Strength 5m: BS5=0.583 [>= 0.6];[PASS] EMA Trend 1h: EMA21=13.03, EMA50=12.65;[PASS] EMA Trend 4h: EMA21=12.37, EMA50=11.93, EMA200=10.48;[FAIL] RSI 30m: RSI=40.48;[FAIL] MACD 30m: MACD_hist=-0.0610;[FAIL] Smart Pullback: price=12.9543 EMA=13.1658 RSI=40.5 BS=0.583;[FAIL] ADX: ADX=29.76 [>22], DI+=25.32, DI-=30.12;[FAIL] CCI Momentum: CCI=-204.65;[PASS] SAR: SAR=12.9055, price=12.9543;[FAIL] Stochastic: K=7.91 D=7.91;[PASS] EMA Rejection: Rejected;[PASS] Resistance Test: Tested;[FAIL] Pullback: No pullback;[PASS] Double Top/Bottom: Pattern=double_top;[PASS] Range Filter: EMA diff=0.0153 [>0.005];[PASS] Combined Range Filter: diff=0.0153, ADX=29.76, mode=OR"
ATOM-USDT,LONG,S1,پرومتئوس (Prometheus),1.66280000,1.59628800,0.00000000,2026-09-07 18:15:21,OPEN,,,,,,10.00,,"[FAIL] Candle Strength 15m: BS15=1.000 [too high - likely end of move];[FAIL] Candle Strength 5m: BS5=1.000 [too high];[PASS] EMA Trend 1h: EMA21=1.62, EMA50=1.59;[PASS] EMA Trend 4h: EMA21=1.57, EMA50=1.54, EMA200=1.46;[PASS] RSI 30m: RSI=64.05;[PASS] MACD 30m: MACD_hist=0.0043;[FAIL] Smart Pullback: price=1.6628 EMA=1.6342 RSI=64.0 BS=1.000;[PASS] ADX: ADX=37.77 [>22], DI+=39.08, DI-=12.30;[FAIL] CCI Momentum: CCI=120.39;[FAIL] SAR: SAR=1.6652, price=1.6628;[FAIL] Stochastic: K=63.66 D=63.66;[FAIL] EMA Rejection: No rejection;[FAIL] Resistance Test: No test;[PASS] Pullback: Detected;[FAIL] Double Top/Bottom: No pattern;[PASS] Range Filter: EMA diff=0.0136 [>0.005];[PASS] Combined Range Filter: diff=0.0136, ADX=37.77, mode=AND"
FIL-USDT,LONG,S1,پرومتئوس (Prometheus),0.84690000,0.81302400,0.00000000,2026-09-07 18:15:23,OPEN,,,,,,10.00,,"[FAIL] Candle Strength 15m: BS15=1.000 [too high - likely end of move];[FAIL] Candle Strength 5m: BS5=1.000 [too high];[PASS] EMA Trend 1h: EMA21=0.82, EMA50=0.81;[PASS] EMA Trend 4h: EMA21=0.80, EMA50=0.77, EMA200=0.73;[PASS] RSI 30m: RSI=61.48;[PASS] MACD 30m: MACD_hist=0.0029;[FAIL] Smart Pullback: price=0.8469 EMA=0.8317 RSI=61.5 BS=1.000;[PASS] ADX: ADX=39.78 [>22], DI+=38.03, DI-=12.69;[PASS] CCI Momentum: CCI=96.85;[FAIL] SAR: SAR=0.8500, price=0.8469;[FAIL] Stochastic: K=48.04 D=48.04;[FAIL] EMA Rejection: No rejection;[PASS] Resistance Test: Tested;[PASS] Pullback: Detected;[FAIL] Double Top/Bottom: No pattern;[PASS] Range Filter: EMA diff=0.0168 [>0.005];[PASS] Combined Range Filter: diff=0.0168, ADX=39.78, mode=AND"
INJ-USDT,LONG,S1,پرومتئوس (Prometheus),5.69800000,5.47008000,0.00000000,2026-09-07 18:15:25,OPEN,,,,,,10.00,,"[FAIL] Candle Strength 15m: BS15=1.000 [too high - likely end of move];[FAIL] Candle Strength 5m: BS5=1.000 [too high];[PASS] EMA Trend 1h: EMA21=5.50, EMA50=5.29;[PASS] EMA Trend 4h: EMA21=5.20, EMA50=5.09, EMA200=4.91;[PASS] RSI 30m: RSI=58.65;[FAIL] MACD 30m: MACD_hist=-0.0054;[FAIL] Smart Pullback: price=5.6980 EMA=5.6344 RSI=58.7 BS=1.000;[PASS] ADX: ADX=51.85 [>22], DI+=26.98, DI-=13.76;[PASS] CCI Momentum: CCI=70.99;[FAIL] SAR: SAR=5.7111, price=5.6980;[FAIL] Stochastic: K=59.15 D=59.15;[FAIL] EMA Rejection: No rejection;[FAIL] Resistance Test: No test;[PASS] Pullback: Detected;[FAIL] Double Top/Bottom: No pattern;[PASS] Range Filter: EMA diff=0.0290 [>0.005];[PASS] Combined Range Filter: diff=0.0290, ADX=51.85, mode=AND"
INJ-USDT,LONG,S3,کرونوس (Cronus),5.69800000,5.47008000,0.00000000,2026-09-07 18:15:27,OPEN,,,,,,10.00,,"[FAIL] Candle Strength 15m: BS15=1.000 [too high - likely end of move];[FAIL] Candle Strength 5m: BS5=1.000 [too high];[PASS] EMA Trend 1h: EMA21=5.50, EMA50=5.29;[PASS] EMA Trend 4h: EMA21=5.20, EMA50=5.09, EMA200=4.91;[PASS] RSI 30m: RSI=58.65;[FAIL] MACD 30m: MACD_hist=-0.0054;[FAIL] Smart Pullback: price=5.6980 EMA=5.6344 RSI=58.7 BS=1.000;[PASS] ADX: ADX=51.85 [>22], DI+=26.98, DI-=13.76;[PASS] CCI Momentum: CCI=70.99;[FAIL] SAR: SAR=5.7111, price=5.6980;[FAIL] Stochastic: K=59.15 D=59.15;[FAIL] EMA Rejection: No rejection;[FAIL] Resistance Test: No test;[PASS] Pullback: Detected;[FAIL] Double Top/Bottom: No pattern;[PASS] Range Filter: EMA diff=0.0290 [>0.005];[PASS] Combined Range Filter: diff=0.0290, ADX=51.85, mode=AND"
INJ-USDT,LONG,B1,هایپریون (Hyperion),5.69800000,5.47008000,0.00000000,2026-09-07 18:15:29,OPEN,,,,,,10.00,,"[FAIL] Candle Strength 15m: BS15=1.000 [too high - likely end of move];[FAIL] Candle Strength 5m: BS5=1.000 [too high];[PASS] EMA Trend 1h: EMA21=5.50, EMA50=5.29;[PASS] EMA Trend 4h: EMA21=5.20, EMA50=5.09, EMA200=4.91;[PASS] RSI 30m: RSI=58.65;[FAIL] MACD 30m: MACD_hist=-0.0054;[FAIL] Smart Pullback: price=5.6980 EMA=5.6344 RSI=58.7 BS=1.000;[PASS] ADX: ADX=51.85 [>22], DI+=26.98, DI-=13.76;[PASS] CCI Momentum: CCI=70.99;[FAIL] SAR: SAR=5.7111, price=5.6980;[FAIL] Stochastic: K=59.15 D=59.15;[FAIL] EMA Rejection: No rejection;[FAIL] Resistance Test: No test;[PASS] Pullback: Detected;[FAIL] Double Top/Bottom: No pattern;[PASS] Range Filter: EMA diff=0.0290 [>0.005];[PASS] Combined Range Filter: diff=0.0290, ADX=51.85, mode=OR"
OP-USDT,LONG,S1,پرومتئوس (Prometheus),0.11160000,0.10713600,0.00000000,2026-09-07 18:15:32,OPEN,,,,,,10.00,,"[FAIL] Candle Strength 15m: BS15=0.000 [>= 0.6];[FAIL] Candle Strength 5m: BS5=0.000 [>= 0.6];[PASS] EMA Trend 1h: EMA21=0.11, EMA50=0.11;[PASS] EMA Trend 4h: EMA21=0.11, EMA50=0.10, EMA200=0.09;[PASS] RSI 30m: RSI=59.42;[FAIL] MACD 30m: MACD_hist=0.0003;[FAIL] Smart Pullback: price=0.1116 EMA=0.1104 RSI=59.4 BS=0.000;[PASS] ADX: ADX=25.43 [>22], DI+=26.11, DI-=12.19;[FAIL] CCI Momentum: CCI=124.61;[PASS] SAR: SAR=0.1106, price=0.1116;[FAIL] Stochastic: K=81.40 D=81.40;[FAIL] EMA Rejection: No rejection;[PASS] Resistance Test: Tested;[PASS] Pullback: Detected;[FAIL] Double Top/Bottom: No pattern;[PASS] Range Filter: EMA diff=0.0068 [>0.005];[PASS] Combined Range Filter: diff=0.0068, ADX=25.43, mode=AND"
OP-USDT,LONG,S3,کرونوس (Cronus),0.11160000,0.10713600,0.00000000,2026-09-07 18:15:33,OPEN,,,,,,10.00,,"[FAIL] Candle Strength 15m: BS15=0.000 [>= 0.6];[FAIL] Candle Strength 5m: BS5=0.000 [>= 0.6];[PASS] EMA Trend 1h: EMA21=0.11, EMA50=0.11;[PASS] EMA Trend 4h: EMA21=0.11, EMA50=0.10, EMA200=0.09;[PASS] RSI 30m: RSI=59.42;[FAIL] MACD 30m: MACD_hist=0.0003;[FAIL] Smart Pullback: price=0.1116 EMA=0.1104 RSI=59.4 BS=0.000;[PASS] ADX: ADX=25.43 [>22], DI+=26.11, DI-=12.19;[FAIL] CCI Momentum: CCI=124.61;[PASS] SAR: SAR=0.1106, price=0.1116;[FAIL] Stochastic: K=81.40 D=81.40;[FAIL] EMA Rejection: No rejection;[PASS] Resistance Test: Tested;[PASS] Pullback: Detected;[FAIL] Double Top/Bottom: No pattern;[PASS] Range Filter: EMA diff=0.0068 [>0.005];[PASS] Combined Range Filter: diff=0.0068, ADX=25.43, mode=AND"
OP-USDT,LONG,B1,هایپریون (Hyperion),0.11160000,0.10713600,0.00000000,2026-09-07 18:15:35,OPEN,,,,,,10.00,,"[FAIL] Candle Strength 15m: BS15=0.000 [>= 0.6];[FAIL] Candle Strength 5m: BS5=0.000 [>= 0.6];[PASS] EMA Trend 1h: EMA21=0.11, EMA50=0.11;[PASS] EMA Trend 4h: EMA21=0.11, EMA50=0.10, EMA200=0.09;[PASS] RSI 30m: RSI=59.42;[FAIL] MACD 30m: MACD_hist=0.0003;[FAIL] Smart Pullback: price=0.1116 EMA=0.1104 RSI=59.4 BS=0.000;[PASS] ADX: ADX=25.43 [>22], DI+=26.11, DI-=12.19;[FAIL] CCI Momentum: CCI=124.61;[PASS] SAR: SAR=0.1106, price=0.1116;[FAIL] Stochastic: K=81.40 D=81.40;[FAIL] EMA Rejection: No rejection;[PASS] Resistance Test: Tested;[PASS] Pullback: Detected;[FAIL] Double Top/Bottom: No pattern;[PASS] Range Filter: EMA diff=0.0068 [>0.005];[PASS] Combined Range Filter: diff=0.0068, ADX=25.43, mode=OR"
BNB-USDT,SHORT,S3,کرونوس (Cronus),739.55500000,769.13720000,0.00000000,2026-09-07 18:47:27,OPEN,,,,,,10.00,,"[FAIL] Candle Strength 15m: BS15=0.448 [>= 0.6];[FAIL] Candle Strength 5m: BS5=0.448 [>= 0.6];[PASS] EMA Trend 1h: EMA21=746.62, EMA50=747.02;[FAIL] EMA Trend 4h: EMA21=741.08, EMA50=723.77, EMA200=664.16;[FAIL] RSI 30m: RSI=32.64;[PASS] MACD 30m: MACD_hist=-0.1351;[FAIL] Smart Pullback: price=739.5550 EMA=745.0061 RSI=32.6 BS=0.448;[FAIL] ADX: ADX=13.74 [>22], DI+=16.55, DI-=33.55;[FAIL] CCI Momentum: CCI=-197.82;[PASS] SAR: SAR=741.1107, price=739.5550;[FAIL] Stochastic: K=11.67 D=11.67;[PASS] EMA Rejection: Rejected;[PASS] Resistance Test: Tested;[PASS] Pullback: Detected;[PASS] Double Top/Bottom: Pattern=double_top;[FAIL] Range Filter: EMA diff=0.0035 [>0.005];[PASS] Combined Range Filter: diff=0.0035, ADX=13.74, mode=AND"
XRP-USDT,SHORT,S3,کرونوس (Cronus),1.39076000,1.44639040,0.00000000,2026-09-07 18:47:29,OPEN,,,,,,10.00,,"[FAIL] Candle Strength 15m: BS15=0.566 [>= 0.6];[FAIL] Candle Strength 5m: BS5=0.566 [>= 0.6];[PASS] EMA Trend 1h: EMA21=1.41, EMA50=1.41;[FAIL] EMA Trend 4h: EMA21=1.41, EMA50=1.40, EMA200=1.26;[PASS] RSI 30m: RSI=36.71;[FAIL] MACD 30m: MACD_hist=-0.0006;[FAIL] Smart Pullback: price=1.3908 EMA=1.4031 RSI=36.7 BS=0.566;[FAIL] ADX: ADX=15.00 [>22], DI+=18.22, DI-=29.95;[FAIL] CCI Momentum: CCI=-146.34;[PASS] SAR: SAR=1.3910, price=1.3908;[FAIL] Stochastic: K=3.32 D=3.32;[PASS] EMA Rejection: Rejected;[FAIL] Resistance Test: No test;[PASS] Pullback: Detected;[PASS] Double Top/Bottom: Pattern=double_top;[FAIL] Range Filter: EMA diff=0.0032 [>0.005];[PASS] Combined Range Filter: diff=0.0032, ADX=15.00, mode=AND"
DOT-USDT,LONG,S3,کرونوس (Cronus),1.06730000,1.02460800,0.00000000,2026-09-07 18:47:31,OPEN,,,,,,10.00,,"[FAIL] Candle Strength 15m: BS15=0.350 [>= 0.6];[FAIL] Candle Strength 5m: BS5=0.350 [>= 0.6];[PASS] EMA Trend 1h: EMA21=1.00, EMA50=0.97;[PASS] EMA Trend 4h: EMA21=0.95, EMA50=0.91, EMA200=0.85;[FAIL] RSI 30m: RSI=77.35;[PASS] MACD 30m: MACD_hist=0.0093;[FAIL] Smart Pullback: price=1.0673 EMA=1.0122 RSI=77.4 BS=0.350;[PASS] ADX: ADX=35.38 [>22], DI+=39.33, DI-=8.29;[FAIL] CCI Momentum: CCI=155.03;[PASS] SAR: SAR=1.0507, price=1.0673;[FAIL] Stochastic: K=90.50 D=90.50;[FAIL] EMA Rejection: No rejection;[FAIL] Resistance Test: No test;[PASS] Pullback: Detected;[FAIL] Double Top/Bottom: No pattern;[PASS] Range Filter: EMA diff=0.0223 [>0.005];[PASS] Combined Range Filter: diff=0.0223, ADX=35.38, mode=AND"
DOT-USDT,LONG,B1,هایپریون (Hyperion),1.06730000,1.02460800,0.00000000,2026-09-07 18:47:49,OPEN,,,,,,10.00,,"[FAIL] Candle Strength 15m: BS15=0.350 [>= 0.6];[FAIL] Candle Strength 5m: BS5=0.350 [>= 0.6];[PASS] EMA Trend 1h: EMA21=1.00, EMA50=0.97;[PASS] EMA Trend 4h: EMA21=0.95, EMA50=0.91, EMA200=0.85;[FAIL] RSI 30m: RSI=77.35;[PASS] MACD 30m: MACD_hist=0.0093;[FAIL] Smart Pullback: price=1.0673 EMA=1.0122 RSI=77.4 BS=0.350;[PASS] ADX: ADX=35.38 [>22], DI+=39.33, DI-=8.29;[FAIL] CCI Momentum: CCI=155.03;[PASS] SAR: SAR=1.0507, price=1.0673;[FAIL] Stochastic: K=90.50 D=90.50;[FAIL] EMA Rejection: No rejection;[FAIL] Resistance Test: No test;[PASS] Pullback: Detected;[FAIL] Double Top/Bottom: No pattern;[PASS] Range Filter: EMA diff=0.0223 [>0.005];[PASS] Combined Range Filter: diff=0.0223, ADX=35.38, mode=OR"
ADA-USDT,LONG,S3,کرونوس (Cronus),0.21930000,0.21052800,0.00000000,2026-09-07 18:48:02,OPEN,,,,,,10.00,,"[PASS] Candle Strength 15m: BS15=0.667 [>= 0.6];[PASS] Candle Strength 5m: BS5=0.667 [>= 0.6];[PASS] EMA Trend 1h: EMA21=0.22, EMA50=0.22;[PASS] EMA Trend 4h: EMA21=0.22, EMA50=0.21, EMA200=0.20;[FAIL] RSI 30m: RSI=46.70;[FAIL] MACD 30m: MACD_hist=0.0001;[PASS] Smart Pullback: price=0.2193 EMA=0.2205 RSI=46.7 BS=0.667;[FAIL] ADX: ADX=12.06 [>22], DI+=20.24, DI-=23.17;[PASS] CCI Momentum: CCI=10.80;[PASS] SAR: SAR=0.2189, price=0.2193;[FAIL] Stochastic: K=28.75 D=28.75;[PASS] EMA Rejection: Rejected;[FAIL] Resistance Test: No test;[PASS] Pullback: Detected;[PASS] Double Top/Bottom: Pattern=double_top;[FAIL] Range Filter: EMA diff=0.0018 [>0.005];[FAIL] Combined Range Filter: diff=0.0018, ADX=12.06, mode=AND"
ADA-USDT,LONG,B1,هایپریون (Hyperion),0.21930000,0.21052800,0.00000000,2026-09-07 18:48:04,OPEN,,,,,,10.00,,"[PASS] Candle Strength 15m: BS15=0.667 [>= 0.6];[PASS] Candle Strength 5m: BS5=0.667 [>= 0.6];[PASS] EMA Trend 1h: EMA21=0.22, EMA50=0.22;[PASS] EMA Trend 4h: EMA21=0.22, EMA50=0.21, EMA200=0.20;[FAIL] RSI 30m: RSI=46.70;[FAIL] MACD 30m: MACD_hist=0.0001;[PASS] Smart Pullback: price=0.2193 EMA=0.2205 RSI=46.7 BS=0.667;[FAIL] ADX: ADX=12.06 [>22], DI+=20.24, DI-=23.17;[PASS] CCI Momentum: CCI=10.80;[PASS] SAR: SAR=0.2189, price=0.2193;[FAIL] Stochastic: K=28.75 D=28.75;[PASS] EMA Rejection: Rejected;[FAIL] Resistance Test: No test;[PASS] Pullback: Detected;[PASS] Double Top/Bottom: Pattern=double_top;[FAIL] Range Filter: EMA diff=0.0018 [>0.005];[FAIL] Combined Range Filter: diff=0.0018, ADX=12.06, mode=OR"
LINK-USDT,LONG,B1,هایپریون (Hyperion),12.94140000,12.42374400,0.00000000,2026-09-07 18:48:07,OPEN,,,,,,10.00,,"[PASS] Candle Strength 15m: BS15=0.605 [>= 0.6];[PASS] Candle Strength 5m: BS5=0.605 [>= 0.6];[PASS] EMA Trend 1h: EMA21=13.03, EMA50=12.67;[PASS] EMA Trend 4h: EMA21=12.37, EMA50=11.93, EMA200=10.48;[FAIL] RSI 30m: RSI=40.81;[FAIL] MACD 30m: MACD_hist=-0.0606;[FAIL] Smart Pullback: price=12.9414 EMA=13.1537 RSI=40.8 BS=0.605;[FAIL] ADX: ADX=28.25 [>22], DI+=23.07, DI-=27.43;[FAIL] CCI Momentum: CCI=-169.90;[PASS] SAR: SAR=12.9274, price=12.9414;[FAIL] Stochastic: K=5.84 D=5.84;[PASS] EMA Rejection: Rejected;[FAIL] Resistance Test: No test;[FAIL] Pullback: No pullback;[PASS] Double Top/Bottom: Pattern=double_top;[PASS] Range Filter: EMA diff=0.0141 [>0.005];[PASS] Combined Range Filter: diff=0.0141, ADX=28.25, mode=OR"
AVAX-USDT,LONG,S3,کرونوس (Cronus),8.05200000,7.72992000,0.00000000,2026-09-07 18:48:08,OPEN,,,,,,10.00,,"[FAIL] Candle Strength 15m: BS15=0.538 [>= 0.6];[FAIL] Candle Strength 5m: BS5=0.538 [>= 0.6];[PASS] EMA Trend 1h: EMA21=7.88, EMA50=7.76;[PASS] EMA Trend 4h: EMA21=7.66, EMA50=7.50, EMA200=7.06;[FAIL] RSI 30m: RSI=66.17;[PASS] MACD 30m: MACD_hist=0.0148;[FAIL] Smart Pullback: price=8.0520 EMA=7.9439 RSI=66.2 BS=0.538;[PASS] ADX: ADX=33.96 [>22], DI+=36.66, DI-=13.08;[FAIL] CCI Momentum: CCI=113.67;[PASS] SAR: SAR=8.0460, price=8.0520;[FAIL] Stochastic: K=75.43 D=75.43;[FAIL] EMA Rejection: No rejection;[PASS] Resistance Test: Tested;[PASS] Pullback: Detected;[FAIL] Double Top/Bottom: No pattern;[PASS] Range Filter: EMA diff=0.0116 [>0.005];[PASS] Combined Range Filter: diff=0.0116, ADX=33.96, mode=AND"
AVAX-USDT,LONG,B1,هایپریون (Hyperion),8.05200000,7.72992000,0.00000000,2026-09-07 18:48:10,OPEN,,,,,,10.00,,"[FAIL] Candle Strength 15m: BS15=0.538 [>= 0.6];[FAIL] Candle Strength 5m: BS5=0.538 [>= 0.6];[PASS] EMA Trend 1h: EMA21=7.88, EMA50=7.76;[PASS] EMA Trend 4h: EMA21=7.66, EMA50=7.50, EMA200=7.06;[FAIL] RSI 30m: RSI=66.17;[PASS] MACD 30m: MACD_hist=0.0148;[FAIL] Smart Pullback: price=8.0520 EMA=7.9439 RSI=66.2 BS=0.538;[PASS] ADX: ADX=33.96 [>22], DI+=36.66, DI-=13.08;[FAIL] CCI Momentum: CCI=113.67;[PASS] SAR: SAR=8.0460, price=8.0520;[FAIL] Stochastic: K=75.43 D=75.43;[FAIL] EMA Rejection: No rejection;[PASS] Resistance Test: Tested;[PASS] Pullback: Detected;[FAIL] Double Top/Bottom: No pattern;[PASS] Range Filter: EMA diff=0.0116 [>0.005];[PASS] Combined Range Filter: diff=0.0116, ADX=33.96, mode=OR"
ATOM-USDT,LONG,S1,پرومتئوس (Prometheus),1.65250000,1.58640000,0.00000000,2026-09-07 18:48:11,OPEN,,,,,,10.00,,"[FAIL] Candle Strength 15m: BS15=0.205 [>= 0.6];[FAIL] Candle Strength 5m: BS5=0.205 [>= 0.6];[PASS] EMA Trend 1h: EMA21=1.62, EMA50=1.59;[PASS] EMA Trend 4h: EMA21=1.57, EMA50=1.54, EMA200=1.46;[PASS] RSI 30m: RSI=58.93;[PASS] MACD 30m: MACD_hist=0.0029;[FAIL] Smart Pullback: price=1.6525 EMA=1.6364 RSI=58.9 BS=0.205;[PASS] ADX: ADX=37.57 [>22], DI+=35.25, DI-=16.83;[PASS] CCI Momentum: CCI=79.37;[FAIL] SAR: SAR=1.6611, price=1.6525;[FAIL] Stochastic: K=51.58 D=51.58;[FAIL] EMA Rejection: No rejection;[FAIL] Resistance Test: No test;[PASS] Pullback: Detected;[FAIL] Double Top/Bottom: No pattern;[PASS] Range Filter: EMA diff=0.0139 [>0.005];[PASS] Combined Range Filter: diff=0.0139, ADX=37.57, mode=AND"
FIL-USDT,LONG,S3,کرونوس (Cronus),0.85800000,0.82368000,0.00000000,2026-09-07 18:48:13,OPEN,,,,,,10.00,,"[FAIL] Candle Strength 15m: BS15=0.083 [>= 0.6];[FAIL] Candle Strength 5m: BS5=0.083 [>= 0.6];[PASS] EMA Trend 1h: EMA21=0.83, EMA50=0.81;[PASS] EMA Trend 4h: EMA21=0.80, EMA50=0.77, EMA200=0.73;[FAIL] RSI 30m: RSI=65.95;[PASS] MACD 30m: MACD_hist=0.0033;[FAIL] Smart Pullback: price=0.8580 EMA=0.8354 RSI=66.0 BS=0.083;[PASS] ADX: ADX=40.50 [>22], DI+=34.54, DI-=11.53;[FAIL] CCI Momentum: CCI=108.29;[PASS] SAR: SAR=0.8452, price=0.8580;[FAIL] Stochastic: K=64.76 D=64.76;[FAIL] EMA Rejection: No rejection;[FAIL] Resistance Test: No test;[PASS] Pullback: Detected;[FAIL] Double Top/Bottom: No pattern;[PASS] Range Filter: EMA diff=0.0183 [>0.005];[PASS] Combined Range Filter: diff=0.0183, ADX=40.50, mode=AND"
FIL-USDT,LONG,B1,هایپریون (Hyperion),0.85800000,0.82368000,0.00000000,2026-09-07 18:48:14,OPEN,,,,,,10.00,,"[FAIL] Candle Strength 15m: BS15=0.083 [>= 0.6];[FAIL] Candle Strength 5m: BS5=0.083 [>= 0.6];[PASS] EMA Trend 1h: EMA21=0.83, EMA50=0.81;[PASS] EMA Trend 4h: EMA21=0.80, EMA50=0.77, EMA200=0.73;[FAIL] RSI 30m: RSI=65.95;[PASS] MACD 30m: MACD_hist=0.0033;[FAIL] Smart Pullback: price=0.8580 EMA=0.8354 RSI=66.0 BS=0.083;[PASS] ADX: ADX=40.50 [>22], DI+=34.54, DI-=11.53;[FAIL] CCI Momentum: CCI=108.29;[PASS] SAR: SAR=0.8452, price=0.8580;[FAIL] Stochastic: K=64.76 D=64.76;[FAIL] EMA Rejection: No rejection;[FAIL] Resistance Test: No test;[PASS] Pullback: Detected;[FAIL] Double Top/Bottom: No pattern;[PASS] Range Filter: EMA diff=0.0183 [>0.005];[PASS] Combined Range Filter: diff=0.0183, ADX=40.50, mode=OR"
INJ-USDT,LONG,S1,پرومتئوس (Prometheus),5.70800000,5.47968000,0.00000000,2026-09-07 18:48:16,OPEN,,,,,,10.00,,"[FAIL] Candle Strength 15m: BS15=0.444 [>= 0.6];[FAIL] Candle Strength 5m: BS5=0.444 [>= 0.6];[PASS] EMA Trend 1h: EMA21=5.52, EMA50=5.31;[PASS] EMA Trend 4h: EMA21=5.20, EMA50=5.09, EMA200=4.91;[PASS] RSI 30m: RSI=59.35;[FAIL] MACD 30m: MACD_hist=-0.0084;[FAIL] Smart Pullback: price=5.7080 EMA=5.6411 RSI=59.3 BS=0.444;[PASS] ADX: ADX=50.46 [>22], DI+=25.59, DI-=13.06;[PASS] CCI Momentum: CCI=61.74;[PASS] SAR: SAR=5.6662, price=5.7080;[FAIL] Stochastic: K=62.45 D=62.45;[FAIL] EMA Rejection: No rejection;[FAIL] Resistance Test: No test;[PASS] Pullback: Detected;[FAIL] Double Top/Bottom: No pattern;[PASS] Range Filter: EMA diff=0.0285 [>0.005];[PASS] Combined Range Filter: diff=0.0285, ADX=50.46, mode=AND"
INJ-USDT,LONG,S3,کرونوس (Cronus),5.70800000,5.47968000,0.00000000,2026-09-07 18:48:18,OPEN,,,,,,10.00,,"[FAIL] Candle Strength 15m: BS15=0.444 [>= 0.6];[FAIL] Candle Strength 5m: BS5=0.444 [>= 0.6];[PASS] EMA Trend 1h: EMA21=5.52, EMA50=5.31;[PASS] EMA Trend 4h: EMA21=5.20, EMA50=5.09, EMA200=4.91;[PASS] RSI 30m: RSI=59.35;[FAIL] MACD 30m: MACD_hist=-0.0084;[FAIL] Smart Pullback: price=5.7080 EMA=5.6411 RSI=59.3 BS=0.444;[PASS] ADX: ADX=50.46 [>22], DI+=25.59, DI-=13.06;[PASS] CCI Momentum: CCI=61.74;[PASS] SAR: SAR=5.6662, price=5.7080;[FAIL] Stochastic: K=62.45 D=62.45;[FAIL] EMA Rejection: No rejection;[FAIL] Resistance Test: No test;[PASS] Pullback: Detected;[FAIL] Double Top/Bottom: No pattern;[PASS] Range Filter: EMA diff=0.0285 [>0.005];[PASS] Combined Range Filter: diff=0.0285, ADX=50.46, mode=AND"
INJ-USDT,LONG,B1,هایپریون (Hyperion),5.70800000,5.47968000,0.00000000,2026-09-07 18:48:19,OPEN,,,,,,10.00,,"[FAIL] Candle Strength 15m: BS15=0.444 [>= 0.6];[FAIL] Candle Strength 5m: BS5=0.444 [>= 0.6];[PASS] EMA Trend 1h: EMA21=5.52, EMA50=5.31;[PASS] EMA Trend 4h: EMA21=5.20, EMA50=5.09, EMA200=4.91;[PASS] RSI 30m: RSI=59.35;[FAIL] MACD 30m: MACD_hist=-0.0084;[FAIL] Smart Pullback: price=5.7080 EMA=5.6411 RSI=59.3 BS=0.444;[PASS] ADX: ADX=50.46 [>22], DI+=25.59, DI-=13.06;[PASS] CCI Momentum: CCI=61.74;[PASS] SAR: SAR=5.6662, price=5.7080;[FAIL] Stochastic: K=62.45 D=62.45;[FAIL] EMA Rejection: No rejection;[FAIL] Resistance Test: No test;[PASS] Pullback: Detected;[FAIL] Double Top/Bottom: No pattern;[PASS] Range Filter: EMA diff=0.0285 [>0.005];[PASS] Combined Range Filter: diff=0.0285, ADX=50.46, mode=OR"
TIA-USDT,LONG,S3,کرونوس (Cronus),0.43400000,0.41664000,0.00000000,2026-09-07 18:48:21,OPEN,,,,,,10.00,,"[FAIL] Candle Strength 15m: BS15=1.000 [too high - likely end of move];[FAIL] Candle Strength 5m: BS5=1.000 [too high];[PASS] EMA Trend 1h: EMA21=0.43, EMA50=0.41;[PASS] EMA Trend 4h: EMA21=0.40, EMA50=0.37, EMA200=0.35;[PASS] RSI 30m: RSI=51.88;[FAIL] MACD 30m: MACD_hist=-0.0002;[FAIL] Smart Pullback: price=0.4340 EMA=0.4333 RSI=51.9 BS=1.000;[FAIL] ADX: ADX=17.35 [>22], DI+=22.74, DI-=17.26;[PASS] CCI Momentum: CCI=69.28;[PASS] SAR: SAR=0.4334, price=0.4340;[FAIL] Stochastic: K=57.56 D=57.56;[FAIL] EMA Rejection: No rejection;[FAIL] Resistance Test: No test;[PASS] Pullback: Detected;[FAIL] Double Top/Bottom: No pattern;[PASS] Range Filter: EMA diff=0.0204 [>0.005];[PASS] Combined Range Filter: diff=0.0204, ADX=17.35, mode=AND"
TIA-USDT,LONG,B1,هایپریون (Hyperion),0.43400000,0.41664000,0.00000000,2026-09-07 18:48:22,OPEN,,,,,,10.00,,"[FAIL] Candle Strength 15m: BS15=1.000 [too high - likely end of move];[FAIL] Candle Strength 5m: BS5=1.000 [too high];[PASS] EMA Trend 1h: EMA21=0.43, EMA50=0.41;[PASS] EMA Trend 4h: EMA21=0.40, EMA50=0.37, EMA200=0.35;[PASS] RSI 30m: RSI=51.88;[FAIL] MACD 30m: MACD_hist=-0.0002;[FAIL] Smart Pullback: price=0.4340 EMA=0.4333 RSI=51.9 BS=1.000;[FAIL] ADX: ADX=17.35 [>22], DI+=22.74, DI-=17.26;[PASS] CCI Momentum: CCI=69.28;[PASS] SAR: SAR=0.4334, price=0.4340;[FAIL] Stochastic: K=57.56 D=57.56;[FAIL] EMA Rejection: No rejection;[FAIL] Resistance Test: No test;[PASS] Pullback: Detected;[FAIL] Double Top/Bottom: No pattern;[PASS] Range Filter: EMA diff=0.0204 [>0.005];[FAIL] Combined Range Filter: diff=0.0204, ADX=17.35, mode=OR"
OP-USDT,LONG,S1,پرومتئوس (Prometheus),0.11040000,0.10598400,0.00000000,2026-09-07 18:48:24,OPEN,,,,,,10.00,,"[PASS] Candle Strength 15m: BS15=0.714 [>= 0.6];[PASS] Candle Strength 5m: BS5=0.714 [>= 0.6];[PASS] EMA Trend 1h: EMA21=0.11, EMA50=0.11;[PASS] EMA Trend 4h: EMA21=0.11, EMA50=0.10, EMA200=0.09;[PASS] RSI 30m: RSI=50.39;[FAIL] MACD 30m: MACD_hist=0.0002;[FAIL] Smart Pullback: price=0.1104 EMA=0.1105 RSI=50.4 BS=0.714;[PASS] ADX: ADX=26.81 [>22], DI+=26.96, DI-=13.03;[PASS] CCI Momentum: CCI=79.45;[FAIL] SAR: SAR=0.1111, price=0.1104;[FAIL] Stochastic: K=34.69 D=34.69;[PASS] EMA Rejection: Rejected;[PASS] Resistance Test: Tested;[PASS] Pullback: Detected;[FAIL] Double Top/Bottom: No pattern;[PASS] Range Filter: EMA diff=0.0073 [>0.005];[PASS] Combined Range Filter: diff=0.0073, ADX=26.81, mode=AND"
OP-USDT,LONG,S3,کرونوس (Cronus),0.11040000,0.10598400,0.00000000,2026-09-07 18:48:26,OPEN,,,,,,10.00,,"[PASS] Candle Strength 15m: BS15=0.714 [>= 0.6];[PASS] Candle Strength 5m: BS5=0.714 [>= 0.6];[PASS] EMA Trend 1h: EMA21=0.11, EMA50=0.11;[PASS] EMA Trend 4h: EMA21=0.11, EMA50=0.10, EMA200=0.09;[PASS] RSI 30m: RSI=50.39;[FAIL] MACD 30m: MACD_hist=0.0002;[FAIL] Smart Pullback: price=0.1104 EMA=0.1105 RSI=50.4 BS=0.714;[PASS] ADX: ADX=26.81 [>22], DI+=26.96, DI-=13.03;[PASS] CCI Momentum: CCI=79.45;[FAIL] SAR: SAR=0.1111, price=0.1104;[FAIL] Stochastic: K=34.69 D=34.69;[PASS] EMA Rejection: Rejected;[PASS] Resistance Test: Tested;[PASS] Pullback: Detected;[FAIL] Double Top/Bottom: No pattern;[PASS] Range Filter: EMA diff=0.0073 [>0.005];[PASS] Combined Range Filter: diff=0.0073, ADX=26.81, mode=AND"
OP-USDT,LONG,B1,هایپریون (Hyperion),0.11040000,0.10598400,0.00000000,2026-09-07 18:48:27,OPEN,,,,,,10.00,,"[PASS] Candle Strength 15m: BS15=0.714 [>= 0.6];[PASS] Candle Strength 5m: BS5=0.714 [>= 0.6];[PASS] EMA Trend 1h: EMA21=0.11, EMA50=0.11;[PASS] EMA Trend 4h: EMA21=0.11, EMA50=0.10, EMA200=0.09;[PASS] RSI 30m: RSI=50.39;[FAIL] MACD 30m: MACD_hist=0.0002;[FAIL] Smart Pullback: price=0.1104 EMA=0.1105 RSI=50.4 BS=0.714;[PASS] ADX: ADX=26.81 [>22], DI+=26.96, DI-=13.03;[PASS] CCI Momentum: CCI=79.45;[FAIL] SAR: SAR=0.1111, price=0.1104;[FAIL] Stochastic: K=34.69 D=34.69;[PASS] EMA Rejection: Rejected;[PASS] Resistance Test: Tested;[PASS] Pullback: Detected;[FAIL] Double Top/Bottom: No pattern;[PASS] Range Filter: EMA diff=0.0073 [>0.005];[PASS] Combined Range Filter: diff=0.0073, ADX=26.81, mode=OR"
BTC-USDT,SHORT,S3,کرونوس (Cronus),78790.60000000,81942.22400000,0.00000000,2026-09-07 19:14:53,OPEN,,,,,,10.00,,"[PASS] Candle Strength 15m: BS15=0.714 [>= 0.6];[FAIL] Candle Strength 5m: BS5=0.072 [>= 0.6];[PASS] EMA Trend 1h: EMA21=79524.25, EMA50=79662.06;[FAIL] EMA Trend 4h: EMA21=79567.03, EMA50=79047.36, EMA200=72944.27;[FAIL] RSI 30m: RSI=30.18;[PASS] MACD 30m: MACD_hist=-49.6374;[FAIL] Smart Pullback: price=78790.6000 EMA=79383.3889 RSI=30.2 BS=0.714;[PASS] ADX: ADX=28.83 [>22], DI+=10.78, DI-=37.55;[FAIL] CCI Momentum: CCI=-243.14;[PASS] SAR: SAR=78845.3700, price=78790.6000;[FAIL] Stochastic: K=10.48 D=10.48;[FAIL] EMA Rejection: No rejection;[PASS] Resistance Test: Tested;[PASS] Pullback: Detected;[FAIL] Double Top/Bottom: No pattern;[FAIL] Range Filter: EMA diff=0.0025 [>0.005];[PASS] Combined Range Filter: diff=0.0025, ADX=28.83, mode=AND"
BNB-USDT,SHORT,S3,کرونوس (Cronus),736.85500000,766.32920000,0.00000000,2026-09-07 19:14:55,OPEN,,,,,,10.00,,"[PASS] Candle Strength 15m: BS15=0.739 [>= 0.6];[FAIL] Candle Strength 5m: BS5=0.059 [>= 0.6];[PASS] EMA Trend 1h: EMA21=746.38, EMA50=746.91;[FAIL] EMA Trend 4h: EMA21=740.84, EMA50=723.67, EMA200=664.14;[FAIL] RSI 30m: RSI=28.10;[PASS] MACD 30m: MACD_hist=-0.4305;[FAIL] Smart Pullback: price=736.8550 EMA=744.3956 RSI=28.1 BS=0.739;[FAIL] ADX: ADX=15.95 [>22], DI+=14.08, DI-=36.49;[FAIL] CCI Momentum: CCI=-292.61;[PASS] SAR: SAR=738.3347, price=736.8550;[FAIL] Stochastic: K=12.49 D=12.49;[PASS] EMA Rejection: Rejected;[PASS] Resistance Test: Tested;[PASS] Pullback: Detected;[PASS] Double Top/Bottom: Pattern=double_top;[FAIL] Range Filter: EMA diff=0.0038 [>0.005];[PASS] Combined Range Filter: diff=0.0038, ADX=15.95, mode=AND"
LTC-USDT,LONG,S1,پرومتئوس (Prometheus),55.32000000,53.10720000,0.00000000,2026-09-07 19:14:57,OPEN,,,,,,10.00,,"[FAIL] Candle Strength 15m: BS15=0.816 [too high - likely end of move];[PASS] Candle Strength 5m: BS5=0.684 [>= 0.6];[PASS] EMA Trend 1h: EMA21=55.51, EMA50=54.59;[PASS] EMA Trend 4h: EMA21=53.63, EMA50=52.04, EMA200=48.73;[FAIL] RSI 30m: RSI=46.06;[FAIL] MACD 30m: MACD_hist=-0.0956;[PASS] Smart Pullback: price=55.3200 EMA=56.0635 RSI=46.1 BS=0.816;[PASS] ADX: ADX=35.31 [>22], DI+=29.40, DI-=24.31;[FAIL] CCI Momentum: CCI=-31.82;[FAIL] SAR: SAR=55.8766, price=55.3200;[FAIL] Stochastic: K=16.46 D=16.46;[PASS] EMA Rejection: Rejected;[FAIL] Resistance Test: No test;[FAIL] Pullback: No pullback;[PASS] Double Top/Bottom: Pattern=double_bottom;[PASS] Range Filter: EMA diff=0.0128 [>0.005];[PASS] Combined Range Filter: diff=0.0128, ADX=35.31, mode=AND"
LTC-USDT,LONG,S3,کرونوس (Cronus),55.32000000,53.10720000,0.00000000,2026-09-07 19:14:59,OPEN,,,,,,10.00,,"[FAIL] Candle Strength 15m: BS15=0.816 [too high - likely end of move];[PASS] Candle Strength 5m: BS5=0.684 [>= 0.6];[PASS] EMA Trend 1h: EMA21=55.51, EMA50=54.59;[PASS] EMA Trend 4h: EMA21=53.63, EMA50=52.04, EMA200=48.73;[FAIL] RSI 30m: RSI=46.06;[FAIL] MACD 30m: MACD_hist=-0.0956;[PASS] Smart Pullback: price=55.3200 EMA=56.0635 RSI=46.1 BS=0.816;[PASS] ADX: ADX=35.31 [>22], DI+=29.40, DI-=24.31;[FAIL] CCI Momentum: CCI=-31.82;[FAIL] SAR: SAR=55.8766, price=55.3200;[FAIL] Stochastic: K=16.46 D=16.46;[PASS] EMA Rejection: Rejected;[FAIL] Resistance Test: No test;[FAIL] Pullback: No pullback;[PASS] Double Top/Bottom: Pattern=double_bottom;[PASS] Range Filter: EMA diff=0.0128 [>0.005];[PASS] Combined Range Filter: diff=0.0128, ADX=35.31, mode=AND"
LTC-USDT,LONG,B1,هایپریون (Hyperion),55.32000000,53.10720000,0.00000000,2026-09-07 19:15:00,OPEN,,,,,,10.00,,"[FAIL] Candle Strength 15m: BS15=0.816 [too high - likely end of move];[PASS] Candle Strength 5m: BS5=0.684 [>= 0.6];[PASS] EMA Trend 1h: EMA21=55.51, EMA50=54.59;[PASS] EMA Trend 4h: EMA21=53.63, EMA50=52.04, EMA200=48.73;[FAIL] RSI 30m: RSI=46.06;[FAIL] MACD 30m: MACD_hist=-0.0956;[PASS] Smart Pullback: price=55.3200 EMA=56.0635 RSI=46.1 BS=0.816;[PASS] ADX: ADX=35.31 [>22], DI+=29.40, DI-=24.31;[FAIL] CCI Momentum: CCI=-31.82;[FAIL] SAR: SAR=55.8766, price=55.3200;[FAIL] Stochastic: K=16.46 D=16.46;[PASS] EMA Rejection: Rejected;[FAIL] Resistance Test: No test;[FAIL] Pullback: No pullback;[PASS] Double Top/Bottom: Pattern=double_bottom;[PASS] Range Filter: EMA diff=0.0128 [>0.005];[PASS] Combined Range Filter: diff=0.0128, ADX=35.31, mode=OR"
NEAR-USDT,SHORT,S3,کرونوس (Cronus),2.30810000,2.40042400,0.00000000,2026-09-07 19:15:03,OPEN,,,,,,10.00,,"[PASS] Candle Strength 15m: BS15=0.615 [>= 0.6];[PASS] Candle Strength 5m: BS5=0.615 [>= 0.6];[FAIL] EMA Trend 1h: EMA21=2.37, EMA50=2.32;[FAIL] EMA Trend 4h: EMA21=2.25, EMA50=2.11, EMA200=1.87;[PASS] RSI 30m: RSI=37.69;[PASS] MACD 30m: MACD_hist=-0.0029;[FAIL] Smart Pullback: price=2.3081 EMA=2.3627 RSI=37.7 BS=0.615;[PASS] ADX: ADX=22.28 [>22], DI+=14.20, DI-=27.71;[FAIL] CCI Momentum: CCI=-139.12;[PASS] SAR: SAR=2.3258, price=2.3081;[FAIL] Stochastic: K=4.42 D=4.42;[PASS] EMA Rejection: Rejected;[FAIL] Resistance Test: No test;[PASS] Pullback: Detected;[PASS] Double Top/Bottom: Pattern=double_top;[FAIL] Range Filter: EMA diff=0.0004 [>0.005];[PASS] Combined Range Filter: diff=0.0004, ADX=22.28, mode=AND"
NEAR-USDT,SHORT,B2,اطلس (Atlas),2.30810000,2.40042400,0.00000000,2026-09-07 19:15:05,OPEN,,,,,,10.00,,"[PASS] Candle Strength 15m: BS15=0.615 [>= 0.48];[PASS] Candle Strength 5m: BS5=0.615 [>= 0.48];[FAIL] EMA Trend 1h: EMA21=2.37, EMA50=2.32;[FAIL] EMA Trend 4h: EMA21=2.25, EMA50=2.11, EMA200=1.87;[PASS] RSI 30m: RSI=37.69;[PASS] MACD 30m: MACD_hist=-0.0029;[FAIL] Smart Pullback: price=2.3081 EMA=2.3627 RSI=37.7 BS=0.615;[PASS] ADX: ADX=22.28 [>22], DI+=14.20, DI-=27.71;[FAIL] CCI Momentum: CCI=-139.12;[PASS] SAR: SAR=2.3258, price=2.3081;[FAIL] Stochastic: K=4.42 D=4.42;[PASS] EMA Rejection: Rejected;[FAIL] Resistance Test: No test;[PASS] Pullback: Detected;[PASS] Double Top/Bottom: Pattern=double_top;[FAIL] Range Filter: EMA diff=0.0004 [>0.005];[FAIL] Combined Range Filter: diff=0.0004, ADX=22.28, mode=OR"
DOT-USDT,LONG,S3,کرونوس (Cronus),1.07860000,1.03545600,0.00000000,2026-09-07 19:15:06,OPEN,,,,,,10.00,,"[PASS] Candle Strength 15m: BS15=0.600 [>= 0.6];[PASS] Candle Strength 5m: BS5=0.600 [>= 0.6];[PASS] EMA Trend 1h: EMA21=1.00, EMA50=0.97;[PASS] EMA Trend 4h: EMA21=0.95, EMA50=0.91, EMA200=0.85;[FAIL] RSI 30m: RSI=76.56;[PASS] MACD 30m: MACD_hist=0.0100;[FAIL] Smart Pullback: price=1.0786 EMA=1.0198 RSI=76.6 BS=0.600;[PASS] ADX: ADX=38.07 [>22], DI+=39.42, DI-=7.17;[FAIL] CCI Momentum: CCI=142.05;[PASS] SAR: SAR=1.0614, price=1.0786;[FAIL] Stochastic: K=90.57 D=90.57;[FAIL] EMA Rejection: No rejection;[PASS] Resistance Test: Tested;[PASS] Pullback: Detected;[FAIL] Double Top/Bottom: No pattern;[PASS] Range Filter: EMA diff=0.0251 [>0.005];[PASS] Combined Range Filter: diff=0.0251, ADX=38.07, mode=AND"
DOT-USDT,LONG,B1,هایپریون (Hyperion),1.07860000,1.03545600,0.00000000,2026-09-07 19:15:24,OPEN,,,,,,10.00,,"[PASS] Candle Strength 15m: BS15=0.600 [>= 0.6];[PASS] Candle Strength 5m: BS5=0.600 [>= 0.6];[PASS] EMA Trend 1h: EMA21=1.00, EMA50=0.97;[PASS] EMA Trend 4h: EMA21=0.95, EMA50=0.91, EMA200=0.85;[FAIL] RSI 30m: RSI=76.56;[PASS] MACD 30m: MACD_hist=0.0100;[FAIL] Smart Pullback: price=1.0786 EMA=1.0198 RSI=76.6 BS=0.600;[PASS] ADX: ADX=38.07 [>22], DI+=39.42, DI-=7.17;[FAIL] CCI Momentum: CCI=142.05;[PASS] SAR: SAR=1.0614, price=1.0786;[FAIL] Stochastic: K=90.57 D=90.57;[FAIL] EMA Rejection: No rejection;[PASS] Resistance Test: Tested;[PASS] Pullback: Detected;[FAIL] Double Top/Bottom: No pattern;[PASS] Range Filter: EMA diff=0.0251 [>0.005];[PASS] Combined Range Filter: diff=0.0251, ADX=38.07, mode=OR"
AVAX-USDT,LONG,S1,پرومتئوس (Prometheus),7.99600000,7.67616000,0.00000000,2026-09-07 19:15:38,OPEN,,,,,,10.00,,"[FAIL] Candle Strength 15m: BS15=0.812 [too high - likely end of move];[FAIL] Candle Strength 5m: BS5=0.812 [too high];[PASS] EMA Trend 1h: EMA21=7.88, EMA50=7.75;[PASS] EMA Trend 4h: EMA21=7.65, EMA50=7.50, EMA200=7.06;[PASS] RSI 30m: RSI=58.10;[PASS] MACD 30m: MACD_hist=0.0085;[FAIL] Smart Pullback: price=7.9960 EMA=7.9494 RSI=58.1 BS=0.812;[PASS] ADX: ADX=32.88 [>22], DI+=32.36, DI-=19.38;[PASS] CCI Momentum: CCI=61.90;[FAIL] SAR: SAR=8.0229, price=7.9960;[FAIL] Stochastic: K=56.31 D=56.31;[FAIL] EMA Rejection: No rejection;[PASS] Resistance Test: Tested;[PASS] Pullback: Detected;[PASS] Double Top/Bottom: Pattern=double_top;[PASS] Range Filter: EMA diff=0.0116 [>0.005];[PASS] Combined Range Filter: diff=0.0116, ADX=32.88, mode=AND"
FIL-USDT,LONG,S3,کرونوس (Cronus),0.85840000,0.82406400,0.00000000,2026-09-07 19:15:39,OPEN,,,,,,10.00,,"[FAIL] Candle Strength 15m: BS15=0.278 [>= 0.6];[FAIL] Candle Strength 5m: BS5=0.194 [>= 0.6];[PASS] EMA Trend 1h: EMA21=0.83, EMA50=0.81;[PASS] EMA Trend 4h: EMA21=0.80, EMA50=0.77, EMA200=0.73;[FAIL] RSI 30m: RSI=66.04;[PASS] MACD 30m: MACD_hist=0.0028;[FAIL] Smart Pullback: price=0.8584 EMA=0.8378 RSI=66.0 BS=0.278;[PASS] ADX: ADX=41.18 [>22], DI+=31.57, DI-=10.54;[PASS] CCI Momentum: CCI=91.84;[PASS] SAR: SAR=0.8524, price=0.8584;[FAIL] Stochastic: K=65.36 D=65.36;[FAIL] EMA Rejection: No rejection;[PASS] Resistance Test: Tested;[PASS] Pullback: Detected;[FAIL] Double Top/Bottom: No pattern;[PASS] Range Filter: EMA diff=0.0192 [>0.005];[PASS] Combined Range Filter: diff=0.0192, ADX=41.18, mode=AND"
FIL-USDT,LONG,B1,هایپریون (Hyperion),0.85840000,0.82406400,0.00000000,2026-09-07 19:15:41,OPEN,,,,,,10.00,,"[FAIL] Candle Strength 15m: BS15=0.278 [>= 0.6];[FAIL] Candle Strength 5m: BS5=0.194 [>= 0.6];[PASS] EMA Trend 1h: EMA21=0.83, EMA50=0.81;[PASS] EMA Trend 4h: EMA21=0.80, EMA50=0.77, EMA200=0.73;[FAIL] RSI 30m: RSI=66.04;[PASS] MACD 30m: MACD_hist=0.0028;[FAIL] Smart Pullback: price=0.8584 EMA=0.8378 RSI=66.0 BS=0.278;[PASS] ADX: ADX=41.18 [>22], DI+=31.57, DI-=10.54;[PASS] CCI Momentum: CCI=91.84;[PASS] SAR: SAR=0.8524, price=0.8584;[FAIL] Stochastic: K=65.36 D=65.36;[FAIL] EMA Rejection: No rejection;[PASS] Resistance Test: Tested;[PASS] Pullback: Detected;[FAIL] Double Top/Bottom: No pattern;[PASS] Range Filter: EMA diff=0.0192 [>0.005];[PASS] Combined Range Filter: diff=0.0192, ADX=41.18, mode=OR"
LTC-USDT,LONG,S1,پرومتئوس (Prometheus),55.64000000,53.41440000,0.00000000,2026-09-07 19:48:17,OPEN,,,,,,10.00,,"[FAIL] Candle Strength 15m: BS15=0.414 [>= 0.6];[FAIL] Candle Strength 5m: BS5=0.414 [>= 0.6];[PASS] EMA Trend 1h: EMA21=55.53, EMA50=54.64;[PASS] EMA Trend 4h: EMA21=53.82, EMA50=52.18, EMA200=48.79;[FAIL] RSI 30m: RSI=48.35;[FAIL] MACD 30m: MACD_hist=-0.1501;[PASS] Smart Pullback: price=55.6400 EMA=56.0324 RSI=48.3 BS=0.414;[PASS] ADX: ADX=33.34 [>22], DI+=28.20, DI-=23.74;[FAIL] CCI Momentum: CCI=-29.31;[PASS] SAR: SAR=55.1744, price=55.6400;[FAIL] Stochastic: K=11.03 D=11.03;[PASS] EMA Rejection: Rejected;[FAIL] Resistance Test: No test;[PASS] Pullback: Detected;[FAIL] Double Top/Bottom: No pattern;[PASS] Range Filter: EMA diff=0.0119 [>0.005];[PASS] Combined Range Filter: diff=0.0119, ADX=33.34, mode=AND"
LTC-USDT,LONG,S3,کرونوس (Cronus),55.64000000,53.41440000,0.00000000,2026-09-07 19:48:19,OPEN,,,,,,10.00,,"[FAIL] Candle Strength 15m: BS15=0.414 [>= 0.6];[FAIL] Candle Strength 5m: BS5=0.414 [>= 0.6];[PASS] EMA Trend 1h: EMA21=55.53, EMA50=54.64;[PASS] EMA Trend 4h: EMA21=53.82, EMA50=52.18, EMA200=48.79;[FAIL] RSI 30m: RSI=48.35;[FAIL] MACD 30m: MACD_hist=-0.1501;[PASS] Smart Pullback: price=55.6400 EMA=56.0324 RSI=48.3 BS=0.414;[PASS] ADX: ADX=33.34 [>22], DI+=28.20, DI-=23.74;[FAIL] CCI Momentum: CCI=-29.31;[PASS] SAR: SAR=55.1744, price=55.6400;[FAIL] Stochastic: K=11.03 D=11.03;[PASS] EMA Rejection: Rejected;[FAIL] Resistance Test: No test;[PASS] Pullback: Detected;[FAIL] Double Top/Bottom: No pattern;[PASS] Range Filter: EMA diff=0.0119 [>0.005];[PASS] Combined Range Filter: diff=0.0119, ADX=33.34, mode=AND"
LTC-USDT,LONG,B1,هایپریون (Hyperion),55.64000000,53.41440000,0.00000000,2026-09-07 19:48:20,OPEN,,,,,,10.00,,"[FAIL] Candle Strength 15m: BS15=0.414 [>= 0.6];[FAIL] Candle Strength 5m: BS5=0.414 [>= 0.6];[PASS] EMA Trend 1h: EMA21=55.53, EMA50=54.64;[PASS] EMA Trend 4h: EMA21=53.82, EMA50=52.18, EMA200=48.79;[FAIL] RSI 30m: RSI=48.35;[FAIL] MACD 30m: MACD_hist=-0.1501;[PASS] Smart Pullback: price=55.6400 EMA=56.0324 RSI=48.3 BS=0.414;[PASS] ADX: ADX=33.34 [>22], DI+=28.20, DI-=23.74;[FAIL] CCI Momentum: CCI=-29.31;[PASS] SAR: SAR=55.1744, price=55.6400;[FAIL] Stochastic: K=11.03 D=11.03;[PASS] EMA Rejection: Rejected;[FAIL] Resistance Test: No test;[PASS] Pullback: Detected;[FAIL] Double Top/Bottom: No pattern;[PASS] Range Filter: EMA diff=0.0119 [>0.005];[PASS] Combined Range Filter: diff=0.0119, ADX=33.34, mode=OR"
SUI-USDT,LONG,S3,کرونوس (Cronus),0.80800000,0.77568000,0.00000000,2026-09-07 19:48:23,OPEN,,,,,,10.00,,"[FAIL] Candle Strength 15m: BS15=0.160 [>= 0.6];[FAIL] Candle Strength 5m: BS5=0.160 [>= 0.6];[PASS] EMA Trend 1h: EMA21=0.81, EMA50=0.80;[PASS] EMA Trend 4h: EMA21=0.79, EMA50=0.77, EMA200=0.74;[FAIL] RSI 30m: RSI=47.08;[FAIL] MACD 30m: MACD_hist=-0.0017;[FAIL] Smart Pullback: price=0.8080 EMA=0.8145 RSI=47.1 BS=0.160;[FAIL] ADX: ADX=18.82 [>22], DI+=19.50, DI-=22.55;[FAIL] CCI Momentum: CCI=-56.52;[PASS] SAR: SAR=0.8003, price=0.8080;[FAIL] Stochastic: K=17.61 D=17.61;[PASS] EMA Rejection: Rejected;[PASS] Resistance Test: Tested;[PASS] Pullback: Detected;[FAIL] Double Top/Bottom: No pattern;[PASS] Range Filter: EMA diff=0.0072 [>0.005];[PASS] Combined Range Filter: diff=0.0072, ADX=18.82, mode=AND"
SUI-USDT,LONG,B1,هایپریون (Hyperion),0.80800000,0.77568000,0.00000000,2026-09-07 19:48:41,OPEN,,,,,,10.00,,"[FAIL] Candle Strength 15m: BS15=0.160 [>= 0.6];[FAIL] Candle Strength 5m: BS5=0.160 [>= 0.6];[PASS] EMA Trend 1h: EMA21=0.81, EMA50=0.80;[PASS] EMA Trend 4h: EMA21=0.79, EMA50=0.77, EMA200=0.74;[FAIL] RSI 30m: RSI=47.08;[FAIL] MACD 30m: MACD_hist=-0.0017;[FAIL] Smart Pullback: price=0.8080 EMA=0.8145 RSI=47.1 BS=0.160;[FAIL] ADX: ADX=18.82 [>22], DI+=19.50, DI-=22.55;[FAIL] CCI Momentum: CCI=-56.52;[PASS] SAR: SAR=0.8003, price=0.8080;[FAIL] Stochastic: K=17.61 D=17.61;[PASS] EMA Rejection: Rejected;[PASS] Resistance Test: Tested;[PASS] Pullback: Detected;[FAIL] Double Top/Bottom: No pattern;[PASS] Range Filter: EMA diff=0.0072 [>0.005];[FAIL] Combined Range Filter: diff=0.0072, ADX=18.82, mode=OR"
DOT-USDT,LONG,S3,کرونوس (Cronus),1.08680000,1.04332800,0.00000000,2026-09-07 19:48:53,OPEN,,,,,,10.00,,"[FAIL] Candle Strength 15m: BS15=0.891 [too high - likely end of move];[FAIL] Candle Strength 5m: BS5=0.891 [too high];[PASS] EMA Trend 1h: EMA21=1.01, EMA50=0.97;[PASS] EMA Trend 4h: EMA21=0.96, EMA50=0.92, EMA200=0.85;[FAIL] RSI 30m: RSI=77.99;[PASS] MACD 30m: MACD_hist=0.0095;[FAIL] Smart Pullback: price=1.0868 EMA=1.0259 RSI=78.0 BS=0.891;[PASS] ADX: ADX=39.95 [>22], DI+=35.97, DI-=7.13;[FAIL] CCI Momentum: CCI=127.83;[PASS] SAR: SAR=1.0599, price=1.0868;[FAIL] Stochastic: K=97.57 D=97.57;[FAIL] EMA Rejection: No rejection;[FAIL] Resistance Test: No test;[PASS] Pullback: Detected;[FAIL] Double Top/Bottom: No pattern;[PASS] Range Filter: EMA diff=0.0272 [>0.005];[PASS] Combined Range Filter: diff=0.0272, ADX=39.95, mode=AND"
DOT-USDT,LONG,B1,هایپریون (Hyperion),1.08680000,1.04332800,0.00000000,2026-09-07 19:48:55,OPEN,,,,,,10.00,,"[FAIL] Candle Strength 15m: BS15=0.891 [too high - likely end of move];[FAIL] Candle Strength 5m: BS5=0.891 [too high];[PASS] EMA Trend 1h: EMA21=1.01, EMA50=0.97;[PASS] EMA Trend 4h: EMA21=0.96, EMA50=0.92, EMA200=0.85;[FAIL] RSI 30m: RSI=77.99;[PASS] MACD 30m: MACD_hist=0.0095;[FAIL] Smart Pullback: price=1.0868 EMA=1.0259 RSI=78.0 BS=0.891;[PASS] ADX: ADX=39.95 [>22], DI+=35.97, DI-=7.13;[FAIL] CCI Momentum: CCI=127.83;[PASS] SAR: SAR=1.0599, price=1.0868;[FAIL] Stochastic: K=97.57 D=97.57;[FAIL] EMA Rejection: No rejection;[FAIL] Resistance Test: No test;[PASS] Pullback: Detected;[FAIL] Double Top/Bottom: No pattern;[PASS] Range Filter: EMA diff=0.0272 [>0.005];[PASS] Combined Range Filter: diff=0.0272, ADX=39.95, mode=OR"
AVAX-USDT,LONG,S3,کرونوس (Cronus),8.07000000,7.74720000,0.00000000,2026-09-07 19:48:57,OPEN,,,,,,10.00,,"[FAIL] Candle Strength 15m: BS15=0.524 [>= 0.6];[FAIL] Candle Strength 5m: BS5=0.524 [>= 0.6];[PASS] EMA Trend 1h: EMA21=7.90, EMA50=7.77;[PASS] EMA Trend 4h: EMA21=7.70, EMA50=7.53, EMA200=7.07;[FAIL] RSI 30m: RSI=66.24;[PASS] MACD 30m: MACD_hist=0.0115;[FAIL] Smart Pullback: price=8.0700 EMA=7.9683 RSI=66.2 BS=0.524;[PASS] ADX: ADX=32.32 [>22], DI+=30.08, DI-=18.01;[PASS] CCI Momentum: CCI=93.17;[PASS] SAR: SAR=7.9697, price=8.0700;[FAIL] Stochastic: K=81.57 D=81.57;[FAIL] EMA Rejection: No rejection;[FAIL] Resistance Test: No test;[PASS] Pullback: Detected;[PASS] Double Top/Bottom: Pattern=double_top;[PASS] Range Filter: EMA diff=0.0124 [>0.005];[PASS] Combined Range Filter: diff=0.0124, ADX=32.32, mode=AND"
AVAX-USDT,LONG,B1,هایپریون (Hyperion),8.07000000,7.74720000,0.00000000,2026-09-07 19:48:59,OPEN,,,,,,10.00,,"[FAIL] Candle Strength 15m: BS15=0.524 [>= 0.6];[FAIL] Candle Strength 5m: BS5=0.524 [>= 0.6];[PASS] EMA Trend 1h: EMA21=7.90, EMA50=7.77;[PASS] EMA Trend 4h: EMA21=7.70, EMA50=7.53, EMA200=7.07;[FAIL] RSI 30m: RSI=66.24;[PASS] MACD 30m: MACD_hist=0.0115;[FAIL] Smart Pullback: price=8.0700 EMA=7.9683 RSI=66.2 BS=0.524;[PASS] ADX: ADX=32.32 [>22], DI+=30.08, DI-=18.01;[PASS] CCI Momentum: CCI=93.17;[PASS] SAR: SAR=7.9697, price=8.0700;[FAIL] Stochastic: K=81.57 D=81.57;[FAIL] EMA Rejection: No rejection;[FAIL] Resistance Test: No test;[PASS] Pullback: Detected;[PASS] Double Top/Bottom: Pattern=double_top;[PASS] Range Filter: EMA diff=0.0124 [>0.005];[PASS] Combined Range Filter: diff=0.0124, ADX=32.32, mode=OR"
FIL-USDT,LONG,S1,پرومتئوس (Prometheus),0.86040000,0.82598400,0.00000000,2026-09-07 19:49:01,OPEN,,,,,,10.00,,"[PASS] Candle Strength 15m: BS15=0.650 [>= 0.6];[PASS] Candle Strength 5m: BS5=0.650 [>= 0.6];[PASS] EMA Trend 1h: EMA21=0.83, EMA50=0.81;[PASS] EMA Trend 4h: EMA21=0.80, EMA50=0.77, EMA200=0.73;[PASS] RSI 30m: RSI=64.73;[FAIL] MACD 30m: MACD_hist=0.0019;[FAIL] Smart Pullback: price=0.8604 EMA=0.8393 RSI=64.7 BS=0.650;[PASS] ADX: ADX=40.34 [>22], DI+=29.52, DI-=12.47;[PASS] CCI Momentum: CCI=87.19;[PASS] SAR: SAR=0.8466, price=0.8604;[FAIL] Stochastic: K=68.37 D=68.37;[FAIL] EMA Rejection: No rejection;[FAIL] Resistance Test: No test;[PASS] Pullback: Detected;[FAIL] Double Top/Bottom: No pattern;[PASS] Range Filter: EMA diff=0.0194 [>0.005];[PASS] Combined Range Filter: diff=0.0194, ADX=40.34, mode=AND"
FIL-USDT,LONG,S3,کرونوس (Cronus),0.86040000,0.82598400,0.00000000,2026-09-07 19:49:02,OPEN,,,,,,10.00,,"[PASS] Candle Strength 15m: BS15=0.650 [>= 0.6];[PASS] Candle Strength 5m: BS5=0.650 [>= 0.6];[PASS] EMA Trend 1h: EMA21=0.83, EMA50=0.81;[PASS] EMA Trend 4h: EMA21=0.80, EMA50=0.77, EMA200=0.73;[PASS] RSI 30m: RSI=64.73;[FAIL] MACD 30m: MACD_hist=0.0019;[FAIL] Smart Pullback: price=0.8604 EMA=0.8393 RSI=64.7 BS=0.650;[PASS] ADX: ADX=40.34 [>22], DI+=29.52, DI-=12.47;[PASS] CCI Momentum: CCI=87.19;[PASS] SAR: SAR=0.8466, price=0.8604;[FAIL] Stochastic: K=68.37 D=68.37;[FAIL] EMA Rejection: No rejection;[FAIL] Resistance Test: No test;[PASS] Pullback: Detected;[FAIL] Double Top/Bottom: No pattern;[PASS] Range Filter: EMA diff=0.0194 [>0.005];[PASS] Combined Range Filter: diff=0.0194, ADX=40.34, mode=AND"
FIL-USDT,LONG,B1,هایپریون (Hyperion),0.86040000,0.82598400,0.00000000,2026-09-07 19:49:04,OPEN,,,,,,10.00,,"[PASS] Candle Strength 15m: BS15=0.650 [>= 0.6];[PASS] Candle Strength 5m: BS5=0.650 [>= 0.6];[PASS] EMA Trend 1h: EMA21=0.83, EMA50=0.81;[PASS] EMA Trend 4h: EMA21=0.80, EMA50=0.77, EMA200=0.73;[PASS] RSI 30m: RSI=64.73;[FAIL] MACD 30m: MACD_hist=0.0019;[FAIL] Smart Pullback: price=0.8604 EMA=0.8393 RSI=64.7 BS=0.650;[PASS] ADX: ADX=40.34 [>22], DI+=29.52, DI-=12.47;[PASS] CCI Momentum: CCI=87.19;[PASS] SAR: SAR=0.8466, price=0.8604;[FAIL] Stochastic: K=68.37 D=68.37;[FAIL] EMA Rejection: No rejection;[FAIL] Resistance Test: No test;[PASS] Pullback: Detected;[FAIL] Double Top/Bottom: No pattern;[PASS] Range Filter: EMA diff=0.0194 [>0.005];[PASS] Combined Range Filter: diff=0.0194, ADX=40.34, mode=OR"
OP-USDT,LONG,S1,پرومتئوس (Prometheus),0.11070000,0.10627200,0.00000000,2026-09-07 19:49:07,OPEN,,,,,,10.00,,"[PASS] Candle Strength 15m: BS15=0.667 [>= 0.6];[PASS] Candle Strength 5m: BS5=0.667 [>= 0.6];[PASS] EMA Trend 1h: EMA21=0.11, EMA50=0.11;[PASS] EMA Trend 4h: EMA21=0.11, EMA50=0.10, EMA200=0.09;[PASS] RSI 30m: RSI=51.81;[FAIL] MACD 30m: MACD_hist=-0.0000;[FAIL] Smart Pullback: price=0.1107 EMA=0.1104 RSI=51.8 BS=0.667;[PASS] ADX: ADX=25.08 [>22], DI+=26.79, DI-=17.86;[PASS] CCI Momentum: CCI=19.06;[PASS] SAR: SAR=0.1088, price=0.1107;[FAIL] Stochastic: K=40.82 D=40.82;[PASS] EMA Rejection: Rejected;[FAIL] Resistance Test: No test;[PASS] Pullback: Detected;[FAIL] Double Top/Bottom: No pattern;[PASS] Range Filter: EMA diff=0.0063 [>0.005];[PASS] Combined Range Filter: diff=0.0063, ADX=25.08, mode=AND"
OP-USDT,LONG,S3,کرونوس (Cronus),0.11070000,0.10627200,0.00000000,2026-09-07 19:49:09,OPEN,,,,,,10.00,,"[PASS] Candle Strength 15m: BS15=0.667 [>= 0.6];[PASS] Candle Strength 5m: BS5=0.667 [>= 0.6];[PASS] EMA Trend 1h: EMA21=0.11, EMA50=0.11;[PASS] EMA Trend 4h: EMA21=0.11, EMA50=0.10, EMA200=0.09;[PASS] RSI 30m: RSI=51.81;[FAIL] MACD 30m: MACD_hist=-0.0000;[FAIL] Smart Pullback: price=0.1107 EMA=0.1104 RSI=51.8 BS=0.667;[PASS] ADX: ADX=25.08 [>22], DI+=26.79, DI-=17.86;[PASS] CCI Momentum: CCI=19.06;[PASS] SAR: SAR=0.1088, price=0.1107;[FAIL] Stochastic: K=40.82 D=40.82;[PASS] EMA Rejection: Rejected;[FAIL] Resistance Test: No test;[PASS] Pullback: Detected;[FAIL] Double Top/Bottom: No pattern;[PASS] Range Filter: EMA diff=0.0063 [>0.005];[PASS] Combined Range Filter: diff=0.0063, ADX=25.08, mode=AND"
OP-USDT,LONG,B1,هایپریون (Hyperion),0.11070000,0.10627200,0.00000000,2026-09-07 19:49:10,OPEN,,,,,,10.00,,"[PASS] Candle Strength 15m: BS15=0.667 [>= 0.6];[PASS] Candle Strength 5m: BS5=0.667 [>= 0.6];[PASS] EMA Trend 1h: EMA21=0.11, EMA50=0.11;[PASS] EMA Trend 4h: EMA21=0.11, EMA50=0.10, EMA200=0.09;[PASS] RSI 30m: RSI=51.81;[FAIL] MACD 30m: MACD_hist=-0.0000;[FAIL] Smart Pullback: price=0.1107 EMA=0.1104 RSI=51.8 BS=0.667;[PASS] ADX: ADX=25.08 [>22], DI+=26.79, DI-=17.86;[PASS] CCI Momentum: CCI=19.06;[PASS] SAR: SAR=0.1088, price=0.1107;[FAIL] Stochastic: K=40.82 D=40.82;[PASS] EMA Rejection: Rejected;[FAIL] Resistance Test: No test;[PASS] Pullback: Detected;[FAIL] Double Top/Bottom: No pattern;[PASS] Range Filter: EMA diff=0.0063 [>0.005];[PASS] Combined Range Filter: diff=0.0063, ADX=25.08, mode=OR"
BNB-USDT,SHORT,S3,کرونوس (Cronus),739.77900000,769.37016000,0.00000000,2026-09-07 20:14:48,OPEN,,,,,,10.00,,"[FAIL] Candle Strength 15m: BS15=0.819 [too high - likely end of move];[FAIL] Candle Strength 5m: BS5=0.488 [>= 0.6];[PASS] EMA Trend 1h: EMA21=745.57, EMA50=746.54;[FAIL] EMA Trend 4h: EMA21=740.54, EMA50=724.20, EMA200=664.76;[PASS] RSI 30m: RSI=40.68;[PASS] MACD 30m: MACD_hist=-0.5574;[FAIL] Smart Pullback: price=739.7790 EMA=743.2328 RSI=40.7 BS=0.819;[FAIL] ADX: ADX=19.79 [>22], DI+=16.08, DI-=33.50;[FAIL] CCI Momentum: CCI=-138.20;[FAIL] SAR: SAR=734.4384, price=739.7790;[FAIL] Stochastic: K=44.65 D=44.65;[PASS] EMA Rejection: Rejected;[PASS] Resistance Test: Tested;[PASS] Pullback: Detected;[FAIL] Double Top/Bottom: No pattern;[FAIL] Range Filter: EMA diff=0.0044 [>0.005];[PASS] Combined Range Filter: diff=0.0044, ADX=19.79, mode=AND"
LTC-USDT,LONG,S1,پرومتئوس (Prometheus),55.85000000,53.61600000,0.00000000,2026-09-07 20:14:51,OPEN,,,,,,10.00,,"[FAIL] Candle Strength 15m: BS15=0.535 [>= 0.6];[FAIL] Candle Strength 5m: BS5=0.053 [>= 0.6];[PASS] EMA Trend 1h: EMA21=55.55, EMA50=54.64;[PASS] EMA Trend 4h: EMA21=53.84, EMA50=52.19, EMA200=48.79;[FAIL] RSI 30m: RSI=49.96;[FAIL] MACD 30m: MACD_hist=-0.1731;[PASS] Smart Pullback: price=55.8500 EMA=56.0125 RSI=50.0 BS=0.535;[PASS] ADX: ADX=31.81 [>22], DI+=28.94, DI-=22.77;[FAIL] CCI Momentum: CCI=-20.51;[PASS] SAR: SAR=55.4020, price=55.8500;[FAIL] Stochastic: K=15.96 D=15.96;[PASS] EMA Rejection: Rejected;[FAIL] Resistance Test: No test;[PASS] Pullback: Detected;[FAIL] Double Top/Bottom: No pattern;[PASS] Range Filter: EMA diff=0.0112 [>0.005];[PASS] Combined Range Filter: diff=0.0112, ADX=31.81, mode=AND"
LTC-USDT,LONG,S3,کرونوس (Cronus),55.85000000,53.61600000,0.00000000,2026-09-07 20:14:53,OPEN,,,,,,10.00,,"[FAIL] Candle Strength 15m: BS15=0.535 [>= 0.6];[FAIL] Candle Strength 5m: BS5=0.053 [>= 0.6];[PASS] EMA Trend 1h: EMA21=55.55, EMA50=54.64;[PASS] EMA Trend 4h: EMA21=53.84, EMA50=52.19, EMA200=48.79;[FAIL] RSI 30m: RSI=49.96;[FAIL] MACD 30m: MACD_hist=-0.1731;[PASS] Smart Pullback: price=55.8500 EMA=56.0125 RSI=50.0 BS=0.535;[PASS] ADX: ADX=31.81 [>22], DI+=28.94, DI-=22.77;[FAIL] CCI Momentum: CCI=-20.51;[PASS] SAR: SAR=55.4020, price=55.8500;[FAIL] Stochastic: K=15.96 D=15.96;[PASS] EMA Rejection: Rejected;[FAIL] Resistance Test: No test;[PASS] Pullback: Detected;[FAIL] Double Top/Bottom: No pattern;[PASS] Range Filter: EMA diff=0.0112 [>0.005];[PASS] Combined Range Filter: diff=0.0112, ADX=31.81, mode=AND"
LTC-USDT,LONG,B1,هایپریون (Hyperion),55.85000000,53.61600000,0.00000000,2026-09-07 20:15:11,OPEN,,,,,,10.00,,"[FAIL] Candle Strength 15m: BS15=0.535 [>= 0.6];[FAIL] Candle Strength 5m: BS5=0.053 [>= 0.6];[PASS] EMA Trend 1h: EMA21=55.55, EMA50=54.64;[PASS] EMA Trend 4h: EMA21=53.84, EMA50=52.19, EMA200=48.79;[FAIL] RSI 30m: RSI=49.96;[FAIL] MACD 30m: MACD_hist=-0.1731;[PASS] Smart Pullback: price=55.8500 EMA=56.0125 RSI=50.0 BS=0.535;[PASS] ADX: ADX=31.81 [>22], DI+=28.94, DI-=22.77;[FAIL] CCI Momentum: CCI=-20.51;[PASS] SAR: SAR=55.4020, price=55.8500;[FAIL] Stochastic: K=15.96 D=15.96;[PASS] EMA Rejection: Rejected;[FAIL] Resistance Test: No test;[PASS] Pullback: Detected;[FAIL] Double Top/Bottom: No pattern;[PASS] Range Filter: EMA diff=0.0112 [>0.005];[PASS] Combined Range Filter: diff=0.0112, ADX=31.81, mode=OR"
DOGE-USDT,LONG,S3,کرونوس (Cronus),0.09006000,0.08645760,0.00000000,2026-09-07 20:15:24,OPEN,,,,,,10.00,,"[FAIL] Candle Strength 15m: BS15=0.827 [too high - likely end of move];[FAIL] Candle Strength 5m: BS5=0.158 [>= 0.6];[PASS] EMA Trend 1h: EMA21=0.09, EMA50=0.09;[PASS] EMA Trend 4h: EMA21=0.09, EMA50=0.09, EMA200=0.08;[PASS] RSI 30m: RSI=50.48;[FAIL] MACD 30m: MACD_hist=-0.0001;[FAIL] Smart Pullback: price=0.0901 EMA=0.0900 RSI=50.5 BS=0.827;[FAIL] ADX: ADX=13.90 [>22], DI+=23.01, DI-=25.09;[PASS] CCI Momentum: CCI=-10.28;[PASS] SAR: SAR=0.0890, price=0.0901;[FAIL] Stochastic: K=44.20 D=44.20;[PASS] EMA Rejection: Rejected;[PASS] Resistance Test: Tested;[PASS] Pullback: Detected;[FAIL] Double Top/Bottom: No pattern;[FAIL] Range Filter: EMA diff=0.0009 [>0.005];[FAIL] Combined Range Filter: diff=0.0009, ADX=13.90, mode=AND"
DOGE-USDT,LONG,B1,هایپریون (Hyperion),0.09006000,0.08645760,0.00000000,2026-09-07 20:15:25,OPEN,,,,,,10.00,,"[FAIL] Candle Strength 15m: BS15=0.827 [too high - likely end of move];[FAIL] Candle Strength 5m: BS5=0.158 [>= 0.6];[PASS] EMA Trend 1h: EMA21=0.09, EMA50=0.09;[PASS] EMA Trend 4h: EMA21=0.09, EMA50=0.09, EMA200=0.08;[PASS] RSI 30m: RSI=50.48;[FAIL] MACD 30m: MACD_hist=-0.0001;[FAIL] Smart Pullback: price=0.0901 EMA=0.0900 RSI=50.5 BS=0.827;[FAIL] ADX: ADX=13.90 [>22], DI+=23.01, DI-=25.09;[PASS] CCI Momentum: CCI=-10.28;[PASS] SAR: SAR=0.0890, price=0.0901;[FAIL] Stochastic: K=44.20 D=44.20;[PASS] EMA Rejection: Rejected;[PASS] Resistance Test: Tested;[PASS] Pullback: Detected;[FAIL] Double Top/Bottom: No pattern;[FAIL] Range Filter: EMA diff=0.0009 [>0.005];[FAIL] Combined Range Filter: diff=0.0009, ADX=13.90, mode=OR"
SUI-USDT,LONG,S3,کرونوس (Cronus),0.81380000,0.78124800,0.00000000,2026-09-07 20:15:28,OPEN,,,,,,10.00,,"[FAIL] Candle Strength 15m: BS15=0.000 [>= 0.6];[FAIL] Candle Strength 5m: BS5=0.000 [>= 0.6];[PASS] EMA Trend 1h: EMA21=0.81, EMA50=0.80;[PASS] EMA Trend 4h: EMA21=0.79, EMA50=0.77, EMA200=0.74;[PASS] RSI 30m: RSI=50.42;[FAIL] MACD 30m: MACD_hist=-0.0017;[FAIL] Smart Pullback: price=0.8138 EMA=0.8144 RSI=50.4 BS=0.000;[FAIL] ADX: ADX=17.54 [>22], DI+=21.44, DI-=21.09;[FAIL] CCI Momentum: CCI=-25.00;[PASS] SAR: SAR=0.8039, price=0.8138;[FAIL] Stochastic: K=30.70 D=30.70;[PASS] EMA Rejection: Rejected;[FAIL] Resistance Test: No test;[PASS] Pullback: Detected;[FAIL] Double Top/Bottom: No pattern;[PASS] Range Filter: EMA diff=0.0068 [>0.005];[PASS] Combined Range Filter: diff=0.0068, ADX=17.54, mode=AND"
SUI-USDT,LONG,B1,هایپریون (Hyperion),0.81380000,0.78124800,0.00000000,2026-09-07 20:15:29,OPEN,,,,,,10.00,,"[FAIL] Candle Strength 15m: BS15=0.000 [>= 0.6];[FAIL] Candle Strength 5m: BS5=0.000 [>= 0.6];[PASS] EMA Trend 1h: EMA21=0.81, EMA50=0.80;[PASS] EMA Trend 4h: EMA21=0.79, EMA50=0.77, EMA200=0.74;[PASS] RSI 30m: RSI=50.42;[FAIL] MACD 30m: MACD_hist=-0.0017;[FAIL] Smart Pullback: price=0.8138 EMA=0.8144 RSI=50.4 BS=0.000;[FAIL] ADX: ADX=17.54 [>22], DI+=21.44, DI-=21.09;[FAIL] CCI Momentum: CCI=-25.00;[PASS] SAR: SAR=0.8039, price=0.8138;[FAIL] Stochastic: K=30.70 D=30.70;[PASS] EMA Rejection: Rejected;[FAIL] Resistance Test: No test;[PASS] Pullback: Detected;[FAIL] Double Top/Bottom: No pattern;[PASS] Range Filter: EMA diff=0.0068 [>0.005];[FAIL] Combined Range Filter: diff=0.0068, ADX=17.54, mode=OR"
DOT-USDT,LONG,S3,کرونوس (Cronus),1.10630000,1.06204800,0.00000000,2026-09-07 20:15:31,OPEN,,,,,,10.00,,"[PASS] Candle Strength 15m: BS15=0.611 [>= 0.6];[PASS] Candle Strength 5m: BS5=0.611 [>= 0.6];[PASS] EMA Trend 1h: EMA21=1.01, EMA50=0.97;[PASS] EMA Trend 4h: EMA21=0.96, EMA50=0.92, EMA200=0.85;[FAIL] RSI 30m: RSI=80.94;[PASS] MACD 30m: MACD_hist=0.0100;[FAIL] Smart Pullback: price=1.1063 EMA=1.0336 RSI=80.9 BS=0.611;[PASS] ADX: ADX=42.31 [>22], DI+=39.43, DI-=6.48;[FAIL] CCI Momentum: CCI=133.51;[PASS] SAR: SAR=1.0729, price=1.1063;[FAIL] Stochastic: K=98.95 D=98.95;[FAIL] EMA Rejection: No rejection;[FAIL] Resistance Test: No test;[PASS] Pullback: Detected;[FAIL] Double Top/Bottom: No pattern;[PASS] Range Filter: EMA diff=0.0296 [>0.005];[PASS] Combined Range Filter: diff=0.0296, ADX=42.31, mode=AND"
DOT-USDT,LONG,B1,هایپریون (Hyperion),1.10630000,1.06204800,0.00000000,2026-09-07 20:15:32,OPEN,,,,,,10.00,,"[PASS] Candle Strength 15m: BS15=0.611 [>= 0.6];[PASS] Candle Strength 5m: BS5=0.611 [>= 0.6];[PASS] EMA Trend 1h: EMA21=1.01, EMA50=0.97;[PASS] EMA Trend 4h: EMA21=0.96, EMA50=0.92, EMA200=0.85;[FAIL] RSI 30m: RSI=80.94;[PASS] MACD 30m: MACD_hist=0.0100;[FAIL] Smart Pullback: price=1.1063 EMA=1.0336 RSI=80.9 BS=0.611;[PASS] ADX: ADX=42.31 [>22], DI+=39.43, DI-=6.48;[FAIL] CCI Momentum: CCI=133.51;[PASS] SAR: SAR=1.0729, price=1.1063;[FAIL] Stochastic: K=98.95 D=98.95;[FAIL] EMA Rejection: No rejection;[FAIL] Resistance Test: No test;[PASS] Pullback: Detected;[FAIL] Double Top/Bottom: No pattern;[PASS] Range Filter: EMA diff=0.0296 [>0.005];[PASS] Combined Range Filter: diff=0.0296, ADX=42.31, mode=OR"
ADA-USDT,LONG,S3,کرونوس (Cronus),0.22090000,0.21206400,0.00000000,2026-09-07 20:15:34,OPEN,,,,,,10.00,,"[FAIL] Candle Strength 15m: BS15=1.000 [too high - likely end of move];[FAIL] Candle Strength 5m: BS5=1.000 [too high];[PASS] EMA Trend 1h: EMA21=0.22, EMA50=0.22;[PASS] EMA Trend 4h: EMA21=0.22, EMA50=0.21, EMA200=0.20;[PASS] RSI 30m: RSI=52.19;[FAIL] MACD 30m: MACD_hist=-0.0001;[FAIL] Smart Pullback: price=0.2209 EMA=0.2201 RSI=52.2 BS=1.000;[FAIL] ADX: ADX=12.66 [>22], DI+=22.21, DI-=24.07;[PASS] CCI Momentum: CCI=25.11;[PASS] SAR: SAR=0.2174, price=0.2209;[FAIL] Stochastic: K=51.19 D=51.19;[PASS] EMA Rejection: Rejected;[FAIL] Resistance Test: No test;[PASS] Pullback: Detected;[FAIL] Double Top/Bottom: No pattern;[FAIL] Range Filter: EMA diff=0.0007 [>0.005];[FAIL] Combined Range Filter: diff=0.0007, ADX=12.66, mode=AND"
ADA-USDT,LONG,B1,هایپریون (Hyperion),0.22090000,0.21206400,0.00000000,2026-09-07 20:15:35,OPEN,,,,,,10.00,,"[FAIL] Candle Strength 15m: BS15=1.000 [too high - likely end of move];[FAIL] Candle Strength 5m: BS5=1.000 [too high];[PASS] EMA Trend 1h: EMA21=0.22, EMA50=0.22;[PASS] EMA Trend 4h: EMA21=0.22, EMA50=0.21, EMA200=0.20;[PASS] RSI 30m: RSI=52.19;[FAIL] MACD 30m: MACD_hist=-0.0001;[FAIL] Smart Pullback: price=0.2209 EMA=0.2201 RSI=52.2 BS=1.000;[FAIL] ADX: ADX=12.66 [>22], DI+=22.21, DI-=24.07;[PASS] CCI Momentum: CCI=25.11;[PASS] SAR: SAR=0.2174, price=0.2209;[FAIL] Stochastic: K=51.19 D=51.19;[PASS] EMA Rejection: Rejected;[FAIL] Resistance Test: No test;[PASS] Pullback: Detected;[FAIL] Double Top/Bottom: No pattern;[FAIL] Range Filter: EMA diff=0.0007 [>0.005];[FAIL] Combined Range Filter: diff=0.0007, ADX=12.66, mode=OR"
ATOM-USDT,LONG,S1,پرومتئوس (Prometheus),1.66320000,1.59667200,0.00000000,2026-09-07 20:15:38,OPEN,,,,,,10.00,,"[FAIL] Candle Strength 15m: BS15=1.000 [too high - likely end of move];[FAIL] Candle Strength 5m: BS5=1.000 [too high];[PASS] EMA Trend 1h: EMA21=1.62, EMA50=1.59;[PASS] EMA Trend 4h: EMA21=1.58, EMA50=1.54, EMA200=1.47;[PASS] RSI 30m: RSI=60.77;[FAIL] MACD 30m: MACD_hist=-0.0004;[FAIL] Smart Pullback: price=1.6632 EMA=1.6400 RSI=60.8 BS=1.000;[PASS] ADX: ADX=34.98 [>22], DI+=34.02, DI-=17.63;[PASS] CCI Momentum: CCI=63.40;[PASS] SAR: SAR=1.6400, price=1.6632;[FAIL] Stochastic: K=64.13 D=64.13;[PASS] EMA Rejection: Rejected;[FAIL] Resistance Test: No test;[PASS] Pullback: Detected;[FAIL] Double Top/Bottom: No pattern;[PASS] Range Filter: EMA diff=0.0135 [>0.005];[PASS] Combined Range Filter: diff=0.0135, ADX=34.98, mode=AND"
FIL-USDT,LONG,S3,کرونوس (Cronus),0.87790000,0.84278400,0.00000000,2026-09-07 20:15:39,OPEN,,,,,,10.00,,"[FAIL] Candle Strength 15m: BS15=0.907 [too high - likely end of move];[FAIL] Candle Strength 5m: BS5=0.907 [too high];[PASS] EMA Trend 1h: EMA21=0.83, EMA50=0.81;[PASS] EMA Trend 4h: EMA21=0.80, EMA50=0.78, EMA200=0.73;[FAIL] RSI 30m: RSI=70.64;[PASS] MACD 30m: MACD_hist=0.0025;[FAIL] Smart Pullback: price=0.8779 EMA=0.8426 RSI=70.6 BS=0.907;[PASS] ADX: ADX=41.01 [>22], DI+=33.13, DI-=11.12;[FAIL] CCI Momentum: CCI=114.15;[PASS] SAR: SAR=0.8541, price=0.8779;[FAIL] Stochastic: K=94.73 D=94.73;[FAIL] EMA Rejection: No rejection;[FAIL] Resistance Test: No test;[PASS] Pullback: Detected;[PASS] Double Top/Bottom: Pattern=double_bottom;[PASS] Range Filter: EMA diff=0.0204 [>0.005];[PASS] Combined Range Filter: diff=0.0204, ADX=41.01, mode=AND"
FIL-USDT,LONG,B1,هایپریون (Hyperion),0.87790000,0.84278400,0.00000000,2026-09-07 20:15:41,OPEN,,,,,,10.00,,"[FAIL] Candle Strength 15m: BS15=0.907 [too high - likely end of move];[FAIL] Candle Strength 5m: BS5=0.907 [too high];[PASS] EMA Trend 1h: EMA21=0.83, EMA50=0.81;[PASS] EMA Trend 4h: EMA21=0.80, EMA50=0.78, EMA200=0.73;[FAIL] RSI 30m: RSI=70.64;[PASS] MACD 30m: MACD_hist=0.0025;[FAIL] Smart Pullback: price=0.8779 EMA=0.8426 RSI=70.6 BS=0.907;[PASS] ADX: ADX=41.01 [>22], DI+=33.13, DI-=11.12;[FAIL] CCI Momentum: CCI=114.15;[PASS] SAR: SAR=0.8541, price=0.8779;[FAIL] Stochastic: K=94.73 D=94.73;[FAIL] EMA Rejection: No rejection;[FAIL] Resistance Test: No test;[PASS] Pullback: Detected;[PASS] Double Top/Bottom: Pattern=double_bottom;[PASS] Range Filter: EMA diff=0.0204 [>0.005];[PASS] Combined Range Filter: diff=0.0204, ADX=41.01, mode=OR"
TIA-USDT,LONG,S3,کرونوس (Cronus),0.43680000,0.41932800,0.00000000,2026-09-07 20:15:43,OPEN,,,,,,10.00,,"[FAIL] Candle Strength 15m: BS15=1.000 [too high - likely end of move];[FAIL] Candle Strength 5m: BS5=1.000 [too high];[PASS] EMA Trend 1h: EMA21=0.43, EMA50=0.41;[PASS] EMA Trend 4h: EMA21=0.40, EMA50=0.38, EMA200=0.35;[PASS] RSI 30m: RSI=53.92;[FAIL] MACD 30m: MACD_hist=-0.0007;[FAIL] Smart Pullback: price=0.4368 EMA=0.4325 RSI=53.9 BS=1.000;[FAIL] ADX: ADX=16.51 [>22], DI+=22.94, DI-=24.31;[PASS] CCI Momentum: CCI=65.75;[PASS] SAR: SAR=0.4227, price=0.4368;[FAIL] Stochastic: K=81.48 D=81.48;[PASS] EMA Rejection: Rejected;[FAIL] Resistance Test: No test;[PASS] Pullback: Detected;[PASS] Double Top/Bottom: Pattern=double_top;[PASS] Range Filter: EMA diff=0.0171 [>0.005];[PASS] Combined Range Filter: diff=0.0171, ADX=16.51, mode=AND"
TIA-USDT,LONG,B1,هایپریون (Hyperion),0.43680000,0.41932800,0.00000000,2026-09-07 20:15:45,OPEN,,,,,,10.00,,"[FAIL] Candle Strength 15m: BS15=1.000 [too high - likely end of move];[FAIL] Candle Strength 5m: BS5=1.000 [too high];[PASS] EMA Trend 1h: EMA21=0.43, EMA50=0.41;[PASS] EMA Trend 4h: EMA21=0.40, EMA50=0.38, EMA200=0.35;[PASS] RSI 30m: RSI=53.92;[FAIL] MACD 30m: MACD_hist=-0.0007;[FAIL] Smart Pullback: price=0.4368 EMA=0.4325 RSI=53.9 BS=1.000;[FAIL] ADX: ADX=16.51 [>22], DI+=22.94, DI-=24.31;[PASS] CCI Momentum: CCI=65.75;[PASS] SAR: SAR=0.4227, price=0.4368;[FAIL] Stochastic: K=81.48 D=81.48;[PASS] EMA Rejection: Rejected;[FAIL] Resistance Test: No test;[PASS] Pullback: Detected;[PASS] Double Top/Bottom: Pattern=double_top;[PASS] Range Filter: EMA diff=0.0171 [>0.005];[FAIL] Combined Range Filter: diff=0.0171, ADX=16.51, mode=OR"
POL-USDT,SHORT,S3,کرونوس (Cronus),0.09580000,0.09963200,0.00000000,2026-09-07 20:15:47,OPEN,,,,,,10.00,,"[FAIL] Candle Strength 15m: BS15=0.000 [>= 0.6];[FAIL] Candle Strength 5m: BS5=0.000 [>= 0.6];[FAIL] EMA Trend 1h: EMA21=0.10, EMA50=0.10;[FAIL] EMA Trend 4h: EMA21=0.10, EMA50=0.10, EMA200=0.09;[PASS] RSI 30m: RSI=40.56;[FAIL] MACD 30m: MACD_hist=-0.0002;[FAIL] Smart Pullback: price=0.0958 EMA=0.0966 RSI=40.6 BS=0.000;[PASS] ADX: ADX=22.16 [>22], DI+=13.61, DI-=30.28;[FAIL] CCI Momentum: CCI=-139.46;[FAIL] SAR: SAR=0.0951, price=0.0958;[FAIL] Stochastic: K=27.59 D=27.59;[PASS] EMA Rejection: Rejected;[PASS] Resistance Test: Tested;[PASS] Pullback: Detected;[PASS] Double Top/Bottom: Pattern=double_top;[FAIL] Range Filter: EMA diff=0.0037 [>0.005];[PASS] Combined Range Filter: diff=0.0037, ADX=22.16, mode=AND"
OP-USDT,LONG,S3,کرونوس (Cronus),0.11150000,0.10704000,0.00000000,2026-09-07 20:15:49,OPEN,,,,,,10.00,,"[FAIL] Candle Strength 15m: BS15=0.000 [>= 0.6];[FAIL] Candle Strength 5m: BS5=0.000 [>= 0.6];[PASS] EMA Trend 1h: EMA21=0.11, EMA50=0.11;[PASS] EMA Trend 4h: EMA21=0.11, EMA50=0.10, EMA200=0.09;[PASS] RSI 30m: RSI=55.14;[FAIL] MACD 30m: MACD_hist=-0.0000;[FAIL] Smart Pullback: price=0.1115 EMA=0.1105 RSI=55.1 BS=0.000;[PASS] ADX: ADX=24.90 [>22], DI+=25.97, DI-=16.41;[PASS] CCI Momentum: CCI=49.82;[PASS] SAR: SAR=0.1093, price=0.1115;[FAIL] Stochastic: K=57.14 D=57.14;[PASS] EMA Rejection: Rejected;[FAIL] Resistance Test: No test;[PASS] Pullback: Detected;[FAIL] Double Top/Bottom: No pattern;[PASS] Range Filter: EMA diff=0.0062 [>0.005];[PASS] Combined Range Filter: diff=0.0062, ADX=24.90, mode=AND"
OP-USDT,LONG,B1,هایپریون (Hyperion),0.11150000,0.10704000,0.00000000,2026-09-07 20:15:51,OPEN,,,,,,10.00,,"[FAIL] Candle Strength 15m: BS15=0.000 [>= 0.6];[FAIL] Candle Strength 5m: BS5=0.000 [>= 0.6];[PASS] EMA Trend 1h: EMA21=0.11, EMA50=0.11;[PASS] EMA Trend 4h: EMA21=0.11, EMA50=0.10, EMA200=0.09;[PASS] RSI 30m: RSI=55.14;[FAIL] MACD 30m: MACD_hist=-0.0000;[FAIL] Smart Pullback: price=0.1115 EMA=0.1105 RSI=55.1 BS=0.000;[PASS] ADX: ADX=24.90 [>22], DI+=25.97, DI-=16.41;[PASS] CCI Momentum: CCI=49.82;[PASS] SAR: SAR=0.1093, price=0.1115;[FAIL] Stochastic: K=57.14 D=57.14;[PASS] EMA Rejection: Rejected;[FAIL] Resistance Test: No test;[PASS] Pullback: Detected;[FAIL] Double Top/Bottom: No pattern;[PASS] Range Filter: EMA diff=0.0062 [>0.005];[PASS] Combined Range Filter: diff=0.0062, ADX=24.90, mode=OR"
BTC-USDT,SHORT,B2,اطلس (Atlas),79119.40000000,82284.17600000,0.00000000,2026-09-07 20:45:56,OPEN,,,,,,10.00,,"[FAIL] Candle Strength 15m: BS15=0.996 [too high - likely end of move];[FAIL] Candle Strength 5m: BS5=0.996 [too high];[PASS] EMA Trend 1h: EMA21=79447.44, EMA50=79617.41;[FAIL] EMA Trend 4h: EMA21=79528.78, EMA50=79051.30, EMA200=72982.88;[PASS] RSI 30m: RSI=42.41;[PASS] MACD 30m: MACD_hist=-26.5441;[FAIL] Smart Pullback: price=79119.4000 EMA=79289.7898 RSI=42.4 BS=0.996;[PASS] ADX: ADX=31.60 [>22], DI+=17.11, DI-=32.40;[PASS] CCI Momentum: CCI=-68.79;[FAIL] SAR: SAR=78843.3120, price=79119.4000;[FAIL] Stochastic: K=45.44 D=45.44;[FAIL] EMA Rejection: No rejection;[PASS] Resistance Test: Tested;[PASS] Pullback: Detected;[FAIL] Double Top/Bottom: No pattern;[FAIL] Range Filter: EMA diff=0.0029 [>0.005];[FAIL] Combined Range Filter: diff=0.0029, ADX=31.60, mode=OR"
SOL-USDT,SHORT,S3,کرونوس (Cronus),104.06000000,108.22240000,0.00000000,2026-09-07 20:45:58,OPEN,,,,,,10.00,,"[PASS] Candle Strength 15m: BS15=0.778 [>= 0.6];[PASS] Candle Strength 5m: BS5=0.778 [>= 0.6];[FAIL] EMA Trend 1h: EMA21=104.84, EMA50=104.72;[FAIL] EMA Trend 4h: EMA21=104.10, EMA50=102.91, EMA200=91.40;[PASS] RSI 30m: RSI=42.85;[PASS] MACD 30m: MACD_hist=-0.1062;[FAIL] Smart Pullback: price=104.0600 EMA=104.5897 RSI=42.9 BS=0.778;[FAIL] ADX: ADX=17.31 [>22], DI+=18.48, DI-=29.85;[PASS] CCI Momentum: CCI=-88.78;[FAIL] SAR: SAR=103.4442, price=104.0600;[FAIL] Stochastic: K=37.29 D=37.29;[FAIL] EMA Rejection: No rejection;[FAIL] Resistance Test: No test;[PASS] Pullback: Detected;[FAIL] Double Top/Bottom: No pattern;[FAIL] Range Filter: EMA diff=0.0035 [>0.005];[PASS] Combined Range Filter: diff=0.0035, ADX=17.31, mode=AND"
DOGE-USDT,LONG,S3,کرونوس (Cronus),0.09020000,0.08659200,0.00000000,2026-09-07 20:46:00,OPEN,,,,,,10.00,,"[PASS] Candle Strength 15m: BS15=0.714 [>= 0.6];[PASS] Candle Strength 5m: BS5=0.714 [>= 0.6];[PASS] EMA Trend 1h: EMA21=0.09, EMA50=0.09;[PASS] EMA Trend 4h: EMA21=0.09, EMA50=0.09, EMA200=0.08;[PASS] RSI 30m: RSI=51.60;[FAIL] MACD 30m: MACD_hist=-0.0000;[FAIL] Smart Pullback: price=0.0902 EMA=0.0900 RSI=51.6 BS=0.714;[FAIL] ADX: ADX=12.74 [>22], DI+=24.06, DI-=23.90;[PASS] CCI Momentum: CCI=29.31;[PASS] SAR: SAR=0.0894, price=0.0902;[FAIL] Stochastic: K=48.59 D=48.59;[PASS] EMA Rejection: Rejected;[PASS] Resistance Test: Tested;[PASS] Pullback: Detected;[FAIL] Double Top/Bottom: No pattern;[FAIL] Range Filter: EMA diff=0.0010 [>0.005];[FAIL] Combined Range Filter: diff=0.0010, ADX=12.74, mode=AND"
DOGE-USDT,LONG,B1,هایپریون (Hyperion),0.09020000,0.08659200,0.00000000,2026-09-07 20:46:01,OPEN,,,,,,10.00,,"[PASS] Candle Strength 15m: BS15=0.714 [>= 0.6];[PASS] Candle Strength 5m: BS5=0.714 [>= 0.6];[PASS] EMA Trend 1h: EMA21=0.09, EMA50=0.09;[PASS] EMA Trend 4h: EMA21=0.09, EMA50=0.09, EMA200=0.08;[PASS] RSI 30m: RSI=51.60;[FAIL] MACD 30m: MACD_hist=-0.0000;[FAIL] Smart Pullback: price=0.0902 EMA=0.0900 RSI=51.6 BS=0.714;[FAIL] ADX: ADX=12.74 [>22], DI+=24.06, DI-=23.90;[PASS] CCI Momentum: CCI=29.31;[PASS] SAR: SAR=0.0894, price=0.0902;[FAIL] Stochastic: K=48.59 D=48.59;[PASS] EMA Rejection: Rejected;[PASS] Resistance Test: Tested;[PASS] Pullback: Detected;[FAIL] Double Top/Bottom: No pattern;[FAIL] Range Filter: EMA diff=0.0010 [>0.005];[FAIL] Combined Range Filter: diff=0.0010, ADX=12.74, mode=OR"
SUI-USDT,LONG,S3,کرونوس (Cronus),0.81970000,0.78691200,0.00000000,2026-09-07 20:46:04,OPEN,,,,,,10.00,,"[FAIL] Candle Strength 15m: BS15=0.400 [>= 0.6];[FAIL] Candle Strength 5m: BS5=0.400 [>= 0.6];[PASS] EMA Trend 1h: EMA21=0.81, EMA50=0.80;[PASS] EMA Trend 4h: EMA21=0.79, EMA50=0.78, EMA200=0.74;[PASS] RSI 30m: RSI=53.56;[FAIL] MACD 30m: MACD_hist=-0.0012;[FAIL] Smart Pullback: price=0.8197 EMA=0.8150 RSI=53.6 BS=0.400;[FAIL] ADX: ADX=16.88 [>22], DI+=23.51, DI-=20.30;[PASS] CCI Momentum: CCI=18.32;[PASS] SAR: SAR=0.8068, price=0.8197;[FAIL] Stochastic: K=44.02 D=44.02;[PASS] EMA Rejection: Rejected;[FAIL] Resistance Test: No test;[PASS] Pullback: Detected;[FAIL] Double Top/Bottom: No pattern;[PASS] Range Filter: EMA diff=0.0069 [>0.005];[PASS] Combined Range Filter: diff=0.0069, ADX=16.88, mode=AND"
SUI-USDT,LONG,B1,هایپریون (Hyperion),0.81970000,0.78691200,0.00000000,2026-09-07 20:46:06,OPEN,,,,,,10.00,,"[FAIL] Candle Strength 15m: BS15=0.400 [>= 0.6];[FAIL] Candle Strength 5m: BS5=0.400 [>= 0.6];[PASS] EMA Trend 1h: EMA21=0.81, EMA50=0.80;[PASS] EMA Trend 4h: EMA21=0.79, EMA50=0.78, EMA200=0.74;[PASS] RSI 30m: RSI=53.56;[FAIL] MACD 30m: MACD_hist=-0.0012;[FAIL] Smart Pullback: price=0.8197 EMA=0.8150 RSI=53.6 BS=0.400;[FAIL] ADX: ADX=16.88 [>22], DI+=23.51, DI-=20.30;[PASS] CCI Momentum: CCI=18.32;[PASS] SAR: SAR=0.8068, price=0.8197;[FAIL] Stochastic: K=44.02 D=44.02;[PASS] EMA Rejection: Rejected;[FAIL] Resistance Test: No test;[PASS] Pullback: Detected;[FAIL] Double Top/Bottom: No pattern;[PASS] Range Filter: EMA diff=0.0069 [>0.005];[FAIL] Combined Range Filter: diff=0.0069, ADX=16.88, mode=OR"
AVAX-USDT,LONG,S1,پرومتئوس (Prometheus),8.06000000,7.73760000,0.00000000,2026-09-07 20:46:08,OPEN,,,,,,10.00,,"[FAIL] Candle Strength 15m: BS15=0.500 [>= 0.6];[FAIL] Candle Strength 5m: BS5=0.500 [>= 0.6];[PASS] EMA Trend 1h: EMA21=7.92, EMA50=7.78;[PASS] EMA Trend 4h: EMA21=7.70, EMA50=7.53, EMA200=7.07;[PASS] RSI 30m: RSI=64.48;[PASS] MACD 30m: MACD_hist=0.0047;[FAIL] Smart Pullback: price=8.0600 EMA=7.9845 RSI=64.5 BS=0.500;[PASS] ADX: ADX=31.24 [>22], DI+=28.17, DI-=17.32;[PASS] CCI Momentum: CCI=68.04;[PASS] SAR: SAR=8.0549, price=8.0600;[FAIL] Stochastic: K=78.16 D=78.16;[FAIL] EMA Rejection: No rejection;[FAIL] Resistance Test: No test;[PASS] Pullback: Detected;[PASS] Double Top/Bottom: Pattern=double_top;[PASS] Range Filter: EMA diff=0.0126 [>0.005];[PASS] Combined Range Filter: diff=0.0126, ADX=31.24, mode=AND"
ADA-USDT,LONG,S3,کرونوس (Cronus),0.22120000,0.21235200,0.00000000,2026-09-07 21:13:49,OPEN,,,,,,10.00,,"[FAIL] Candle Strength 15m: BS15=0.333 [>= 0.6];[FAIL] Candle Strength 5m: BS5=0.000 [>= 0.6];[PASS] EMA Trend 1h: EMA21=0.22, EMA50=0.22;[PASS] EMA Trend 4h: EMA21=0.22, EMA50=0.21, EMA200=0.20;[PASS] RSI 30m: RSI=52.71;[FAIL] MACD 30m: MACD_hist=0.0001;[FAIL] Smart Pullback: price=0.2212 EMA=0.2203 RSI=52.7 BS=0.333;[FAIL] ADX: ADX=11.28 [>22], DI+=23.16, DI-=21.82;[PASS] CCI Momentum: CCI=50.55;[PASS] SAR: SAR=0.2200, price=0.2212;[FAIL] Stochastic: K=54.76 D=54.76;[PASS] EMA Rejection: Rejected;[FAIL] Resistance Test: No test;[PASS] Pullback: Detected;[FAIL] Double Top/Bottom: No pattern;[FAIL] Range Filter: EMA diff=0.0012 [>0.005];[FAIL] Combined Range Filter: diff=0.0012, ADX=11.28, mode=AND"
ADA-USDT,LONG,B1,هایپریون (Hyperion),0.22120000,0.21235200,0.00000000,2026-09-07 21:13:50,OPEN,,,,,,10.00,,"[FAIL] Candle Strength 15m: BS15=0.333 [>= 0.6];[FAIL] Candle Strength 5m: BS5=0.000 [>= 0.6];[PASS] EMA Trend 1h: EMA21=0.22, EMA50=0.22;[PASS] EMA Trend 4h: EMA21=0.22, EMA50=0.21, EMA200=0.20;[PASS] RSI 30m: RSI=52.71;[FAIL] MACD 30m: MACD_hist=0.0001;[FAIL] Smart Pullback: price=0.2212 EMA=0.2203 RSI=52.7 BS=0.333;[FAIL] ADX: ADX=11.28 [>22], DI+=23.16, DI-=21.82;[PASS] CCI Momentum: CCI=50.55;[PASS] SAR: SAR=0.2200, price=0.2212;[FAIL] Stochastic: K=54.76 D=54.76;[PASS] EMA Rejection: Rejected;[FAIL] Resistance Test: No test;[PASS] Pullback: Detected;[FAIL] Double Top/Bottom: No pattern;[FAIL] Range Filter: EMA diff=0.0012 [>0.005];[FAIL] Combined Range Filter: diff=0.0012, ADX=11.28, mode=OR"
AVAX-USDT,LONG,S3,کرونوس (Cronus),8.13500000,7.80960000,0.00000000,2026-09-07 21:13:53,OPEN,,,,,,10.00,,"[PASS] Candle Strength 15m: BS15=0.786 [>= 0.6];[FAIL] Candle Strength 5m: BS5=0.857 [too high];[PASS] EMA Trend 1h: EMA21=7.92, EMA50=7.78;[PASS] EMA Trend 4h: EMA21=7.71, EMA50=7.53, EMA200=7.07;[FAIL] RSI 30m: RSI=71.38;[PASS] MACD 30m: MACD_hist=0.0069;[FAIL] Smart Pullback: price=8.1350 EMA=7.9990 RSI=71.4 BS=0.786;[PASS] ADX: ADX=31.56 [>22], DI+=33.19, DI-=15.71;[PASS] CCI Momentum: CCI=95.42;[PASS] SAR: SAR=8.0528, price=8.1350;[FAIL] Stochastic: K=97.44 D=97.44;[FAIL] EMA Rejection: No rejection;[FAIL] Resistance Test: No test;[PASS] Pullback: Detected;[PASS] Double Top/Bottom: Pattern=double_bottom;[PASS] Range Filter: EMA diff=0.0130 [>0.005];[PASS] Combined Range Filter: diff=0.0130, ADX=31.56, mode=AND"
AVAX-USDT,LONG,B1,هایپریون (Hyperion),8.13500000,7.80960000,0.00000000,2026-09-07 21:13:54,OPEN,,,,,,10.00,,"[PASS] Candle Strength 15m: BS15=0.786 [>= 0.6];[FAIL] Candle Strength 5m: BS5=0.857 [too high];[PASS] EMA Trend 1h: EMA21=7.92, EMA50=7.78;[PASS] EMA Trend 4h: EMA21=7.71, EMA50=7.53, EMA200=7.07;[FAIL] RSI 30m: RSI=71.38;[PASS] MACD 30m: MACD_hist=0.0069;[FAIL] Smart Pullback: price=8.1350 EMA=7.9990 RSI=71.4 BS=0.786;[PASS] ADX: ADX=31.56 [>22], DI+=33.19, DI-=15.71;[PASS] CCI Momentum: CCI=95.42;[PASS] SAR: SAR=8.0528, price=8.1350;[FAIL] Stochastic: K=97.44 D=97.44;[FAIL] EMA Rejection: No rejection;[FAIL] Resistance Test: No test;[PASS] Pullback: Detected;[PASS] Double Top/Bottom: Pattern=double_bottom;[PASS] Range Filter: EMA diff=0.0130 [>0.005];[PASS] Combined Range Filter: diff=0.0130, ADX=31.56, mode=OR"
ATOM-USDT,LONG,B1,هایپریون (Hyperion),1.65970000,1.59331200,0.00000000,2026-09-07 21:13:55,OPEN,,,,,,10.00,,"[FAIL] Candle Strength 15m: BS15=0.214 [>= 0.6];[FAIL] Candle Strength 5m: BS5=0.000 [>= 0.6];[PASS] EMA Trend 1h: EMA21=1.63, EMA50=1.60;[PASS] EMA Trend 4h: EMA21=1.58, EMA50=1.54, EMA200=1.47;[PASS] RSI 30m: RSI=58.96;[FAIL] MACD 30m: MACD_hist=-0.0005;[FAIL] Smart Pullback: price=1.6597 EMA=1.6420 RSI=59.0 BS=0.214;[PASS] ADX: ADX=34.89 [>22], DI+=32.81, DI-=16.62;[PASS] CCI Momentum: CCI=61.82;[PASS] SAR: SAR=1.6473, price=1.6597;[FAIL] Stochastic: K=59.55 D=59.55;[PASS] EMA Rejection: Rejected;[FAIL] Resistance Test: No test;[PASS] Pullback: Detected;[FAIL] Double Top/Bottom: No pattern;[PASS] Range Filter: EMA diff=0.0136 [>0.005];[PASS] Combined Range Filter: diff=0.0136, ADX=34.89, mode=OR"
FIL-USDT,LONG,S1,پرومتئوس (Prometheus),0.86380000,0.82924800,0.00000000,2026-09-07 21:13:57,OPEN,,,,,,10.00,,"[FAIL] Candle Strength 15m: BS15=0.598 [>= 0.6];[FAIL] Candle Strength 5m: BS5=0.829 [too high];[PASS] EMA Trend 1h: EMA21=0.83, EMA50=0.81;[PASS] EMA Trend 4h: EMA21=0.80, EMA50=0.77, EMA200=0.73;[PASS] RSI 30m: RSI=63.85;[FAIL] MACD 30m: MACD_hist=0.0011;[FAIL] Smart Pullback: price=0.8638 EMA=0.8455 RSI=63.9 BS=0.598;[PASS] ADX: ADX=41.78 [>22], DI+=29.11, DI-=11.41;[PASS] CCI Momentum: CCI=73.28;[PASS] SAR: SAR=0.8632, price=0.8638;[FAIL] Stochastic: K=73.49 D=73.49;[FAIL] EMA Rejection: No rejection;[FAIL] Resistance Test: No test;[PASS] Pullback: Detected;[PASS] Double Top/Bottom: Pattern=double_top;[PASS] Range Filter: EMA diff=0.0211 [>0.005];[PASS] Combined Range Filter: diff=0.0211, ADX=41.78, mode=AND"
INJ-USDT,LONG,S1,پرومتئوس (Prometheus),5.73700000,5.50752000,0.00000000,2026-09-07 21:13:59,OPEN,,,,,,10.00,,"[FAIL] Candle Strength 15m: BS15=0.347 [>= 0.6];[FAIL] Candle Strength 5m: BS5=1.000 [too high];[PASS] EMA Trend 1h: EMA21=5.55, EMA50=5.34;[PASS] EMA Trend 4h: EMA21=5.24, EMA50=5.11, EMA200=4.91;[PASS] RSI 30m: RSI=58.11;[FAIL] MACD 30m: MACD_hist=-0.0112;[FAIL] Smart Pullback: price=5.7370 EMA=5.6644 RSI=58.1 BS=0.347;[PASS] ADX: ADX=39.60 [>22], DI+=21.40, DI-=13.14;[PASS] CCI Momentum: CCI=77.27;[PASS] SAR: SAR=5.6210, price=5.7370;[FAIL] Stochastic: K=72.46 D=72.46;[PASS] EMA Rejection: Rejected;[FAIL] Resistance Test: No test;[PASS] Pullback: Detected;[FAIL] Double Top/Bottom: No pattern;[PASS] Range Filter: EMA diff=0.0254 [>0.005];[PASS] Combined Range Filter: diff=0.0254, ADX=39.60, mode=AND"
INJ-USDT,LONG,S3,کرونوس (Cronus),5.73700000,5.50752000,0.00000000,2026-09-07 21:14:01,OPEN,,,,,,10.00,,"[FAIL] Candle Strength 15m: BS15=0.347 [>= 0.6];[FAIL] Candle Strength 5m: BS5=1.000 [too high];[PASS] EMA Trend 1h: EMA21=5.55, EMA50=5.34;[PASS] EMA Trend 4h: EMA21=5.24, EMA50=5.11, EMA200=4.91;[PASS] RSI 30m: RSI=58.11;[FAIL] MACD 30m: MACD_hist=-0.0112;[FAIL] Smart Pullback: price=5.7370 EMA=5.6644 RSI=58.1 BS=0.347;[PASS] ADX: ADX=39.60 [>22], DI+=21.40, DI-=13.14;[PASS] CCI Momentum: CCI=77.27;[PASS] SAR: SAR=5.6210, price=5.7370;[FAIL] Stochastic: K=72.46 D=72.46;[PASS] EMA Rejection: Rejected;[FAIL] Resistance Test: No test;[PASS] Pullback: Detected;[FAIL] Double Top/Bottom: No pattern;[PASS] Range Filter: EMA diff=0.0254 [>0.005];[PASS] Combined Range Filter: diff=0.0254, ADX=39.60, mode=AND"
INJ-USDT,LONG,B1,هایپریون (Hyperion),5.73700000,5.50752000,0.00000000,2026-09-07 21:14:02,OPEN,,,,,,10.00,,"[FAIL] Candle Strength 15m: BS15=0.347 [>= 0.6];[FAIL] Candle Strength 5m: BS5=1.000 [too high];[PASS] EMA Trend 1h: EMA21=5.55, EMA50=5.34;[PASS] EMA Trend 4h: EMA21=5.24, EMA50=5.11, EMA200=4.91;[PASS] RSI 30m: RSI=58.11;[FAIL] MACD 30m: MACD_hist=-0.0112;[FAIL] Smart Pullback: price=5.7370 EMA=5.6644 RSI=58.1 BS=0.347;[PASS] ADX: ADX=39.60 [>22], DI+=21.40, DI-=13.14;[PASS] CCI Momentum: CCI=77.27;[PASS] SAR: SAR=5.6210, price=5.7370;[FAIL] Stochastic: K=72.46 D=72.46;[PASS] EMA Rejection: Rejected;[FAIL] Resistance Test: No test;[PASS] Pullback: Detected;[FAIL] Double Top/Bottom: No pattern;[PASS] Range Filter: EMA diff=0.0254 [>0.005];[PASS] Combined Range Filter: diff=0.0254, ADX=39.60, mode=OR"
SEI-USDT,LONG,B1,هایپریون (Hyperion),0.04935000,0.04737600,0.00000000,2026-09-07 21:14:04,OPEN,,,,,,10.00,,"[FAIL] Candle Strength 15m: BS15=0.281 [>= 0.6];[FAIL] Candle Strength 5m: BS5=0.348 [>= 0.6];[PASS] EMA Trend 1h: EMA21=0.05, EMA50=0.05;[PASS] EMA Trend 4h: EMA21=0.05, EMA50=0.05, EMA200=0.04;[PASS] RSI 30m: RSI=52.52;[FAIL] MACD 30m: MACD_hist=-0.0000;[FAIL] Smart Pullback: price=0.0493 EMA=0.0492 RSI=52.5 BS=0.281;[FAIL] ADX: ADX=17.10 [>22], DI+=22.47, DI-=17.28;[PASS] CCI Momentum: CCI=27.81;[PASS] SAR: SAR=0.0492, price=0.0493;[FAIL] Stochastic: K=35.12 D=35.12;[PASS] EMA Rejection: Rejected;[FAIL] Resistance Test: No test;[PASS] Pullback: Detected;[FAIL] Double Top/Bottom: No pattern;[FAIL] Range Filter: EMA diff=0.0046 [>0.005];[FAIL] Combined Range Filter: diff=0.0046, ADX=17.10, mode=OR"
POL-USDT,SHORT,B2,اطلس (Atlas),0.09580000,0.09963200,0.00000000,2026-09-07 21:14:05,OPEN,,,,,,10.00,,"[PASS] Candle Strength 15m: BS15=0.500 [>= 0.48];[FAIL] Candle Strength 5m: BS5=0.000 [>= 0.48];[FAIL] EMA Trend 1h: EMA21=0.10, EMA50=0.10;[FAIL] EMA Trend 4h: EMA21=0.10, EMA50=0.10, EMA200=0.09;[PASS] RSI 30m: RSI=41.05;[FAIL] MACD 30m: MACD_hist=-0.0001;[FAIL] Smart Pullback: price=0.0958 EMA=0.0965 RSI=41.1 BS=0.500;[PASS] ADX: ADX=22.18 [>22], DI+=17.19, DI-=30.44;[PASS] CCI Momentum: CCI=-94.15;[PASS] SAR: SAR=0.0959, price=0.0958;[FAIL] Stochastic: K=27.59 D=27.59;[FAIL] EMA Rejection: No rejection;[PASS] Resistance Test: Tested;[PASS] Pullback: Detected;[FAIL] Double Top/Bottom: No pattern;[FAIL] Range Filter: EMA diff=0.0041 [>0.005];[PASS] Combined Range Filter: diff=0.0041, ADX=22.18, mode=OR"
OP-USDT,LONG,S3,کرونوس (Cronus),0.11060000,0.10617600,0.00000000,2026-09-07 21:14:23,OPEN,,,,,,10.00,,"[FAIL] Candle Strength 15m: BS15=0.889 [too high - likely end of move];[PASS] Candle Strength 5m: BS5=0.750 [>= 0.6];[PASS] EMA Trend 1h: EMA21=0.11, EMA50=0.11;[PASS] EMA Trend 4h: EMA21=0.11, EMA50=0.10, EMA200=0.09;[PASS] RSI 30m: RSI=51.12;[FAIL] MACD 30m: MACD_hist=-0.0000;[FAIL] Smart Pullback: price=0.1106 EMA=0.1105 RSI=51.1 BS=0.889;[PASS] ADX: ADX=24.78 [>22], DI+=26.57, DI-=17.69;[PASS] CCI Momentum: CCI=26.57;[FAIL] SAR: SAR=0.1111, price=0.1106;[FAIL] Stochastic: K=38.78 D=38.78;[PASS] EMA Rejection: Rejected;[FAIL] Resistance Test: No test;[PASS] Pullback: Detected;[FAIL] Double Top/Bottom: No pattern;[PASS] Range Filter: EMA diff=0.0060 [>0.005];[PASS] Combined Range Filter: diff=0.0060, ADX=24.78, mode=AND"
OP-USDT,LONG,B1,هایپریون (Hyperion),0.11060000,0.10617600,0.00000000,2026-09-07 21:14:37,OPEN,,,,,,10.00,,"[FAIL] Candle Strength 15m: BS15=0.889 [too high - likely end of move];[PASS] Candle Strength 5m: BS5=0.750 [>= 0.6];[PASS] EMA Trend 1h: EMA21=0.11, EMA50=0.11;[PASS] EMA Trend 4h: EMA21=0.11, EMA50=0.10, EMA200=0.09;[PASS] RSI 30m: RSI=51.12;[FAIL] MACD 30m: MACD_hist=-0.0000;[FAIL] Smart Pullback: price=0.1106 EMA=0.1105 RSI=51.1 BS=0.889;[PASS] ADX: ADX=24.78 [>22], DI+=26.57, DI-=17.69;[PASS] CCI Momentum: CCI=26.57;[FAIL] SAR: SAR=0.1111, price=0.1106;[FAIL] Stochastic: K=38.78 D=38.78;[PASS] EMA Rejection: Rejected;[FAIL] Resistance Test: No test;[PASS] Pullback: Detected;[FAIL] Double Top/Bottom: No pattern;[PASS] Range Filter: EMA diff=0.0060 [>0.005];[PASS] Combined Range Filter: diff=0.0060, ADX=24.78, mode=OR"
SHIB-USDT,LONG,B1,هایپریون (Hyperion),0.00000549,0.00000527,0.00000000,2026-09-07 21:14:38,OPEN,,,,,,10.00,,"[FAIL] Candle Strength 15m: BS15=0.002 [>= 0.6];[FAIL] Candle Strength 5m: BS5=0.005 [>= 0.6];[PASS] EMA Trend 1h: EMA21=0.00, EMA50=0.00;[PASS] EMA Trend 4h: EMA21=0.00, EMA50=0.00, EMA200=0.00;[PASS] RSI 30m: RSI=51.12;[FAIL] MACD 30m: MACD_hist=-0.0000;[FAIL] Smart Pullback: price=0.0000 EMA=0.0000 RSI=51.1 BS=0.095;[FAIL] ADX: ADX=12.18 [>22], DI+=23.84, DI-=22.77;[PASS] CCI Momentum: CCI=15.50;[PASS] SAR: SAR=0.0000, price=0.0000;[FAIL] Stochastic: K=52.97 D=52.97;[PASS] EMA Rejection: Rejected;[FAIL] Resistance Test: No test;[PASS] Pullback: Detected;[PASS] Double Top/Bottom: Pattern=double_top;[FAIL] Range Filter: EMA diff=0.0009 [>0.005];[FAIL] Combined Range Filter: diff=0.0009, ADX=12.18, mode=OR"
SUI-USDT,LONG,S3,کرونوس (Cronus),0.82320000,0.79027200,0.00000000,2026-09-07 21:50:30,OPEN,,,,,,10.00,,"[PASS] Candle Strength 15m: BS15=0.636 [>= 0.6];[FAIL] Candle Strength 5m: BS5=0.333 [>= 0.6];[PASS] EMA Trend 1h: EMA21=0.81, EMA50=0.80;[PASS] EMA Trend 4h: EMA21=0.79, EMA50=0.78, EMA200=0.74;[PASS] RSI 30m: RSI=55.45;[FAIL] MACD 30m: MACD_hist=-0.0005;[FAIL] Smart Pullback: price=0.8232 EMA=0.8162 RSI=55.5 BS=0.636;[FAIL] ADX: ADX=16.35 [>22], DI+=24.55, DI-=18.57;[PASS] CCI Momentum: CCI=40.05;[PASS] SAR: SAR=0.8163, price=0.8232;[FAIL] Stochastic: K=51.92 D=51.92;[PASS] EMA Rejection: Rejected;[FAIL] Resistance Test: No test;[PASS] Pullback: Detected;[FAIL] Double Top/Bottom: No pattern;[PASS] Range Filter: EMA diff=0.0072 [>0.005];[PASS] Combined Range Filter: diff=0.0072, ADX=16.35, mode=AND"
SUI-USDT,LONG,B1,هایپریون (Hyperion),0.82320000,0.79027200,0.00000000,2026-09-07 21:50:31,OPEN,,,,,,10.00,,"[PASS] Candle Strength 15m: BS15=0.636 [>= 0.6];[FAIL] Candle Strength 5m: BS5=0.333 [>= 0.6];[PASS] EMA Trend 1h: EMA21=0.81, EMA50=0.80;[PASS] EMA Trend 4h: EMA21=0.79, EMA50=0.78, EMA200=0.74;[PASS] RSI 30m: RSI=55.45;[FAIL] MACD 30m: MACD_hist=-0.0005;[FAIL] Smart Pullback: price=0.8232 EMA=0.8162 RSI=55.5 BS=0.636;[FAIL] ADX: ADX=16.35 [>22], DI+=24.55, DI-=18.57;[PASS] CCI Momentum: CCI=40.05;[PASS] SAR: SAR=0.8163, price=0.8232;[FAIL] Stochastic: K=51.92 D=51.92;[PASS] EMA Rejection: Rejected;[FAIL] Resistance Test: No test;[PASS] Pullback: Detected;[FAIL] Double Top/Bottom: No pattern;[PASS] Range Filter: EMA diff=0.0072 [>0.005];[FAIL] Combined Range Filter: diff=0.0072, ADX=16.35, mode=OR"
NEAR-USDT,SHORT,S3,کرونوس (Cronus),2.30510000,2.39730400,0.00000000,2026-09-07 21:50:33,OPEN,,,,,,10.00,,"[FAIL] Candle Strength 15m: BS15=0.387 [>= 0.6];[FAIL] Candle Strength 5m: BS5=0.500 [>= 0.6];[FAIL] EMA Trend 1h: EMA21=2.35, EMA50=2.32;[FAIL] EMA Trend 4h: EMA21=2.25, EMA50=2.11, EMA200=1.87;[PASS] RSI 30m: RSI=40.16;[PASS] MACD 30m: MACD_hist=-0.0036;[FAIL] Smart Pullback: price=2.3051 EMA=2.3436 RSI=40.2 BS=0.387;[PASS] ADX: ADX=24.18 [>22], DI+=15.16, DI-=25.75;[FAIL] CCI Momentum: CCI=-115.63;[PASS] SAR: SAR=2.3140, price=2.3051;[FAIL] Stochastic: K=16.71 D=16.71;[FAIL] EMA Rejection: No rejection;[FAIL] Resistance Test: No test;[PASS] Pullback: Detected;[PASS] Double Top/Bottom: Pattern=double_bottom;[FAIL] Range Filter: EMA diff=0.0047 [>0.005];[PASS] Combined Range Filter: diff=0.0047, ADX=24.18, mode=AND"
AVAX-USDT,LONG,S1,پرومتئوس (Prometheus),8.08500000,7.76160000,0.00000000,2026-09-07 21:50:35,OPEN,,,,,,10.00,,"[FAIL] Candle Strength 15m: BS15=0.333 [>= 0.6];[FAIL] Candle Strength 5m: BS5=0.000 [>= 0.6];[PASS] EMA Trend 1h: EMA21=7.94, EMA50=7.80;[PASS] EMA Trend 4h: EMA21=7.70, EMA50=7.53, EMA200=7.07;[PASS] RSI 30m: RSI=64.32;[PASS] MACD 30m: MACD_hist=0.0031;[FAIL] Smart Pullback: price=8.0850 EMA=8.0054 RSI=64.3 BS=0.333;[PASS] ADX: ADX=32.82 [>22], DI+=34.63, DI-=13.89;[PASS] CCI Momentum: CCI=78.68;[PASS] SAR: SAR=8.0593, price=8.0850;[FAIL] Stochastic: K=69.21 D=69.21;[FAIL] EMA Rejection: No rejection;[FAIL] Resistance Test: No test;[PASS] Pullback: Detected;[PASS] Double Top/Bottom: Pattern=double_top;[PASS] Range Filter: EMA diff=0.0130 [>0.005];[PASS] Combined Range Filter: diff=0.0130, ADX=32.82, mode=AND"
INJ-USDT,LONG,S3,کرونوس (Cronus),5.93800000,5.70048000,0.00000000,2026-09-07 21:50:38,OPEN,,,,,,10.00,,"[FAIL] Candle Strength 15m: BS15=0.846 [too high - likely end of move];[FAIL] Candle Strength 5m: BS5=0.857 [too high];[PASS] EMA Trend 1h: EMA21=5.59, EMA50=5.36;[PASS] EMA Trend 4h: EMA21=5.26, EMA50=5.12, EMA200=4.91;[FAIL] RSI 30m: RSI=70.04;[PASS] MACD 30m: MACD_hist=0.0050;[FAIL] Smart Pullback: price=5.9380 EMA=5.6948 RSI=70.0 BS=0.846;[PASS] ADX: ADX=40.10 [>22], DI+=29.87, DI-=11.53;[FAIL] CCI Momentum: CCI=247.17;[PASS] SAR: SAR=5.6754, price=5.9380;[FAIL] Stochastic: K=100.00 D=100.00;[PASS] EMA Rejection: Rejected;[FAIL] Resistance Test: No test;[PASS] Pullback: Detected;[FAIL] Double Top/Bottom: No pattern;[PASS] Range Filter: EMA diff=0.0265 [>0.005];[PASS] Combined Range Filter: diff=0.0265, ADX=40.10, mode=AND"
INJ-USDT,LONG,B1,هایپریون (Hyperion),5.93800000,5.70048000,0.00000000,2026-09-07 21:50:39,OPEN,,,,,,10.00,,"[FAIL] Candle Strength 15m: BS15=0.846 [too high - likely end of move];[FAIL] Candle Strength 5m: BS5=0.857 [too high];[PASS] EMA Trend 1h: EMA21=5.59, EMA50=5.36;[PASS] EMA Trend 4h: EMA21=5.26, EMA50=5.12, EMA200=4.91;[FAIL] RSI 30m: RSI=70.04;[PASS] MACD 30m: MACD_hist=0.0050;[FAIL] Smart Pullback: price=5.9380 EMA=5.6948 RSI=70.0 BS=0.846;[PASS] ADX: ADX=40.10 [>22], DI+=29.87, DI-=11.53;[FAIL] CCI Momentum: CCI=247.17;[PASS] SAR: SAR=5.6754, price=5.9380;[FAIL] Stochastic: K=100.00 D=100.00;[PASS] EMA Rejection: Rejected;[FAIL] Resistance Test: No test;[PASS] Pullback: Detected;[FAIL] Double Top/Bottom: No pattern;[PASS] Range Filter: EMA diff=0.0265 [>0.005];[PASS] Combined Range Filter: diff=0.0265, ADX=40.10, mode=OR"
BTC-USDT,SHORT,S2,ایاپتوس (Iapetus),79146.60000000,82312.46400000,0.00000000,2026-09-07 22:17:00,OPEN,,,,,,10.00,,"[PASS] Candle Strength 15m: BS15=0.750 [>= 0.6];[PASS] Candle Strength 5m: BS5=0.750 [>= 0.6];[PASS] EMA Trend 1h: EMA21=79425.21, EMA50=79601.28;[FAIL] EMA Trend 4h: EMA21=79531.26, EMA50=79052.37, EMA200=72983.15;[PASS] RSI 30m: RSI=43.71;[FAIL] MACD 30m: MACD_hist=9.6589;[FAIL] Smart Pullback: price=79146.6000 EMA=79256.2017 RSI=43.7 BS=0.750;[PASS] ADX: ADX=30.33 [>22], DI+=17.81, DI-=30.88;[PASS] CCI Momentum: CCI=-41.27;[FAIL] SAR: SAR=79133.3980, price=79146.6000;[FAIL] Stochastic: K=48.34 D=48.34;[FAIL] EMA Rejection: No rejection;[FAIL] Resistance Test: No test;[PASS] Pullback: Detected;[PASS] Double Top/Bottom: Pattern=double_top;[FAIL] Range Filter: EMA diff=0.0028 [>0.005];[PASS] Combined Range Filter: diff=0.0028, ADX=30.33, mode=AND"
BNB-USDT,SHORT,B2,اطلس (Atlas),739.29900000,768.87096000,0.00000000,2026-09-07 22:17:01,OPEN,,,,,,10.00,,"[PASS] Candle Strength 15m: BS15=0.636 [>= 0.48];[PASS] Candle Strength 5m: BS5=0.636 [>= 0.48];[PASS] EMA Trend 1h: EMA21=744.60, EMA50=746.03;[FAIL] EMA Trend 4h: EMA21=740.49, EMA50=724.19, EMA200=664.76;[PASS] RSI 30m: RSI=40.28;[PASS] MACD 30m: MACD_hist=-0.1429;[FAIL] Smart Pullback: price=739.2990 EMA=742.1503 RSI=40.3 BS=0.636;[PASS] ADX: ADX=22.09 [>22], DI+=17.01, DI-=31.39;[PASS] CCI Momentum: CCI=-81.85;[FAIL] SAR: SAR=739.0194, price=739.2990;[FAIL] Stochastic: K=41.23 D=41.23;[FAIL] EMA Rejection: No rejection;[FAIL] Resistance Test: No test;[PASS] Pullback: Detected;[PASS] Double Top/Bottom: Pattern=double_top;[FAIL] Range Filter: EMA diff=0.0045 [>0.005];[PASS] Combined Range Filter: diff=0.0045, ADX=22.09, mode=OR"
NEAR-USDT,SHORT,S3,کرونوس (Cronus),2.29990000,2.39189600,0.00000000,2026-09-07 22:17:05,OPEN,,,,,,10.00,,"[PASS] Candle Strength 15m: BS15=0.714 [>= 0.6];[PASS] Candle Strength 5m: BS5=0.714 [>= 0.6];[FAIL] EMA Trend 1h: EMA21=2.35, EMA50=2.32;[FAIL] EMA Trend 4h: EMA21=2.25, EMA50=2.11, EMA200=1.87;[PASS] RSI 30m: RSI=39.29;[PASS] MACD 30m: MACD_hist=-0.0039;[FAIL] Smart Pullback: price=2.2999 EMA=2.3394 RSI=39.3 BS=0.714;[PASS] ADX: ADX=24.67 [>22], DI+=14.63, DI-=26.40;[FAIL] CCI Momentum: CCI=-128.54;[FAIL] SAR: SAR=2.2957, price=2.2999;[FAIL] Stochastic: K=12.39 D=12.39;[FAIL] EMA Rejection: No rejection;[FAIL] Resistance Test: No test;[PASS] Pullback: Detected;[PASS] Double Top/Bottom: Pattern=double_top;[PASS] Range Filter: EMA diff=0.0055 [>0.005];[PASS] Combined Range Filter: diff=0.0055, ADX=24.67, mode=AND"
FIL-USDT,LONG,S3,کرونوس (Cronus),0.83400000,0.80064000,0.00000000,2026-09-07 22:17:08,OPEN,,,,,,10.00,,"[FAIL] Candle Strength 15m: BS15=0.200 [>= 0.6];[FAIL] Candle Strength 5m: BS5=0.200 [>= 0.6];[PASS] EMA Trend 1h: EMA21=0.83, EMA50=0.81;[PASS] EMA Trend 4h: EMA21=0.80, EMA50=0.77, EMA200=0.73;[FAIL] RSI 30m: RSI=47.00;[FAIL] MACD 30m: MACD_hist=-0.0025;[FAIL] Smart Pullback: price=0.8340 EMA=0.8440 RSI=47.0 BS=0.200;[PASS] ADX: ADX=36.93 [>22], DI+=24.55, DI-=23.81;[FAIL] CCI Momentum: CCI=-31.46;[FAIL] SAR: SAR=0.8422, price=0.8340;[FAIL] Stochastic: K=20.74 D=20.74;[PASS] EMA Rejection: Rejected;[FAIL] Resistance Test: No test;[FAIL] Pullback: No pullback;[FAIL] Double Top/Bottom: No pattern;[PASS] Range Filter: EMA diff=0.0191 [>0.005];[PASS] Combined Range Filter: diff=0.0191, ADX=36.93, mode=AND"
FIL-USDT,LONG,B1,هایپریون (Hyperion),0.83400000,0.80064000,0.00000000,2026-09-07 22:17:10,OPEN,,,,,,10.00,,"[FAIL] Candle Strength 15m: BS15=0.200 [>= 0.6];[FAIL] Candle Strength 5m: BS5=0.200 [>= 0.6];[PASS] EMA Trend 1h: EMA21=0.83, EMA50=0.81;[PASS] EMA Trend 4h: EMA21=0.80, EMA50=0.77, EMA200=0.73;[FAIL] RSI 30m: RSI=47.00;[FAIL] MACD 30m: MACD_hist=-0.0025;[FAIL] Smart Pullback: price=0.8340 EMA=0.8440 RSI=47.0 BS=0.200;[PASS] ADX: ADX=36.93 [>22], DI+=24.55, DI-=23.81;[FAIL] CCI Momentum: CCI=-31.46;[FAIL] SAR: SAR=0.8422, price=0.8340;[FAIL] Stochastic: K=20.74 D=20.74;[PASS] EMA Rejection: Rejected;[FAIL] Resistance Test: No test;[FAIL] Pullback: No pullback;[FAIL] Double Top/Bottom: No pattern;[PASS] Range Filter: EMA diff=0.0191 [>0.005];[PASS] Combined Range Filter: diff=0.0191, ADX=36.93, mode=OR"
INJ-USDT,LONG,S3,کرونوس (Cronus),5.97000000,5.73120000,0.00000000,2026-09-07 22:17:12,OPEN,,,,,,10.00,,"[FAIL] Candle Strength 15m: BS15=1.000 [too high - likely end of move];[FAIL] Candle Strength 5m: BS5=1.000 [too high];[PASS] EMA Trend 1h: EMA21=5.59, EMA50=5.36;[PASS] EMA Trend 4h: EMA21=5.26, EMA50=5.12, EMA200=4.91;[FAIL] RSI 30m: RSI=71.41;[PASS] MACD 30m: MACD_hist=0.0129;[FAIL] Smart Pullback: price=5.9700 EMA=5.7182 RSI=71.4 BS=1.000;[PASS] ADX: ADX=40.70 [>22], DI+=30.40, DI-=10.71;[FAIL] CCI Momentum: CCI=261.77;[PASS] SAR: SAR=5.7986, price=5.9700;[FAIL] Stochastic: K=99.22 D=99.22;[PASS] EMA Rejection: Rejected;[FAIL] Resistance Test: No test;[PASS] Pullback: Detected;[FAIL] Double Top/Bottom: No pattern;[PASS] Range Filter: EMA diff=0.0275 [>0.005];[PASS] Combined Range Filter: diff=0.0275, ADX=40.70, mode=AND"
INJ-USDT,LONG,B1,هایپریون (Hyperion),5.97000000,5.73120000,0.00000000,2026-09-07 22:17:14,OPEN,,,,,,10.00,,"[FAIL] Candle Strength 15m: BS15=1.000 [too high - likely end of move];[FAIL] Candle Strength 5m: BS5=1.000 [too high];[PASS] EMA Trend 1h: EMA21=5.59, EMA50=5.36;[PASS] EMA Trend 4h: EMA21=5.26, EMA50=5.12, EMA200=4.91;[FAIL] RSI 30m: RSI=71.41;[PASS] MACD 30m: MACD_hist=0.0129;[FAIL] Smart Pullback: price=5.9700 EMA=5.7182 RSI=71.4 BS=1.000;[PASS] ADX: ADX=40.70 [>22], DI+=30.40, DI-=10.71;[FAIL] CCI Momentum: CCI=261.77;[PASS] SAR: SAR=5.7986, price=5.9700;[FAIL] Stochastic: K=99.22 D=99.22;[PASS] EMA Rejection: Rejected;[FAIL] Resistance Test: No test;[PASS] Pullback: Detected;[FAIL] Double Top/Bottom: No pattern;[PASS] Range Filter: EMA diff=0.0275 [>0.005];[PASS] Combined Range Filter: diff=0.0275, ADX=40.70, mode=OR"
